date,IncidentCount,Incidents
2016-10-31,7,NA
2016-11-01,128,NA
2016-11-02,112,NA
2016-11-03,119,NA
2016-11-04,132,NA
2016-11-05,112,NA
2016-11-06,97,101
2016-11-07,106,115.14285714285714
2016-11-08,111,112.71428571428571
2016-11-09,117,113.42857142857143
2016-11-10,100,110.71428571428571
2016-11-11,146,112.71428571428571
2016-11-12,149,118
2016-11-13,115,120.57142857142857
2016-11-14,123,123
2016-11-15,126,125.14285714285714
2016-11-16,145,129.14285714285714
2016-11-17,116,131.42857142857142
2016-11-18,110,126.28571428571429
2016-11-19,92,118.14285714285714
2016-11-20,87,114.14285714285714
2016-11-21,118,113.42857142857143
2016-11-22,97,109.28571428571429
2016-11-23,112,104.57142857142857
2016-11-24,93,101.28571428571429
2016-11-25,114,101.85714285714286
2016-11-26,140,108.71428571428571
2016-11-27,104,111.14285714285714
2016-11-28,88,106.85714285714286
2016-11-29,111,108.85714285714286
2016-11-30,116,109.42857142857143
2016-12-01,129,114.57142857142857
2016-12-02,179,123.85714285714286
2016-12-03,138,123.57142857142857
2016-12-04,80,120.14285714285714
2016-12-05,109,123.14285714285714
2016-12-06,89,120
2016-12-07,95,117
2016-12-08,104,113.42857142857143
2016-12-09,102,102.42857142857143
2016-12-10,72,93
2016-12-11,54,89.28571428571429
2016-12-12,103,88.42857142857143
2016-12-13,87,88.14285714285714
2016-12-14,107,89.85714285714286
2016-12-15,71,85.14285714285714
2016-12-16,90,83.42857142857143
2016-12-17,103,87.85714285714286
2016-12-18,66,89.57142857142857
2016-12-19,99,89
2016-12-20,118,93.42857142857143
2016-12-21,134,97.28571428571429
2016-12-22,122,104.57142857142857
2016-12-23,135,111
2016-12-24,98,110.28571428571429
2016-12-25,58,109.14285714285714
2016-12-26,96,108.71428571428571
2016-12-27,130,110.42857142857143
2016-12-28,162,114.42857142857143
2016-12-29,114,113.28571428571429
2016-12-30,196,122
2016-12-31,139,127.85714285714286
2017-01-01,89,132.28571428571428
2017-01-02,93,131.85714285714286
2017-01-03,101,127.71428571428571
2017-01-04,117,121.28571428571429
2017-01-05,117,121.71428571428571
2017-01-06,124,111.42857142857143
2017-01-07,127,109.71428571428571
2017-01-08,104,111.85714285714286
2017-01-09,101,113
2017-01-10,120,115.71428571428571
2017-01-11,135,118.28571428571429
2017-01-12,138,121.28571428571429
2017-01-13,209,133.42857142857142
2017-01-14,134,134.42857142857142
2017-01-15,95,133.14285714285714
2017-01-16,83,130.57142857142858
2017-01-17,141,133.57142857142858
2017-01-18,141,134.42857142857142
2017-01-19,148,135.85714285714286
2017-01-20,148,127.14285714285714
2017-01-21,150,129.42857142857142
2017-01-22,122,133.28571428571428
2017-01-23,134,140.57142857142858
2017-01-24,162,143.57142857142858
2017-01-25,159,146.14285714285714
2017-01-26,130,143.57142857142858
2017-01-27,226,154.71428571428572
2017-01-28,181,159.14285714285714
2017-01-29,104,156.57142857142858
2017-01-30,108,152.85714285714286
2017-01-31,153,151.57142857142858
2017-02-01,156,151.14285714285714
2017-02-02,129,151
2017-02-03,188,145.57142857142858
2017-02-04,163,143
2017-02-05,92,141.28571428571428
2017-02-06,162,149
2017-02-07,165,150.71428571428572
2017-02-08,146,149.28571428571428
2017-02-09,152,152.57142857142858
2017-02-10,220,157.14285714285714
2017-02-11,191,161.14285714285714
2017-02-12,173,172.71428571428572
2017-02-13,190,176.71428571428572
2017-02-14,172,177.71428571428572
2017-02-15,174,181.71428571428572
2017-02-16,199,188.42857142857142
2017-02-17,237,190.85714285714286
2017-02-18,170,187.85714285714286
2017-02-19,141,183.28571428571428
2017-02-20,146,177
2017-02-21,174,177.28571428571428
2017-02-22,189,179.42857142857142
2017-02-23,163,174.28571428571428
2017-02-24,185,166.85714285714286
2017-02-25,167,166.42857142857142
2017-02-26,148,167.42857142857142
2017-02-27,174,171.42857142857142
2017-02-28,217,177.57142857142858
2017-03-01,191,177.85714285714286
2017-03-02,168,178.57142857142858
2017-03-03,156,174.42857142857142
2017-03-04,135,169.85714285714286
2017-03-05,123,166.28571428571428
2017-03-06,170,165.71428571428572
2017-03-07,176,159.85714285714286
2017-03-08,148,153.71428571428572
2017-03-09,195,157.57142857142858
2017-03-10,204,164.42857142857142
2017-03-11,114,161.42857142857142
2017-03-12,79,155.14285714285714
2017-03-13,168,154.85714285714286
2017-03-14,188,156.57142857142858
2017-03-15,177,160.71428571428572
2017-03-16,213,163.28571428571428
2017-03-17,219,165.42857142857142
2017-03-18,186,175.71428571428572
2017-03-19,135,183.71428571428572
2017-03-20,134,178.85714285714286
2017-03-21,152,173.71428571428572
2017-03-22,188,175.28571428571428
2017-03-23,161,167.85714285714286
2017-03-24,165,160.14285714285714
2017-03-25,186,160.14285714285714
2017-03-26,123,158.42857142857142
2017-03-27,211,169.42857142857142
2017-03-28,156,170
2017-03-29,204,172.28571428571428
2017-03-30,195,177.14285714285714
2017-03-31,285,194.28571428571428
2017-04-01,224,199.71428571428572
2017-04-02,113,198.28571428571428
2017-04-03,203,197.14285714285714
2017-04-04,207,204.42857142857142
2017-04-05,233,208.57142857142858
2017-04-06,227,213.14285714285714
2017-04-07,186,199
2017-04-08,188,193.85714285714286
2017-04-09,169,201.85714285714286
2017-04-10,180,198.57142857142858
2017-04-11,219,200.28571428571428
2017-04-12,178,192.42857142857142
2017-04-13,189,187
2017-04-14,190,187.57142857142858
2017-04-15,145,181.42857142857142
2017-04-16,113,173.42857142857142
2017-04-17,190,174.85714285714286
2017-04-18,182,169.57142857142858
2017-04-19,157,166.57142857142858
2017-04-20,163,162.85714285714286
2017-04-21,217,166.71428571428572
2017-04-22,221,177.57142857142858
2017-04-23,170,185.71428571428572
2017-04-24,156,180.85714285714286
2017-04-25,203,183.85714285714286
2017-04-26,160,184.28571428571428
2017-04-27,160,183.85714285714286
2017-04-28,216,183.71428571428572
2017-04-29,169,176.28571428571428
2017-04-30,81,163.57142857142858
2017-05-01,146,162.14285714285714
2017-05-02,187,159.85714285714286
2017-05-03,165,160.57142857142858
2017-05-04,176,162.85714285714286
2017-05-05,204,161.14285714285714
2017-05-06,152,158.71428571428572
2017-05-07,117,163.85714285714286
2017-05-08,130,161.57142857142858
2017-05-09,183,161
2017-05-10,209,167.28571428571428
2017-05-11,134,161.28571428571428
2017-05-12,204,161.28571428571428
2017-05-13,109,155.14285714285714
2017-05-14,118,155.28571428571428
2017-05-15,160,159.57142857142858
2017-05-16,189,160.42857142857142
2017-05-17,126,148.57142857142858
2017-05-18,142,149.71428571428572
2017-05-19,173,145.28571428571428
2017-05-20,151,151.28571428571428
2017-05-21,119,151.42857142857142
2017-05-22,119,145.57142857142858
2017-05-23,196,146.57142857142858
2017-05-24,190,155.71428571428572
2017-05-25,180,161.14285714285714
2017-05-26,211,166.57142857142858
2017-05-27,164,168.42857142857142
2017-05-28,115,167.85714285714286
2017-05-29,116,167.42857142857142
2017-05-30,136,158.85714285714286
2017-05-31,166,155.42857142857142
2017-06-01,174,154.57142857142858
2017-06-02,167,148.28571428571428
2017-06-03,159,147.57142857142858
2017-06-04,94,144.57142857142858
2017-06-05,128,146.28571428571428
2017-06-06,155,149
2017-06-07,194,153
2017-06-08,158,150.71428571428572
2017-06-09,175,151.85714285714286
2017-06-10,182,155.14285714285714
2017-06-11,105,156.71428571428572
2017-06-12,133,157.42857142857142
2017-06-13,175,160.28571428571428
2017-06-14,168,156.57142857142858
2017-06-15,174,158.85714285714286
2017-06-16,155,156
2017-06-17,114,146.28571428571428
2017-06-18,95,144.85714285714286
2017-06-19,155,148
2017-06-20,182,149
2017-06-21,173,149.71428571428572
2017-06-22,137,144.42857142857142
2017-06-23,159,145
2017-06-24,123,146.28571428571428
2017-06-25,101,147.14285714285714
2017-06-26,135,144.28571428571428
2017-06-27,162,141.42857142857142
2017-06-28,153,138.57142857142858
2017-06-29,173,143.71428571428572
2017-06-30,178,146.42857142857142
2017-07-01,140,148.85714285714286
2017-07-02,117,151.14285714285714
2017-07-03,117,148.57142857142858
2017-07-04,135,144.71428571428572
2017-07-05,154,144.85714285714286
2017-07-06,212,150.42857142857142
2017-07-07,196,153
2017-07-08,106,148.14285714285714
2017-07-09,79,142.71428571428572
2017-07-10,168,150
2017-07-11,175,155.71428571428572
2017-07-12,190,160.85714285714286
2017-07-13,161,153.57142857142858
2017-07-14,201,154.28571428571428
2017-07-15,130,157.71428571428572
2017-07-16,100,160.71428571428572
2017-07-17,136,156.14285714285714
2017-07-18,172,155.71428571428572
2017-07-19,205,157.85714285714286
2017-07-20,171,159.28571428571428
2017-07-21,224,162.57142857142858
2017-07-22,130,162.57142857142858
2017-07-23,126,166.28571428571428
2017-07-24,136,166.28571428571428
2017-07-25,155,163.85714285714286
2017-07-26,121,151.85714285714286
2017-07-27,171,151.85714285714286
2017-07-28,154,141.85714285714286
2017-07-29,131,142
2017-07-30,105,139
2017-07-31,144,140.14285714285714
2017-08-01,141,138.14285714285714
2017-08-02,157,143.28571428571428
2017-08-03,118,135.71428571428572
2017-08-04,138,133.42857142857142
2017-08-05,129,133.14285714285714
2017-08-06,102,132.71428571428572
2017-08-07,120,129.28571428571428
2017-08-08,151,130.71428571428572
2017-08-09,130,126.85714285714286
2017-08-10,139,129.85714285714286
2017-08-11,160,133
2017-08-12,123,132.14285714285714
2017-08-13,89,130.28571428571428
2017-08-14,131,131.85714285714286
2017-08-15,184,136.57142857142858
2017-08-16,120,135.14285714285714
2017-08-17,120,132.42857142857142
2017-08-18,149,130.85714285714286
2017-08-19,137,132.85714285714286
2017-08-20,116,136.71428571428572
2017-08-21,155,140.14285714285714
2017-08-22,148,135
2017-08-23,162,141
2017-08-24,186,150.42857142857142
2017-08-25,182,155.14285714285714
2017-08-26,110,151.28571428571428
2017-08-27,94,148.14285714285714
2017-08-28,154,148
2017-08-29,140,146.85714285714286
2017-08-30,163,147
2017-08-31,132,139.28571428571428
2017-09-01,174,138.14285714285714
2017-09-02,144,143
2017-09-03,130,148.14285714285714
2017-09-04,113,142.28571428571428
2017-09-05,164,145.71428571428572
2017-09-06,182,148.42857142857142
2017-09-07,190,156.71428571428572
2017-09-08,166,155.57142857142858
2017-09-09,121,152.28571428571428
2017-09-10,104,148.57142857142858
2017-09-11,132,151.28571428571428
2017-09-12,171,152.28571428571428
2017-09-13,188,153.14285714285714
2017-09-14,173,150.71428571428572
2017-09-15,183,153.14285714285714
2017-09-16,161,158.85714285714286
2017-09-17,89,156.71428571428572
2017-09-18,116,154.42857142857142
2017-09-19,152,151.71428571428572
2017-09-20,181,150.71428571428572
2017-09-21,169,150.14285714285714
2017-09-22,222,155.71428571428572
2017-09-23,161,155.71428571428572
2017-09-24,109,158.57142857142858
2017-09-25,108,157.42857142857142
2017-09-26,140,155.71428571428572
2017-09-27,194,157.57142857142858
2017-09-28,163,156.71428571428572
2017-09-29,190,152.14285714285714
2017-09-30,136,148.57142857142858
2017-10-01,103,147.71428571428572
2017-10-02,114,148.57142857142858
2017-10-03,177,153.85714285714286
2017-10-04,252,162.14285714285714
2017-10-05,152,160.57142857142858
2017-10-06,129,151.85714285714286
2017-10-07,114,148.71428571428572
2017-10-08,105,149
2017-10-09,140,152.71428571428572
2017-10-10,140,147.42857142857142
2017-10-11,191,138.71428571428572
2017-10-12,126,135
2017-10-13,194,144.28571428571428
2017-10-14,113,144.14285714285714
2017-10-15,91,142.14285714285714
2017-10-16,125,140
2017-10-17,151,141.57142857142858
2017-10-18,127,132.42857142857142
2017-10-19,163,137.71428571428572
2017-10-20,199,138.42857142857142
2017-10-21,120,139.42857142857142
2017-10-22,95,140
2017-10-23,127,140.28571428571428
2017-10-24,137,138.28571428571428
2017-10-25,144,140.71428571428572
2017-10-26,147,138.42857142857142
2017-10-27,148,131.14285714285714
2017-10-28,132,132.85714285714286
2017-10-29,100,133.57142857142858
2017-10-30,128,133.71428571428572
2017-10-31,129,132.57142857142858
2017-11-01,130,130.57142857142858
2017-11-02,143,130
2017-11-03,135,128.14285714285714
2017-11-04,114,125.57142857142857
2017-11-05,87,123.71428571428571
2017-11-06,113,121.57142857142857
2017-11-07,125,121
2017-11-08,121,119.71428571428571
2017-11-09,155,121.42857142857143
2017-11-10,144,122.71428571428571
2017-11-11,129,124.85714285714286
2017-11-12,84,124.42857142857143
2017-11-13,108,123.71428571428571
2017-11-14,92,119
2017-11-15,120,118.85714285714286
2017-11-16,132,115.57142857142857
2017-11-17,139,114.85714285714286
2017-11-18,110,112.14285714285714
2017-11-19,85,112.28571428571429
2017-11-20,132,115.71428571428571
2017-11-21,132,121.42857142857143
2017-11-22,176,129.42857142857142
2017-11-23,97,124.42857142857143
2017-11-24,114,120.85714285714286
2017-11-25,128,123.42857142857143
2017-11-26,116,127.85714285714286
2017-11-27,141,129.14285714285714
2017-11-28,202,139.14285714285714
2017-11-29,166,137.71428571428572
2017-11-30,119,140.85714285714286
2017-12-01,158,147.14285714285714
2017-12-02,134,148
2017-12-03,123,149
2017-12-04,94,142.28571428571428
2017-12-05,84,125.42857142857143
2017-12-06,90,114.57142857142857
2017-12-07,115,114
2017-12-08,121,108.71428571428571
2017-12-09,104,104.42857142857143
2017-12-10,104,101.71428571428571
2017-12-11,97,102.14285714285714
2017-12-12,93,103.42857142857143
2017-12-13,124,108.28571428571429
2017-12-14,123,109.42857142857143
2017-12-15,171,116.57142857142857
2017-12-16,165,125.28571428571429
2017-12-17,119,127.42857142857143
2017-12-18,93,126.85714285714286
2017-12-19,127,131.71428571428572
2017-12-20,119,131
2017-12-21,134,132.57142857142858
2017-12-22,128,126.42857142857143
2017-12-23,93,116.14285714285714
2017-12-24,75,109.85714285714286
2017-12-25,49,103.57142857142857
2017-12-26,98,99.42857142857143
2017-12-27,129,100.85714285714286
2017-12-28,145,102.42857142857143
2017-12-29,100,98.42857142857143
2017-12-30,97,99
2017-12-31,66,97.71428571428571
2018-01-01,44,97
2018-01-02,94,96.42857142857143
2018-01-03,106,93.14285714285714
2018-01-04,116,89
2018-01-05,118,91.57142857142857
2018-01-06,85,89.85714285714286
2018-01-07,80,91.85714285714286
2018-01-08,107,100.85714285714286
2018-01-09,102,102
2018-01-10,124,104.57142857142857
2018-01-11,87,100.42857142857143
2018-01-12,114,99.85714285714286
2018-01-13,105,102.71428571428571
2018-01-14,86,103.57142857142857
2018-01-15,69,98.14285714285714
2018-01-16,88,96.14285714285714
2018-01-17,95,92
2018-01-18,116,96.14285714285714
2018-01-19,157,102.28571428571429
2018-01-20,140,107.28571428571429
2018-01-21,101,109.42857142857143
2018-01-22,58,107.85714285714286
2018-01-23,78,106.42857142857143
2018-01-24,79,104.14285714285714
2018-01-25,103,102.28571428571429
2018-01-26,109,95.42857142857143
2018-01-27,135,94.71428571428571
2018-01-28,102,94.85714285714286
2018-01-29,82,98.28571428571429
2018-01-30,98,101.14285714285714
2018-01-31,95,103.42857142857143
2018-02-01,96,102.42857142857143
2018-02-02,125,104.71428571428571
2018-02-03,111,101.28571428571429
2018-02-04,116,103.28571428571429
2018-02-05,77,102.57142857142857
2018-02-06,110,104.28571428571429
2018-02-07,165,114.28571428571429
2018-02-08,169,124.71428571428571
2018-02-09,155,129
2018-02-10,119,130.14285714285714
2018-02-11,84,125.57142857142857
2018-02-12,123,132.14285714285714
2018-02-13,118,133.28571428571428
2018-02-14,173,134.42857142857142
2018-02-15,144,130.85714285714286
2018-02-16,131,127.42857142857143
2018-02-17,145,131.14285714285714
2018-02-18,118,136
2018-02-19,55,126.28571428571429
2018-02-20,132,128.28571428571428
2018-02-21,121,120.85714285714286
2018-02-22,114,116.57142857142857
2018-02-23,115,114.28571428571429
2018-02-24,100,107.85714285714286
2018-02-25,72,101.28571428571429
2018-02-26,142,113.71428571428571
2018-02-27,129,113.28571428571429
2018-02-28,160,118.85714285714286
2018-03-01,161,125.57142857142857
2018-03-02,164,132.57142857142858
2018-03-03,135,137.57142857142858
2018-03-04,132,146.14285714285714
2018-03-05,135,145.14285714285714
2018-03-06,166,150.42857142857142
2018-03-07,178,153
2018-03-08,146,150.85714285714286
2018-03-09,216,158.28571428571428
2018-03-10,134,158.14285714285714
2018-03-11,116,155.85714285714286
2018-03-12,158,159.14285714285714
2018-03-13,130,154
2018-03-14,198,156.85714285714286
2018-03-15,188,162.85714285714286
2018-03-16,126,150
2018-03-17,170,155.14285714285714
2018-03-18,175,163.57142857142858
2018-03-19,172,165.57142857142858
2018-03-20,156,169.28571428571428
2018-03-21,172,165.57142857142858
2018-03-22,204,167.85714285714286
2018-03-23,175,174.85714285714286
2018-03-24,135,169.85714285714286
2018-03-25,129,163.28571428571428
2018-03-26,128,157
2018-03-27,163,158
2018-03-28,151,155
2018-03-29,183,152
2018-03-30,158,149.57142857142858
2018-03-31,128,148.57142857142858
2018-04-01,111,146
2018-04-02,141,147.85714285714286
2018-04-03,83,136.42857142857142
2018-04-04,146,135.71428571428572
2018-04-05,160,132.42857142857142
2018-04-06,164,133.28571428571428
2018-04-07,134,134.14285714285714
2018-04-08,111,134.14285714285714
2018-04-09,161,137
2018-04-10,123,142.71428571428572
2018-04-11,147,142.85714285714286
2018-04-12,195,147.85714285714286
2018-04-13,137,144
2018-04-14,66,134.28571428571428
2018-04-15,50,125.57142857142857
2018-04-16,93,115.85714285714286
2018-04-17,148,119.42857142857143
2018-04-18,180,124.14285714285714
2018-04-19,163,119.57142857142857
2018-04-20,162,123.14285714285714
2018-04-21,160,136.57142857142858
2018-04-22,119,146.42857142857142
2018-04-23,113,149.28571428571428
2018-04-24,152,149.85714285714286
2018-04-25,140,144.14285714285714
2018-04-26,161,143.85714285714286
2018-04-27,155,142.85714285714286
2018-04-28,140,140
2018-04-29,131,141.71428571428572
2018-04-30,147,146.57142857142858
2018-05-01,174,149.71428571428572
2018-05-02,218,160.85714285714286
2018-05-03,186,164.42857142857142
2018-05-04,192,169.71428571428572
2018-05-05,141,169.85714285714286
2018-05-06,114,167.42857142857142
2018-05-07,191,173.71428571428572
2018-05-08,156,171.14285714285714
2018-05-09,200,168.57142857142858
2018-05-10,182,168
2018-05-11,180,166.28571428571428
2018-05-12,114,162.42857142857142
2018-05-13,121,163.42857142857142
2018-05-14,141,156.28571428571428
2018-05-15,185,160.42857142857142
2018-05-16,189,158.85714285714286
2018-05-17,206,162.28571428571428
2018-05-18,177,161.85714285714286
2018-05-19,154,167.57142857142858
2018-05-20,90,163.14285714285714
2018-05-21,190,170.14285714285714
2018-05-22,177,169
2018-05-23,217,173
2018-05-24,205,172.85714285714286
2018-05-25,174,172.42857142857142
2018-05-26,156,172.71428571428572
2018-05-27,97,173.71428571428572
2018-05-28,113,162.71428571428572
2018-05-29,166,161.14285714285714
2018-05-30,199,158.57142857142858
2018-05-31,217,160.28571428571428
2018-06-01,206,164.85714285714286
2018-06-02,139,162.42857142857142
2018-06-03,109,164.14285714285714
2018-06-04,129,166.42857142857142
2018-06-05,132,161.57142857142858
2018-06-06,149,154.42857142857142
2018-06-07,150,144.85714285714286
2018-06-08,136,134.85714285714286
2018-06-09,122,132.42857142857142
2018-06-10,127,135
2018-06-11,125,134.42857142857142
2018-06-12,157,138
2018-06-13,166,140.42857142857142
2018-06-14,197,147.14285714285714
2018-06-15,113,143.85714285714286
2018-06-16,135,145.71428571428572
2018-06-17,87,140
2018-06-18,120,139.28571428571428
2018-06-19,129,135.28571428571428
2018-06-20,151,133.14285714285714
2018-06-21,174,129.85714285714286
2018-06-22,141,133.85714285714286
2018-06-23,119,131.57142857142858
2018-06-24,92,132.28571428571428
2018-06-25,120,132.28571428571428
2018-06-26,150,135.28571428571428
2018-06-27,107,129
2018-06-28,118,121
2018-06-29,105,115.85714285714286
2018-06-30,109,114.42857142857143
2018-07-01,104,116.14285714285714
2018-07-02,143,119.42857142857143
2018-07-03,151,119.57142857142857
2018-07-04,108,119.71428571428571
2018-07-05,156,125.14285714285714
2018-07-06,214,140.71428571428572
2018-07-07,136,144.57142857142858
2018-07-08,134,148.85714285714286
2018-07-09,153,150.28571428571428
2018-07-10,139,148.57142857142858
2018-07-11,148,154.28571428571428
2018-07-12,176,157.14285714285714
2018-07-13,192,154
2018-07-14,150,156
2018-07-15,98,150.85714285714286
2018-07-16,175,154
2018-07-17,152,155.85714285714286
2018-07-18,127,152.85714285714286
2018-07-19,233,161
2018-07-20,135,152.85714285714286
2018-07-21,89,144.14285714285714
2018-07-22,86,142.42857142857142
2018-07-23,142,137.71428571428572
2018-07-24,187,142.71428571428572
2018-07-25,146,145.42857142857142
2018-07-26,162,135.28571428571428
2018-07-27,193,143.57142857142858
2018-07-28,147,151.85714285714286
2018-07-29,113,155.71428571428572
2018-07-30,150,156.85714285714286
2018-07-31,175,155.14285714285714
2018-08-01,160,157.14285714285714
2018-08-02,160,156.85714285714286
2018-08-03,134,148.42857142857142
2018-08-04,135,146.71428571428572
2018-08-05,122,148
2018-08-06,122,144
2018-08-07,130,137.57142857142858
2018-08-08,182,140.71428571428572
2018-08-09,162,141
2018-08-10,155,144
2018-08-11,111,140.57142857142858
2018-08-12,125,141
2018-08-13,159,146.28571428571428
2018-08-14,131,146.42857142857142
2018-08-15,166,144.14285714285714
2018-08-16,115,137.42857142857142
2018-08-17,152,137
2018-08-18,128,139.42857142857142
2018-08-19,104,136.42857142857142
2018-08-20,132,132.57142857142858
2018-08-21,173,138.57142857142858
2018-08-22,142,135.14285714285714
2018-08-23,122,136.14285714285714
2018-08-24,101,128.85714285714286
2018-08-25,119,127.57142857142857
2018-08-26,106,127.85714285714286
2018-08-27,134,128.14285714285714
2018-08-28,167,127.28571428571429
2018-08-29,131,125.71428571428571
2018-08-30,122,125.71428571428571
2018-08-31,157,133.71428571428572
2018-09-01,125,134.57142857142858
2018-09-02,133,138.42857142857142
2018-09-03,125,137.14285714285714
2018-09-04,96,127
2018-09-05,130,126.85714285714286
2018-09-06,100,123.71428571428571
2018-09-07,132,120.14285714285714
2018-09-08,114,118.57142857142857
2018-09-09,113,115.71428571428571
2018-09-10,110,113.57142857142857
2018-09-11,126,117.85714285714286
2018-09-12,139,119.14285714285714
2018-09-13,138,124.57142857142857
2018-09-14,143,126.14285714285714
2018-09-15,125,127.71428571428571
2018-09-16,109,127.14285714285714
2018-09-17,133,130.42857142857142
2018-09-18,187,139.14285714285714
2018-09-19,189,146.28571428571428
2018-09-20,131,145.28571428571428
2018-09-21,197,153
2018-09-22,162,158.28571428571428
2018-09-23,115,159.14285714285714
2018-09-24,87,152.57142857142858
2018-09-25,122,143.28571428571428
2018-09-26,123,133.85714285714286
2018-09-27,151,136.71428571428572
2018-09-28,164,132
2018-09-29,105,123.85714285714286
2018-09-30,84,119.42857142857143
2018-10-01,155,129.14285714285714
2018-10-02,174,136.57142857142858
2018-10-03,158,141.57142857142858
2018-10-04,128,138.28571428571428
2018-10-05,181,140.71428571428572
2018-10-06,118,142.57142857142858
2018-10-07,83,142.42857142857142
2018-10-08,102,134.85714285714286
2018-10-09,99,124.14285714285714
2018-10-10,113,117.71428571428571
2018-10-11,94,112.85714285714286
2018-10-12,128,105.28571428571429
2018-10-13,116,105
2018-10-14,97,107
2018-10-15,105,107.42857142857143
2018-10-16,151,114.85714285714286
2018-10-17,99,112.85714285714286
2018-10-18,142,119.71428571428571
2018-10-19,165,125
2018-10-20,113,124.57142857142857
2018-10-21,116,127.28571428571429
2018-10-22,154,134.28571428571428
2018-10-23,156,135
2018-10-24,133,139.85714285714286
2018-10-25,121,136.85714285714286
2018-10-26,131,132
2018-10-27,133,134.85714285714286
2018-10-28,103,133
2018-10-29,133,130
2018-10-30,131,126.42857142857143
2018-10-31,119,124.42857142857143
2018-11-01,134,126.28571428571429
2018-11-02,140,127.57142857142857
2018-11-03,117,125.28571428571429
2018-11-04,107,125.85714285714286
2018-11-05,112,122.85714285714286
2018-11-06,97,118
2018-11-07,108,116.42857142857143
2018-11-08,91,110.28571428571429
2018-11-09,98,104.28571428571429
2018-11-10,139,107.42857142857143
2018-11-11,101,106.57142857142857
2018-11-12,110,106.28571428571429
2018-11-13,124,110.14285714285714
2018-11-14,122,112.14285714285714
2018-11-15,108,114.57142857142857
2018-11-16,142,120.85714285714286
2018-11-17,120,118.14285714285714
2018-11-18,81,115.28571428571429
2018-11-19,101,114
2018-11-20,111,112.14285714285714
2018-11-21,89,107.42857142857143
2018-11-22,96,105.71428571428571
2018-11-23,73,95.85714285714286
2018-11-24,117,95.42857142857143
2018-11-25,108,99.28571428571429
2018-11-26,105,99.85714285714286
2018-11-27,112,100
2018-11-28,68,97
2018-11-29,95,96.85714285714286
2018-11-30,118,103.28571428571429
2018-12-01,88,99.14285714285714
2018-12-02,84,95.71428571428571
2018-12-03,89,93.42857142857143
2018-12-04,90,90.28571428571429
2018-12-05,68,90.28571428571429
2018-12-06,83,88.57142857142857
2018-12-07,110,87.42857142857143
2018-12-08,93,88.14285714285714
2018-12-09,77,87.14285714285714
2018-12-10,73,84.85714285714286
2018-12-11,131,90.71428571428571
2018-12-12,127,99.14285714285714
2018-12-13,136,106.71428571428571
2018-12-14,160,113.85714285714286
2018-12-15,130,119.14285714285714
2018-12-16,116,124.71428571428571
2018-12-17,104,129.14285714285714
2018-12-18,108,125.85714285714286
2018-12-19,147,128.71428571428572
2018-12-20,121,126.57142857142857
2018-12-21,169,127.85714285714286
2018-12-22,129,127.71428571428571
2018-12-23,96,124.85714285714286
2018-12-24,68,119.71428571428571
2018-12-25,76,115.14285714285714
2018-12-26,107,109.42857142857143
2018-12-27,103,106.85714285714286
2018-12-28,118,99.57142857142857
2018-12-29,113,97.28571428571429
2018-12-30,94,97
2018-12-31,92,100.42857142857143
2019-01-01,77,100.57142857142857
2019-01-02,100,99.57142857142857
2019-01-03,112,100.85714285714286
2019-01-04,167,107.85714285714286
2019-01-05,140,111.71428571428571
2019-01-06,91,111.28571428571429
2019-01-07,105,113.14285714285714
2019-01-08,136,121.57142857142857
2019-01-09,153,129.14285714285714
2019-01-10,148,134.28571428571428
2019-01-11,149,131.71428571428572
2019-01-12,129,130.14285714285714
2019-01-13,92,130.28571428571428
2019-01-14,106,130.42857142857142
2019-01-15,102,125.57142857142857
2019-01-16,126,121.71428571428571
2019-01-17,90,113.42857142857143
2019-01-18,94,105.57142857142857
2019-01-19,77,98.14285714285714
2019-01-20,85,97.14285714285714
2019-01-21,59,90.42857142857143
2019-01-22,117,92.57142857142857
2019-01-23,101,89
2019-01-24,70,86.14285714285714
2019-01-25,84,84.71428571428571
2019-01-26,100,88
2019-01-27,64,85
2019-01-28,46,83.14285714285714
2019-01-29,57,74.57142857142857
2019-01-30,36,65.28571428571429
2019-01-31,49,62.285714285714285
2019-02-01,93,63.57142857142857
2019-02-02,99,63.42857142857143
2019-02-03,98,68.28571428571429
2019-02-04,65,71
2019-02-05,70,72.85714285714286
2019-02-06,94,81.14285714285714
2019-02-07,56,82.14285714285714
2019-02-08,98,82.85714285714286
2019-02-09,85,80.85714285714286
2019-02-10,50,74
2019-02-11,32,69.28571428571429
2019-02-12,53,66.85714285714286
2019-02-13,91,66.42857142857143
2019-02-14,54,66.14285714285714
2019-02-15,94,65.57142857142857
2019-02-16,84,65.42857142857143
2019-02-17,60,66.85714285714286
2019-02-18,94,75.71428571428571
2019-02-19,94,81.57142857142857
2019-02-20,51,75.85714285714286
2019-02-21,78,79.28571428571429
2019-02-22,73,76.28571428571429
2019-02-23,124,82
2019-02-24,54,81.14285714285714
2019-02-25,52,75.14285714285714
2019-02-26,61,70.42857142857143
2019-02-27,73,73.57142857142857
2019-02-28,65,71.71428571428571
2019-03-01,79,72.57142857142857
2019-03-02,82,66.57142857142857
2019-03-03,58,67.14285714285714
2019-03-04,62,68.57142857142857
2019-03-05,83,71.71428571428571
2019-03-06,97,75.14285714285714
2019-03-07,109,81.42857142857143
2019-03-08,109,85.71428571428571
2019-03-09,81,85.57142857142857
2019-03-10,32,81.85714285714286
2019-03-11,80,84.42857142857143
2019-03-12,99,86.71428571428571
2019-03-13,97,86.71428571428571
2019-03-14,85,83.28571428571429
2019-03-15,88,80.28571428571429
2019-03-16,136,88.14285714285714
2019-03-17,124,101.28571428571429
2019-03-18,130,108.42857142857143
2019-03-19,111,110.14285714285714
2019-03-20,113,112.42857142857143
2019-03-21,117,117
2019-03-22,130,123
2019-03-23,95,117.14285714285714
2019-03-24,82,111.14285714285714
2019-03-25,106,107.71428571428571
2019-03-26,99,106
2019-03-27,120,107
2019-03-28,125,108.14285714285714
2019-03-29,144,110.14285714285714
2019-03-30,133,115.57142857142857
2019-03-31,91,116.85714285714286
2019-04-01,106,116.85714285714286
2019-04-02,107,118
2019-04-03,113,117
2019-04-04,123,116.71428571428571
2019-04-05,119,113.14285714285714
2019-04-06,96,107.85714285714286
2019-04-07,80,106.28571428571429
2019-04-08,90,104
2019-04-09,95,102.28571428571429
2019-04-10,52,93.57142857142857
2019-04-11,39,81.57142857142857
2019-04-12,61,73.28571428571429
2019-04-13,114,75.85714285714286
2019-04-14,100,78.71428571428571
2019-04-15,127,84
2019-04-16,169,94.57142857142857
2019-04-17,79,98.42857142857143
2019-04-18,74,103.42857142857143
2019-04-19,92,107.85714285714286
2019-04-20,102,106.14285714285714
2019-04-21,92,105
2019-04-22,90,99.71428571428571
2019-04-23,125,93.42857142857143
2019-04-24,96,95.85714285714286
2019-04-25,113,101.42857142857143
2019-04-26,72,98.57142857142857
2019-04-27,82,95.71428571428571
2019-04-28,92,95.71428571428571
2019-04-29,103,97.57142857142857
2019-04-30,72,90
2019-05-01,76,87.14285714285714
2019-05-02,97,84.85714285714286
2019-05-03,75,85.28571428571429
2019-05-04,99,87.71428571428571
2019-05-05,70,84.57142857142857
2019-05-06,113,86
2019-05-07,107,91
2019-05-08,78,91.28571428571429
2019-05-09,91,90.42857142857143
2019-05-10,120,96.85714285714286
2019-05-11,98,96.71428571428571
2019-05-12,94,100.14285714285714
2019-05-13,78,95.14285714285714
2019-05-14,116,96.42857142857143
2019-05-15,80,96.71428571428571
2019-05-16,108,99.14285714285714
2019-05-17,109,97.57142857142857
2019-05-18,72,93.85714285714286
2019-05-19,60,89
2019-05-20,136,97.28571428571429
2019-05-21,94,94.14285714285714
2019-05-22,96,96.42857142857143
2019-05-23,128,99.28571428571429
2019-05-24,157,106.14285714285714
2019-05-25,139,115.71428571428571
2019-05-26,93,120.42857142857143
2019-05-27,96,114.71428571428571
2019-05-28,140,121.28571428571429
2019-05-29,138,127.28571428571429
2019-05-30,134,128.14285714285714
2019-05-31,124,123.42857142857143
2019-06-01,97,117.42857142857143
2019-06-02,78,115.28571428571429
2019-06-03,108,117
2019-06-04,112,113
2019-06-05,137,112.85714285714286
2019-06-06,83,105.57142857142857
2019-06-07,124,105.57142857142857
2019-06-08,123,109.28571428571429
2019-06-09,91,111.14285714285714
2019-06-10,122,113.14285714285714
2019-06-11,79,108.42857142857143
2019-06-12,90,101.71428571428571
2019-06-13,93,103.14285714285714
2019-06-14,116,102
2019-06-15,87,96.85714285714286
2019-06-16,97,97.71428571428571
2019-06-17,83,92.14285714285714
2019-06-18,77,91.85714285714286
2019-06-19,117,95.71428571428571
2019-06-20,129,100.85714285714286
2019-06-21,157,106.71428571428571
2019-06-22,105,109.28571428571429
2019-06-23,75,106.14285714285714
2019-06-24,114,110.57142857142857
2019-06-25,131,118.28571428571429
2019-06-26,118,118.42857142857143
2019-06-27,106,115.14285714285714
2019-06-28,99,106.85714285714286
2019-06-29,95,105.42857142857143
2019-06-30,95,108.28571428571429
2019-07-01,99,106.14285714285714
2019-07-02,123,105
2019-07-03,156,110.42857142857143
2019-07-04,112,111.28571428571429
2019-07-05,136,116.57142857142857
2019-07-06,107,118.28571428571429
2019-07-07,86,117
2019-07-08,121,120.14285714285714
2019-07-09,119,119.57142857142857
2019-07-10,152,119
2019-07-11,174,127.85714285714286
2019-07-12,129,126.85714285714286
2019-07-13,106,126.71428571428571
2019-07-14,84,126.42857142857143
2019-07-15,103,123.85714285714286
2019-07-16,141,127
2019-07-17,168,129.28571428571428
2019-07-18,125,122.28571428571429
2019-07-19,175,128.85714285714286
2019-07-20,80,125.14285714285714
2019-07-21,107,128.42857142857142
2019-07-22,128,132
2019-07-23,104,126.71428571428571
2019-07-24,128,121
2019-07-25,113,119.28571428571429
2019-07-26,143,114.71428571428571
2019-07-27,104,118.14285714285714
2019-07-28,72,113.14285714285714
2019-07-29,132,113.71428571428571
2019-07-30,87,111.28571428571429
2019-07-31,137,112.57142857142857
2019-08-01,125,114.28571428571429
2019-08-02,95,107.42857142857143
2019-08-03,124,110.28571428571429
2019-08-04,114,116.28571428571429
2019-08-05,126,115.42857142857143
2019-08-06,101,117.42857142857143
2019-08-07,125,115.71428571428571
2019-08-08,103,112.57142857142857
2019-08-09,142,119.28571428571429
2019-08-10,129,120
2019-08-11,131,122.42857142857143
2019-08-12,99,118.57142857142857
2019-08-13,108,119.57142857142857
2019-08-14,113,117.85714285714286
2019-08-15,116,119.71428571428571
2019-08-16,121,116.71428571428571
2019-08-17,125,116.14285714285714
2019-08-18,88,110
2019-08-19,107,111.14285714285714
2019-08-20,131,114.42857142857143
2019-08-21,116,114.85714285714286
2019-08-22,161,121.28571428571429
2019-08-23,141,124.14285714285714
2019-08-24,126,124.28571428571429
2019-08-25,86,124
2019-08-26,123,126.28571428571429
2019-08-27,118,124.42857142857143
2019-08-28,137,127.42857142857143
2019-08-29,101,118.85714285714286
2019-08-30,121,116
2019-08-31,114,114.28571428571429
2019-09-01,129,120.42857142857143
2019-09-02,118,119.71428571428571
2019-09-03,115,119.28571428571429
2019-09-04,167,123.57142857142857
2019-09-05,167,133
2019-09-06,141,135.85714285714286
2019-09-07,84,131.57142857142858
2019-09-08,106,128.28571428571428
2019-09-09,100,125.71428571428571
2019-09-10,158,131.85714285714286
2019-09-11,111,123.85714285714286
2019-09-12,93,113.28571428571429
2019-09-13,126,111.14285714285714
2019-09-14,90,112
2019-09-15,80,108.28571428571429
2019-09-16,124,111.71428571428571
2019-09-17,169,113.28571428571429
2019-09-18,162,120.57142857142857
2019-09-19,139,127.14285714285714
2019-09-20,108,124.57142857142857
2019-09-21,96,125.42857142857143
2019-09-22,81,125.57142857142857
2019-09-23,161,130.85714285714286
2019-09-24,151,128.28571428571428
2019-09-25,141,125.28571428571429
2019-09-26,148,126.57142857142857
2019-09-27,158,133.71428571428572
2019-09-28,100,134.28571428571428
2019-09-29,88,135.28571428571428
2019-09-30,121,129.57142857142858
2019-10-01,136,127.42857142857143
2019-10-02,92,120.42857142857143
2019-10-03,130,117.85714285714286
2019-10-04,154,117.28571428571429
2019-10-05,102,117.57142857142857
2019-10-06,66,114.42857142857143
2019-10-07,113,113.28571428571429
2019-10-08,96,107.57142857142857
2019-10-09,112,110.42857142857143
2019-10-10,57,100
2019-10-11,96,91.71428571428571
2019-10-12,65,86.42857142857143
2019-10-13,75,87.71428571428571
2019-10-14,93,84.85714285714286
2019-10-15,98,85.14285714285714
2019-10-16,86,81.42857142857143
2019-10-17,116,89.85714285714286
2019-10-18,89,88.85714285714286
2019-10-19,108,95
2019-10-20,80,95.71428571428571
2019-10-21,73,92.85714285714286
2019-10-22,88,91.42857142857143
2019-10-23,93,92.42857142857143
2019-10-24,74,86.42857142857143
2019-10-25,93,87
2019-10-26,95,85.14285714285714
2019-10-27,112,89.71428571428571
2019-10-28,98,93.28571428571429
2019-10-29,95,94.28571428571429
2019-10-30,102,95.57142857142857
2019-10-31,89,97.71428571428571
2019-11-01,94,97.85714285714286
2019-11-02,99,98.42857142857143
2019-11-03,84,94.42857142857143
2019-11-04,124,98.14285714285714
2019-11-05,92,97.71428571428571
2019-11-06,91,96.14285714285714
2019-11-07,127,101.57142857142857
2019-11-08,95,101.71428571428571
2019-11-09,82,99.28571428571429
2019-11-10,78,98.42857142857143
2019-11-11,57,88.85714285714286
2019-11-12,100,90
2019-11-13,62,85.85714285714286
2019-11-14,108,83.14285714285714
2019-11-15,110,85.28571428571429
2019-11-16,83,85.42857142857143
2019-11-17,93,87.57142857142857
2019-11-18,91,92.42857142857143
2019-11-19,92,91.28571428571429
2019-11-20,107,97.71428571428571
2019-11-21,89,95
2019-11-22,80,90.71428571428571
2019-11-23,107,94.14285714285714
2019-11-24,81,92.42857142857143
2019-11-25,98,93.42857142857143
2019-11-26,78,91.42857142857143
2019-11-27,71,86.28571428571429
2019-11-28,61,82.28571428571429
2019-11-29,44,77.14285714285714
2019-11-30,41,67.71428571428571
2019-12-01,61,64.85714285714286
2019-12-02,46,57.42857142857143
2019-12-03,58,54.57142857142857
2019-12-04,76,55.285714285714285
2019-12-05,97,60.42857142857143
2019-12-06,105,69.14285714285714
2019-12-07,93,76.57142857142857
2019-12-08,85,80
2019-12-09,53,81
2019-12-10,52,80.14285714285714
2019-12-11,70,79.28571428571429
2019-12-12,75,76.14285714285714
2019-12-13,66,70.57142857142857
2019-12-14,65,66.57142857142857
2019-12-15,55,62.285714285714285
2019-12-16,75,65.42857142857143
2019-12-17,115,74.42857142857143
2019-12-18,96,78.14285714285714
2019-12-19,81,79
2019-12-20,90,82.42857142857143
2019-12-21,81,84.71428571428571
2019-12-22,71,87
2019-12-23,76,87.14285714285714
2019-12-24,50,77.85714285714286
2019-12-25,66,73.57142857142857
2019-12-26,87,74.42857142857143
2019-12-27,117,78.28571428571429
2019-12-28,68,76.42857142857143
2019-12-29,56,74.28571428571429
2019-12-30,61,72.14285714285714
2019-12-31,69,74.85714285714286
2020-01-01,56,73.42857142857143
2020-01-02,84,73
2020-01-03,86,68.57142857142857
2020-01-04,103,73.57142857142857
2020-01-05,82,77.28571428571429
2020-01-06,82,80.28571428571429
2020-01-07,100,84.71428571428571
2020-01-08,84,88.71428571428571
2020-01-09,88,89.28571428571429
2020-01-10,117,93.71428571428571
2020-01-11,109,94.57142857142857
2020-01-12,75,93.57142857142857
2020-01-13,50,89
2020-01-14,96,88.42857142857143
2020-01-15,121,93.71428571428571
2020-01-16,82,92.85714285714286
2020-01-17,73,86.57142857142857
2020-01-18,59,79.42857142857143
2020-01-19,86,81
2020-01-20,91,86.85714285714286
2020-01-21,86,85.42857142857143
2020-01-22,101,82.57142857142857
2020-01-23,94,84.28571428571429
2020-01-24,107,89.14285714285714
2020-01-25,126,98.71428571428571
2020-01-26,95,100
2020-01-27,78,98.14285714285714
2020-01-28,102,100.42857142857143
2020-01-29,137,105.57142857142857
2020-01-30,133,111.14285714285714
2020-01-31,113,112
2020-02-01,120,111.14285714285714
2020-02-02,97,111.42857142857143
2020-02-03,87,112.71428571428571
2020-02-04,89,110.85714285714286
2020-02-05,138,111
2020-02-06,117,108.71428571428571
2020-02-07,115,109
2020-02-08,121,109.14285714285714
2020-02-09,62,104.14285714285714
2020-02-10,104,106.57142857142857
2020-02-11,86,106.14285714285714
2020-02-12,89,99.14285714285714
2020-02-13,63,91.42857142857143
2020-02-14,89,87.71428571428571
2020-02-15,65,79.71428571428571
2020-02-16,86,83.14285714285714
2020-02-17,62,77.14285714285714
2020-02-18,72,75.14285714285714
2020-02-19,103,77.14285714285714
2020-02-20,95,81.71428571428571
2020-02-21,93,82.28571428571429
2020-02-22,131,91.71428571428571
2020-02-23,81,91
2020-02-24,82,93.85714285714286
2020-02-25,92,96.71428571428571
2020-02-26,107,97.28571428571429
2020-02-27,105,98.71428571428571
2020-02-28,128,103.71428571428571
2020-02-29,93,98.28571428571429
2020-03-01,78,97.85714285714286
2020-03-02,108,101.57142857142857
2020-03-03,98,102.42857142857143
2020-03-04,136,106.57142857142857
2020-03-05,145,112.28571428571429
2020-03-06,154,116
2020-03-07,109,118.28571428571429
2020-03-08,76,118
2020-03-09,92,115.71428571428571
2020-03-10,89,114.42857142857143
2020-03-11,108,110.42857142857143
2020-03-12,132,108.57142857142857
2020-03-13,125,104.42857142857143
2020-03-14,113,105
2020-03-15,100,108.42857142857143
2020-03-16,93,108.57142857142857
2020-03-17,85,108
2020-03-18,134,111.71428571428571
2020-03-19,108,108.28571428571429
2020-03-20,111,106.28571428571429
2020-03-21,74,100.71428571428571
2020-03-22,52,93.85714285714286
2020-03-23,65,89.85714285714286
2020-03-24,86,90
2020-03-25,65,80.14285714285714
2020-03-26,119,81.71428571428571
2020-03-27,100,80.14285714285714
2020-03-28,84,81.57142857142857
2020-03-29,70,84.14285714285714
2020-03-30,85,87
2020-03-31,102,89.28571428571429
2020-04-01,111,95.85714285714286
2020-04-02,112,94.85714285714286
2020-04-03,91,93.57142857142857
2020-04-04,78,92.71428571428571
2020-04-05,87,95.14285714285714
2020-04-06,88,95.57142857142857
2020-04-07,117,97.71428571428571
2020-04-08,112,97.85714285714286
2020-04-09,90,94.71428571428571
2020-04-10,83,93.57142857142857
2020-04-11,140,102.42857142857143
2020-04-12,80,101.42857142857143
2020-04-13,70,98.85714285714286
2020-04-14,74,92.71428571428571
2020-04-15,111,92.57142857142857
2020-04-16,122,97.14285714285714
2020-04-17,128,103.57142857142857
2020-04-18,108,99
2020-04-19,87,100
2020-04-20,94,103.42857142857143
2020-04-21,120,110
2020-04-22,106,109.28571428571429
2020-04-23,120,109
2020-04-24,117,107.42857142857143
2020-04-25,95,105.57142857142857
2020-04-26,65,102.42857142857143
2020-04-27,95,102.57142857142857
2020-04-28,103,100.14285714285714
2020-04-29,90,97.85714285714286
2020-04-30,124,98.42857142857143
2020-05-01,134,100.85714285714286
2020-05-02,113,103.42857142857143
2020-05-03,81,105.71428571428571
2020-05-04,122,109.57142857142857
2020-05-05,124,112.57142857142857
2020-05-06,120,116.85714285714286
2020-05-07,131,117.85714285714286
2020-05-08,167,122.57142857142857
2020-05-09,112,122.42857142857143
2020-05-10,91,123.85714285714286
2020-05-11,128,124.71428571428571
2020-05-12,135,126.28571428571429
2020-05-13,119,126.14285714285714
2020-05-14,137,127
2020-05-15,119,120.14285714285714
2020-05-16,88,116.71428571428571
2020-05-17,49,110.71428571428571
2020-05-18,103,107.14285714285714
2020-05-19,102,102.42857142857143
2020-05-20,101,99.85714285714286
2020-05-21,122,97.71428571428571
2020-05-22,148,101.85714285714286
2020-05-23,111,105.14285714285714
2020-05-24,79,109.42857142857143
2020-05-25,67,104.28571428571429
2020-05-26,65,99
2020-05-27,28,88.57142857142857
2020-05-28,23,74.42857142857143
2020-05-29,38,58.714285714285715
2020-05-30,66,52.285714285714285
2020-05-31,170,65.28571428571429
2020-06-01,212,86
2020-06-02,178,102.14285714285714
2020-06-03,127,116.28571428571429
2020-06-04,85,125.14285714285714
2020-06-05,66,129.14285714285714
2020-06-06,57,127.85714285714286
2020-06-07,42,109.57142857142857
2020-06-08,38,84.71428571428571
2020-06-09,43,65.42857142857143
2020-06-10,32,51.857142857142854
2020-06-11,24,43.142857142857146
2020-06-12,34,38.57142857142857
2020-06-13,34,35.285714285714285
2020-06-14,25,32.857142857142854
2020-06-15,33,32.142857142857146
2020-06-16,33,30.714285714285715
2020-06-17,34,31
2020-06-18,39,33.142857142857146
2020-06-19,35,33.285714285714285
2020-06-20,28,32.42857142857143
2020-06-21,21,31.857142857142858
2020-06-22,31,31.571428571428573
2020-06-23,25,30.428571428571427
2020-06-24,44,31.857142857142858
2020-06-25,51,33.57142857142857
2020-06-26,36,33.714285714285715
2020-06-27,34,34.57142857142857
2020-06-28,30,35.857142857142854
2020-06-29,34,36.285714285714285
2020-06-30,47,39.42857142857143
2020-07-01,34,38
2020-07-02,31,35.142857142857146
2020-07-03,36,35.142857142857146
2020-07-04,22,33.42857142857143
2020-07-05,36,34.285714285714285
2020-07-06,23,32.714285714285715
2020-07-07,36,31.142857142857142
2020-07-08,54,34
2020-07-09,51,36.857142857142854
2020-07-10,33,36.42857142857143
2020-07-11,47,40
2020-07-12,30,39.142857142857146
2020-07-13,41,41.714285714285715
2020-07-14,38,42
2020-07-15,71,44.42857142857143
2020-07-16,90,50
2020-07-17,56,53.285714285714285
2020-07-18,75,57.285714285714285
2020-07-19,43,59.142857142857146
2020-07-20,59,61.714285714285715
2020-07-21,79,67.57142857142857
2020-07-22,69,67.28571428571429
2020-07-23,41,60.285714285714285
2020-07-24,60,60.857142857142854
2020-07-25,31,54.57142857142857
2020-07-26,40,54.142857142857146
2020-07-27,82,57.42857142857143
2020-07-28,60,54.714285714285715
2020-07-29,72,55.142857142857146
2020-07-30,55,57.142857142857146
2020-07-31,58,56.857142857142854
2020-08-01,39,58
2020-08-02,31,56.714285714285715
2020-08-03,61,53.714285714285715
2020-08-04,58,53.42857142857143
2020-08-05,69,53
2020-08-06,71,55.285714285714285
2020-08-07,76,57.857142857142854
2020-08-08,56,60.285714285714285
2020-08-09,32,60.42857142857143
2020-08-10,50,58.857142857142854
2020-08-11,58,58.857142857142854
2020-08-12,66,58.42857142857143
2020-08-13,50,55.42857142857143
2020-08-14,52,52
2020-08-15,52,51.42857142857143
2020-08-16,43,53
2020-08-17,50,53
2020-08-18,59,53.142857142857146
2020-08-19,67,53.285714285714285
2020-08-20,79,57.42857142857143
2020-08-21,46,56.57142857142857
2020-08-22,64,58.285714285714285
2020-08-23,36,57.285714285714285
2020-08-24,55,58
2020-08-25,51,56.857142857142854
2020-08-26,50,54.42857142857143
2020-08-27,77,54.142857142857146
2020-08-28,56,55.57142857142857
2020-08-29,57,54.57142857142857
2020-08-30,50,56.57142857142857
2020-08-31,39,54.285714285714285
2020-09-01,56,55
2020-09-02,53,55.42857142857143
2020-09-03,56,52.42857142857143
2020-09-04,58,52.714285714285715
2020-09-05,52,52
2020-09-06,44,51.142857142857146
2020-09-07,22,48.714285714285715
2020-09-08,44,47
2020-09-09,52,46.857142857142854
2020-09-10,49,45.857142857142854
2020-09-11,45,44
2020-09-12,44,42.857142857142854
2020-09-13,40,42.285714285714285
2020-09-14,49,46.142857142857146
2020-09-15,49,46.857142857142854
2020-09-16,75,50.142857142857146
2020-09-17,67,52.714285714285715
2020-09-18,51,53.57142857142857
2020-09-19,40,53
2020-09-20,39,52.857142857142854
2020-09-21,60,54.42857142857143
2020-09-22,69,57.285714285714285
2020-09-23,60,55.142857142857146
2020-09-24,51,52.857142857142854
2020-09-25,48,52.42857142857143
2020-09-26,54,54.42857142857143
2020-09-27,45,55.285714285714285
2020-09-28,61,55.42857142857143
2020-09-29,73,56
2020-09-30,81,59
2020-10-01,58,60
2020-10-02,62,62
2020-10-03,39,59.857142857142854
2020-10-04,54,61.142857142857146
2020-10-05,56,60.42857142857143
2020-10-06,70,60
2020-10-07,68,58.142857142857146
2020-10-08,60,58.42857142857143
2020-10-09,63,58.57142857142857
2020-10-10,48,59.857142857142854
2020-10-11,51,59.42857142857143
2020-10-12,54,59.142857142857146
2020-10-13,64,58.285714285714285
2020-10-14,50,55.714285714285715
2020-10-15,49,54.142857142857146
2020-10-16,39,50.714285714285715
2020-10-17,45,50.285714285714285
2020-10-18,42,49
2020-10-19,69,51.142857142857146
2020-10-20,29,46.142857142857146
2020-10-21,48,45.857142857142854
2020-10-22,49,45.857142857142854
2020-10-23,69,50.142857142857146
2020-10-24,52,51.142857142857146
2020-10-25,28,49.142857142857146
2020-10-26,46,45.857142857142854
2020-10-27,46,48.285714285714285
2020-10-28,53,49
2020-10-29,40,47.714285714285715
2020-10-30,57,46
2020-10-31,60,47.142857142857146
2020-11-01,51,50.42857142857143
2020-11-02,32,48.42857142857143
2020-11-03,55,49.714285714285715
2020-11-04,45,48.57142857142857
2020-11-05,38,48.285714285714285
2020-11-06,49,47.142857142857146
2020-11-07,56,46.57142857142857
2020-11-08,48,46.142857142857146
2020-11-09,38,47
2020-11-10,32,43.714285714285715
2020-11-11,24,40.714285714285715
2020-11-12,34,40.142857142857146
2020-11-13,29,37.285714285714285
2020-11-14,27,33.142857142857146
2020-11-15,23,29.571428571428573
2020-11-16,54,31.857142857142858
2020-11-17,46,33.857142857142854
2020-11-18,41,36.285714285714285
2020-11-19,71,41.57142857142857
2020-11-20,71,47.57142857142857
2020-11-21,71,53.857142857142854
2020-11-22,42,56.57142857142857
2020-11-23,51,56.142857142857146
2020-11-24,47,56.285714285714285
2020-11-25,63,59.42857142857143
2020-11-26,38,54.714285714285715
2020-11-27,64,53.714285714285715
2020-11-28,52,51
2020-11-29,48,51.857142857142854
2020-11-30,53,52.142857142857146
2020-12-01,59,53.857142857142854
2020-12-02,58,53.142857142857146
2020-12-03,47,54.42857142857143
2020-12-04,42,51.285714285714285
2020-12-05,45,50.285714285714285
2020-12-06,42,49.42857142857143
2020-12-07,43,48
2020-12-08,70,49.57142857142857
2020-12-09,60,49.857142857142854
2020-12-10,69,53
2020-12-11,85,59.142857142857146
2020-12-12,45,59.142857142857146
2020-12-13,28,57.142857142857146
2020-12-14,40,56.714285714285715
2020-12-15,61,55.42857142857143
2020-12-16,55,54.714285714285715
2020-12-17,52,52.285714285714285
2020-12-18,94,53.57142857142857
2020-12-19,55,55
2020-12-20,49,58
2020-12-21,58,60.57142857142857
2020-12-22,82,63.57142857142857
2020-12-23,36,60.857142857142854
2020-12-24,28,57.42857142857143
2020-12-25,30,48.285714285714285
2020-12-26,34,45.285714285714285
2020-12-27,23,41.57142857142857
2020-12-28,41,39.142857142857146
2020-12-29,35,32.42857142857143
2020-12-30,30,31.571428571428573
2020-12-31,32,32.142857142857146
2021-01-01,27,31.714285714285715
2021-01-02,46,33.42857142857143
2021-01-03,44,36.42857142857143
2021-01-04,36,35.714285714285715
2021-01-05,31,35.142857142857146
2021-01-06,54,38.57142857142857
2021-01-07,55,41.857142857142854
2021-01-08,60,46.57142857142857
2021-01-09,47,46.714285714285715
2021-01-10,37,45.714285714285715
2021-01-11,51,47.857142857142854
2021-01-12,44,49.714285714285715
2021-01-13,43,48.142857142857146
2021-01-14,44,46.57142857142857
2021-01-15,47,44.714285714285715
2021-01-16,55,45.857142857142854
2021-01-17,44,46.857142857142854
2021-01-18,28,43.57142857142857
2021-01-19,39,42.857142857142854
2021-01-20,33,41.42857142857143
2021-01-21,36,40.285714285714285
2021-01-22,54,41.285714285714285
2021-01-23,42,39.42857142857143
2021-01-24,31,37.57142857142857
2021-01-25,31,38
2021-01-26,72,42.714285714285715
2021-01-27,54,45.714285714285715
2021-01-28,66,50
2021-01-29,48,49.142857142857146
2021-01-30,68,52.857142857142854
2021-01-31,50,55.57142857142857
2021-02-01,46,57.714285714285715
2021-02-02,52,54.857142857142854
2021-02-03,47,53.857142857142854
2021-02-04,41,50.285714285714285
2021-02-05,65,52.714285714285715
2021-02-06,56,51
2021-02-07,55,51.714285714285715
2021-02-08,29,49.285714285714285
2021-02-09,45,48.285714285714285
2021-02-10,39,47.142857142857146
2021-02-11,34,46.142857142857146
2021-02-12,48,43.714285714285715
2021-02-13,62,44.57142857142857
2021-02-14,49,43.714285714285715
2021-02-15,29,43.714285714285715
2021-02-16,45,43.714285714285715
2021-02-17,39,43.714285714285715
2021-02-18,41,44.714285714285715
2021-02-19,37,43.142857142857146
2021-02-20,71,44.42857142857143
2021-02-21,47,44.142857142857146
2021-02-22,53,47.57142857142857
2021-02-23,46,47.714285714285715
2021-02-24,50,49.285714285714285
2021-02-25,56,51.42857142857143
2021-02-26,63,55.142857142857146
2021-02-27,50,52.142857142857146
2021-02-28,43,51.57142857142857
2021-03-01,87,56.42857142857143
2021-03-02,75,60.57142857142857
2021-03-03,66,62.857142857142854
2021-03-04,83,66.71428571428571
2021-03-05,93,71
2021-03-06,54,71.57142857142857
2021-03-07,42,71.42857142857143
2021-03-08,45,65.42857142857143
2021-03-09,57,62.857142857142854
2021-03-10,66,62.857142857142854
2021-03-11,49,58
2021-03-12,49,51.714285714285715
2021-03-13,40,49.714285714285715
2021-03-14,35,48.714285714285715
2021-03-15,25,45.857142857142854
2021-03-16,55,45.57142857142857
2021-03-17,81,47.714285714285715
2021-03-18,64,49.857142857142854
2021-03-19,50,50
2021-03-20,49,51.285714285714285
2021-03-21,41,52.142857142857146
2021-03-22,51,55.857142857142854
2021-03-23,45,54.42857142857143
2021-03-24,44,49.142857142857146
2021-03-25,53,47.57142857142857
2021-03-26,55,48.285714285714285
2021-03-27,42,47.285714285714285
2021-03-28,34,46.285714285714285
2021-03-29,32,43.57142857142857
2021-03-30,37,42.42857142857143
2021-03-31,68,45.857142857142854
2021-04-01,56,46.285714285714285
2021-04-02,36,43.57142857142857
2021-04-03,56,45.57142857142857
2021-04-04,50,47.857142857142854
2021-04-05,44,49.57142857142857
2021-04-06,39,49.857142857142854
2021-04-07,34,45
2021-04-08,43,43.142857142857146
2021-04-09,54,45.714285714285715
2021-04-10,44,44
2021-04-11,41,42.714285714285715
2021-04-12,53,44
2021-04-13,65,47.714285714285715
2021-04-14,29,47
2021-04-15,24,44.285714285714285
2021-04-16,26,40.285714285714285
2021-04-17,53,41.57142857142857
2021-04-18,45,42.142857142857146
2021-04-19,29,38.714285714285715
2021-04-20,33,34.142857142857146
2021-04-21,21,33
2021-04-22,23,32.857142857142854
2021-04-23,29,33.285714285714285
2021-04-24,39,31.285714285714285
2021-04-25,35,29.857142857142858
2021-04-26,31,30.142857142857142
2021-04-27,28,29.428571428571427
2021-04-28,36,31.571428571428573
2021-04-29,33,33
2021-04-30,42,34.857142857142854
2021-05-01,36,34.42857142857143
2021-05-02,37,34.714285714285715
2021-05-03,36,35.42857142857143
2021-05-04,54,39.142857142857146
2021-05-05,30,38.285714285714285
2021-05-06,52,41
2021-05-07,40,40.714285714285715
2021-05-08,39,41.142857142857146
2021-05-09,39,41.42857142857143
2021-05-10,40,42
2021-05-11,29,38.42857142857143
2021-05-12,43,40.285714285714285
2021-05-13,51,40.142857142857146
2021-05-14,58,42.714285714285715
2021-05-15,34,42
2021-05-16,28,40.42857142857143
2021-05-17,43,40.857142857142854
2021-05-18,43,42.857142857142854
2021-05-19,45,43.142857142857146
2021-05-20,39,41.42857142857143
2021-05-21,40,38.857142857142854
2021-05-22,36,39.142857142857146
2021-05-23,37,40.42857142857143
2021-05-24,51,41.57142857142857
2021-05-25,37,40.714285714285715
2021-05-26,54,42
2021-05-27,36,41.57142857142857
2021-05-28,47,42.57142857142857
2021-05-29,24,40.857142857142854
2021-05-30,30,39.857142857142854
2021-05-31,58,40.857142857142854
2021-06-01,62,44.42857142857143
2021-06-02,38,42.142857142857146
2021-06-03,41,42.857142857142854
2021-06-04,30,40.42857142857143
2021-06-05,54,44.714285714285715
2021-06-06,31,44.857142857142854
2021-06-07,38,42
2021-06-08,42,39.142857142857146
2021-06-09,30,38
2021-06-10,47,38.857142857142854
2021-06-11,37,39.857142857142854
2021-06-12,32,36.714285714285715
2021-06-13,39,37.857142857142854
2021-06-14,29,36.57142857142857
2021-06-15,36,35.714285714285715
2021-06-16,32,36
2021-06-17,52,36.714285714285715
2021-06-18,35,36.42857142857143
2021-06-19,39,37.42857142857143
2021-06-20,27,35.714285714285715
2021-06-21,43,37.714285714285715
2021-06-22,29,36.714285714285715
2021-06-23,37,37.42857142857143
2021-06-24,46,36.57142857142857
2021-06-25,38,37
2021-06-26,24,34.857142857142854
2021-06-27,41,36.857142857142854
2021-06-28,32,35.285714285714285
2021-06-29,47,37.857142857142854
2021-06-30,40,38.285714285714285
2021-07-01,48,38.57142857142857
2021-07-02,27,37
2021-07-03,28,37.57142857142857
2021-07-04,26,35.42857142857143
2021-07-05,31,35.285714285714285
2021-07-06,31,33
2021-07-07,40,33
2021-07-08,30,30.428571428571427
2021-07-09,38,32
2021-07-10,43,34.142857142857146
2021-07-11,33,35.142857142857146
2021-07-12,32,35.285714285714285
2021-07-13,36,36
2021-07-14,51,37.57142857142857
2021-07-15,52,40.714285714285715
2021-07-16,36,40.42857142857143
2021-07-17,29,38.42857142857143
2021-07-18,26,37.42857142857143
2021-07-19,39,38.42857142857143
2021-07-20,43,39.42857142857143
2021-07-21,46,38.714285714285715
2021-07-22,32,35.857142857142854
2021-07-23,60,39.285714285714285
2021-07-24,43,41.285714285714285
2021-07-25,34,42.42857142857143
2021-07-26,46,43.42857142857143
2021-07-27,36,42.42857142857143
2021-07-28,48,42.714285714285715
2021-07-29,45,44.57142857142857
2021-07-30,40,41.714285714285715
2021-07-31,43,41.714285714285715
2021-08-01,32,41.42857142857143
2021-08-02,41,40.714285714285715
2021-08-03,39,41.142857142857146
2021-08-04,44,40.57142857142857
2021-08-05,30,38.42857142857143
2021-08-06,44,39
2021-08-07,40,38.57142857142857
2021-08-08,30,38.285714285714285
2021-08-09,18,35
2021-08-10,34,34.285714285714285
2021-08-11,35,33
2021-08-12,48,35.57142857142857
2021-08-13,48,36.142857142857146
2021-08-14,31,34.857142857142854
2021-08-15,30,34.857142857142854
2021-08-16,39,37.857142857142854
2021-08-17,58,41.285714285714285
2021-08-18,44,42.57142857142857
2021-08-19,42,41.714285714285715
2021-08-20,27,38.714285714285715
2021-08-21,48,41.142857142857146
2021-08-22,30,41.142857142857146
2021-08-23,36,40.714285714285715
2021-08-24,32,37
2021-08-25,43,36.857142857142854
2021-08-26,42,36.857142857142854
2021-08-27,47,39.714285714285715
2021-08-28,34,37.714285714285715
2021-08-29,38,38.857142857142854
2021-08-30,40,39.42857142857143
2021-08-31,44,41.142857142857146
2021-09-01,47,41.714285714285715
2021-09-02,43,41.857142857142854
2021-09-03,48,42
2021-09-04,36,42.285714285714285
2021-09-05,45,43.285714285714285
2021-09-06,35,42.57142857142857
2021-09-07,51,43.57142857142857
2021-09-08,47,43.57142857142857
2021-09-09,43,43.57142857142857
2021-09-10,31,41.142857142857146
2021-09-11,33,40.714285714285715
2021-09-12,40,40
2021-09-13,41,40.857142857142854
2021-09-14,30,37.857142857142854
2021-09-15,49,38.142857142857146
2021-09-16,56,40
2021-09-17,43,41.714285714285715
2021-09-18,43,43.142857142857146
2021-09-19,42,43.42857142857143
2021-09-20,50,44.714285714285715
2021-09-21,32,45
2021-09-22,29,42.142857142857146
2021-09-23,39,39.714285714285715
2021-09-24,47,40.285714285714285
2021-09-25,26,37.857142857142854
2021-09-26,40,37.57142857142857
2021-09-27,42,36.42857142857143
2021-09-28,32,36.42857142857143
2021-09-29,47,39
2021-09-30,47,40.142857142857146
2021-10-01,49,40.42857142857143
2021-10-02,32,41.285714285714285
2021-10-03,31,40
2021-10-04,27,37.857142857142854
2021-10-05,27,37.142857142857146
2021-10-06,38,35.857142857142854
2021-10-07,40,34.857142857142854
2021-10-08,34,32.714285714285715
2021-10-09,43,34.285714285714285
2021-10-10,39,35.42857142857143
2021-10-11,40,37.285714285714285
2021-10-12,38,38.857142857142854
2021-10-13,34,38.285714285714285
2021-10-14,40,38.285714285714285
2021-10-15,32,38
2021-10-16,39,37.42857142857143
2021-10-17,34,36.714285714285715
2021-10-18,46,37.57142857142857
2021-10-19,35,37.142857142857146
2021-10-20,36,37.42857142857143
2021-10-21,28,35.714285714285715
2021-10-22,41,37
2021-10-23,33,36.142857142857146
2021-10-24,34,36.142857142857146
2021-10-25,35,34.57142857142857
2021-10-26,25,33.142857142857146
2021-10-27,32,32.57142857142857
2021-10-28,31,33
2021-10-29,42,33.142857142857146
2021-10-30,41,34.285714285714285
2021-10-31,27,33.285714285714285
2021-11-01,39,33.857142857142854
2021-11-02,39,35.857142857142854
2021-11-03,41,37.142857142857146
2021-11-04,38,38.142857142857146
2021-11-05,33,36.857142857142854
2021-11-06,40,36.714285714285715
2021-11-07,44,39.142857142857146
2021-11-08,34,38.42857142857143
2021-11-09,39,38.42857142857143
2021-11-10,42,38.57142857142857
2021-11-11,28,37.142857142857146
2021-11-12,25,36
2021-11-13,34,35.142857142857146
2021-11-14,28,32.857142857142854
2021-11-15,36,33.142857142857146
2021-11-16,36,32.714285714285715
2021-11-17,43,32.857142857142854
2021-11-18,37,34.142857142857146
2021-11-19,35,35.57142857142857
2021-11-20,44,37
2021-11-21,24,36.42857142857143
2021-11-22,37,36.57142857142857
2021-11-23,34,36.285714285714285
2021-11-24,21,33.142857142857146
2021-11-25,26,31.571428571428573
2021-11-26,38,32
2021-11-27,34,30.571428571428573
2021-11-28,41,33
2021-11-29,38,33.142857142857146
2021-11-30,31,32.714285714285715
2021-12-01,55,37.57142857142857
2021-12-02,34,38.714285714285715
2021-12-03,42,39.285714285714285
2021-12-04,52,41.857142857142854
2021-12-05,37,41.285714285714285
2021-12-06,23,39.142857142857146
2021-12-07,26,38.42857142857143
2021-12-08,41,36.42857142857143
2021-12-09,23,34.857142857142854
2021-12-10,25,32.42857142857143
2021-12-11,31,29.428571428571427
2021-12-12,44,30.428571428571427
2021-12-13,34,32
2021-12-14,45,34.714285714285715
2021-12-15,29,33
2021-12-16,22,32.857142857142854
2021-12-17,31,33.714285714285715
2021-12-18,40,35
2021-12-19,34,33.57142857142857
2021-12-20,36,33.857142857142854
2021-12-21,27,31.285714285714285
2021-12-22,27,31
2021-12-23,21,30.857142857142858
2021-12-24,31,30.857142857142858
2021-12-25,29,29.285714285714285
2021-12-26,22,27.571428571428573
2021-12-27,17,24.857142857142858
2021-12-28,30,25.285714285714285
2021-12-29,27,25.285714285714285
2021-12-30,36,27.428571428571427
2021-12-31,31,27.428571428571427
2022-01-01,28,27.285714285714285
2022-01-02,26,27.857142857142858
2022-01-03,25,29
2022-01-04,27,28.571428571428573
2022-01-05,35,29.714285714285715
2022-01-06,26,28.285714285714285
2022-01-07,44,30.142857142857142
2022-01-08,27,30
2022-01-09,32,30.857142857142858
2022-01-10,29,31.428571428571427
2022-01-11,30,31.857142857142858
2022-01-12,26,30.571428571428573
2022-01-13,49,33.857142857142854
2022-01-14,21,30.571428571428573
2022-01-15,26,30.428571428571427
2022-01-16,34,30.714285714285715
2022-01-17,31,31
2022-01-18,35,31.714285714285715
2022-01-19,41,33.857142857142854
2022-01-20,29,31
2022-01-21,20,30.857142857142858
2022-01-22,31,31.571428571428573
2022-01-23,27,30.571428571428573
2022-01-24,31,30.571428571428573
2022-01-25,28,29.571428571428573
2022-01-26,21,26.714285714285715
2022-01-27,32,27.142857142857142
2022-01-28,35,29.285714285714285
2022-01-29,46,31.428571428571427
2022-01-30,35,32.57142857142857
2022-01-31,39,33.714285714285715
2022-02-01,27,33.57142857142857
2022-02-02,36,35.714285714285715
2022-02-03,29,35.285714285714285
2022-02-04,34,35.142857142857146
2022-02-05,35,33.57142857142857
2022-02-06,22,31.714285714285715
2022-02-07,30,30.428571428571427
2022-02-08,29,30.714285714285715
2022-02-09,31,30
2022-02-10,43,32
2022-02-11,38,32.57142857142857
2022-02-12,39,33.142857142857146
2022-02-13,19,32.714285714285715
2022-02-14,28,32.42857142857143
2022-02-15,42,34.285714285714285
2022-02-16,44,36.142857142857146
2022-02-17,26,33.714285714285715
2022-02-18,38,33.714285714285715
2022-02-19,41,34
2022-02-20,23,34.57142857142857
2022-02-21,33,35.285714285714285
2022-02-22,22,32.42857142857143
2022-02-23,29,30.285714285714285
2022-02-24,22,29.714285714285715
2022-02-25,29,28.428571428571427
2022-02-26,38,28
2022-02-27,40,30.428571428571427
2022-02-28,42,31.714285714285715
2022-03-01,35,33.57142857142857
2022-03-02,40,35.142857142857146
2022-03-03,38,37.42857142857143
2022-03-04,33,38
2022-03-05,35,37.57142857142857
2022-03-06,29,36
2022-03-07,25,33.57142857142857
2022-03-08,43,34.714285714285715
2022-03-09,25,32.57142857142857
2022-03-10,28,31.142857142857142
2022-03-11,29,30.571428571428573
2022-03-12,31,30
2022-03-13,29,30
2022-03-14,28,30.428571428571427
2022-03-15,43,30.428571428571427
2022-03-16,22,30
2022-03-17,49,33
2022-03-18,37,34.142857142857146
2022-03-19,45,36.142857142857146
2022-03-20,27,35.857142857142854
2022-03-21,37,37.142857142857146
2022-03-22,46,37.57142857142857
2022-03-23,41,40.285714285714285
2022-03-24,58,41.57142857142857
2022-03-25,48,43.142857142857146
2022-03-26,39,42.285714285714285
2022-03-27,40,44.142857142857146
2022-03-28,55,46.714285714285715
2022-03-29,32,44.714285714285715
2022-03-30,35,43.857142857142854
2022-03-31,56,43.57142857142857
2022-04-01,35,41.714285714285715
2022-04-02,35,41.142857142857146
2022-04-03,34,40.285714285714285
2022-04-04,36,37.57142857142857
2022-04-05,33,37.714285714285715
2022-04-06,24,36.142857142857146
2022-04-07,25,31.714285714285715
2022-04-08,30,31
2022-04-09,50,33.142857142857146
2022-04-10,57,36.42857142857143
2022-04-11,33,36
2022-04-12,32,35.857142857142854
2022-04-13,44,38.714285714285715
2022-04-14,38,40.57142857142857
2022-04-15,38,41.714285714285715
2022-04-16,36,39.714285714285715
2022-04-17,40,37.285714285714285
2022-04-18,39,38.142857142857146
2022-04-19,32,38.142857142857146
2022-04-20,51,39.142857142857146
2022-04-21,39,39.285714285714285
2022-04-22,39,39.42857142857143
2022-04-23,31,38.714285714285715
2022-04-24,38,38.42857142857143
2022-04-25,37,38.142857142857146
2022-04-26,59,42
2022-04-27,43,40.857142857142854
2022-04-28,30,39.57142857142857
2022-04-29,42,40
2022-04-30,43,41.714285714285715
2022-05-01,41,42.142857142857146
2022-05-02,32,41.42857142857143
2022-05-03,31,37.42857142857143
2022-05-04,35,36.285714285714285
2022-05-05,44,38.285714285714285
2022-05-06,40,38
2022-05-07,32,36.42857142857143
2022-05-08,42,36.57142857142857
2022-05-09,39,37.57142857142857
2022-05-10,35,38.142857142857146
2022-05-11,40,38.857142857142854
2022-05-12,51,39.857142857142854
2022-05-13,51,41.42857142857143
2022-05-14,42,42.857142857142854
2022-05-15,48,43.714285714285715
2022-05-16,52,45.57142857142857
2022-05-17,44,46.857142857142854
2022-05-18,37,46.42857142857143
2022-05-19,43,45.285714285714285
2022-05-20,48,44.857142857142854
2022-05-21,36,44
2022-05-22,32,41.714285714285715
2022-05-23,42,40.285714285714285
2022-05-24,46,40.57142857142857
2022-05-25,37,40.57142857142857
2022-05-26,45,40.857142857142854
2022-05-27,28,38
2022-05-28,38,38.285714285714285
2022-05-29,41,39.57142857142857
2022-05-30,37,38.857142857142854
2022-05-31,47,39
2022-06-01,48,40.57142857142857
2022-06-02,35,39.142857142857146
2022-06-03,46,41.714285714285715
2022-06-04,38,41.714285714285715
2022-06-05,51,43.142857142857146
2022-06-06,48,44.714285714285715
2022-06-07,62,46.857142857142854
2022-06-08,56,48
2022-06-09,32,47.57142857142857
2022-06-10,51,48.285714285714285
2022-06-11,43,49
2022-06-12,44,48
2022-06-13,32,45.714285714285715
2022-06-14,28,40.857142857142854
2022-06-15,37,38.142857142857146
2022-06-16,44,39.857142857142854
2022-06-17,35,37.57142857142857
2022-06-18,35,36.42857142857143
2022-06-19,25,33.714285714285715
2022-06-20,35,34.142857142857146
2022-06-21,34,35
2022-06-22,26,33.42857142857143
2022-06-23,37,32.42857142857143
2022-06-24,58,35.714285714285715
2022-06-25,29,34.857142857142854
2022-06-26,39,36.857142857142854
2022-06-27,27,35.714285714285715
2022-06-28,58,39.142857142857146
2022-06-29,52,42.857142857142854
2022-06-30,52,45
2022-07-01,41,42.57142857142857
2022-07-02,48,45.285714285714285
2022-07-03,30,44
2022-07-04,48,47
2022-07-05,22,41.857142857142854
2022-07-06,50,41.57142857142857
2022-07-07,44,40.42857142857143
2022-07-08,39,40.142857142857146
2022-07-09,50,40.42857142857143
2022-07-10,48,43
2022-07-11,44,42.42857142857143
2022-07-12,64,48.42857142857143
2022-07-13,42,47.285714285714285
2022-07-14,27,44.857142857142854
2022-07-15,47,46
2022-07-16,37,44.142857142857146
2022-07-17,49,44.285714285714285
2022-07-18,42,44
2022-07-19,53,42.42857142857143
2022-07-20,46,43
2022-07-21,49,46.142857142857146
2022-07-22,47,46.142857142857146
2022-07-23,54,48.57142857142857
2022-07-24,42,47.57142857142857
2022-07-25,52,49
2022-07-26,51,48.714285714285715
2022-07-27,57,50.285714285714285
2022-07-28,33,48
2022-07-29,54,49
2022-07-30,48,48.142857142857146
2022-07-31,51,49.42857142857143
2022-08-01,53,49.57142857142857
2022-08-02,48,49.142857142857146
2022-08-03,38,46.42857142857143
2022-08-04,54,49.42857142857143
2022-08-05,48,48.57142857142857
2022-08-06,48,48.57142857142857
2022-08-07,35,46.285714285714285
2022-08-08,55,46.57142857142857
2022-08-09,51,47
2022-08-10,67,51.142857142857146
2022-08-11,69,53.285714285714285
2022-08-12,48,53.285714285714285
2022-08-13,69,56.285714285714285
2022-08-14,67,60.857142857142854
2022-08-15,47,59.714285714285715
2022-08-16,50,59.57142857142857
2022-08-17,48,56.857142857142854
2022-08-18,48,53.857142857142854
2022-08-19,57,55.142857142857146
2022-08-20,47,52
2022-08-21,43,48.57142857142857
2022-08-22,83,53.714285714285715
2022-08-23,60,55.142857142857146
2022-08-24,75,59
2022-08-25,61,60.857142857142854
2022-08-26,49,59.714285714285715
2022-08-27,74,63.57142857142857
2022-08-28,37,62.714285714285715
2022-08-29,48,57.714285714285715
2022-08-30,40,54.857142857142854
2022-08-31,53,51.714285714285715
2022-09-01,50,50.142857142857146
2022-09-02,57,51.285714285714285
2022-09-03,60,49.285714285714285
2022-09-04,44,50.285714285714285
2022-09-05,59,51.857142857142854
2022-09-06,51,53.42857142857143
2022-09-07,43,52
2022-09-08,52,52.285714285714285
2022-09-09,55,52
2022-09-10,54,51.142857142857146
2022-09-11,63,53.857142857142854
2022-09-12,59,53.857142857142854
2022-09-13,37,51.857142857142854
2022-09-14,66,55.142857142857146
2022-09-15,43,53.857142857142854
2022-09-16,64,55.142857142857146
2022-09-17,47,54.142857142857146
2022-09-18,44,51.42857142857143
2022-09-19,53,50.57142857142857
2022-09-20,43,51.42857142857143
2022-09-21,50,49.142857142857146
2022-09-22,56,51
2022-09-23,48,48.714285714285715
2022-09-24,63,51
2022-09-25,47,51.42857142857143
2022-09-26,53,51.42857142857143
2022-09-27,35,50.285714285714285
2022-09-28,37,48.42857142857143
2022-09-29,43,46.57142857142857
2022-09-30,43,45.857142857142854
2022-10-01,56,44.857142857142854
2022-10-02,33,42.857142857142854
2022-10-03,53,42.857142857142854
2022-10-04,60,46.42857142857143
2022-10-05,59,49.57142857142857
2022-10-06,46,50
2022-10-07,52,51.285714285714285
2022-10-08,44,49.57142857142857
2022-10-09,33,49.57142857142857
2022-10-10,55,49.857142857142854
2022-10-11,47,48
2022-10-12,54,47.285714285714285
2022-10-13,38,46.142857142857146
2022-10-14,43,44.857142857142854
2022-10-15,35,43.57142857142857
2022-10-16,39,44.42857142857143
2022-10-17,48,43.42857142857143
2022-10-18,50,43.857142857142854
2022-10-19,56,44.142857142857146
2022-10-20,40,44.42857142857143
2022-10-21,73,48.714285714285715
2022-10-22,55,51.57142857142857
2022-10-23,38,51.42857142857143
2022-10-24,46,51.142857142857146
2022-10-25,59,52.42857142857143
2022-10-26,41,50.285714285714285
2022-10-27,46,51.142857142857146
2022-10-28,74,51.285714285714285
2022-10-29,60,52
2022-10-30,39,52.142857142857146
2022-10-31,46,52.142857142857146
2022-11-01,49,50.714285714285715
2022-11-02,54,52.57142857142857
2022-11-03,65,55.285714285714285
2022-11-04,54,52.42857142857143
2022-11-05,57,52
2022-11-06,48,53.285714285714285
2022-11-07,60,55.285714285714285
2022-11-08,25,51.857142857142854
2022-11-09,41,50
2022-11-10,60,49.285714285714285
2022-11-11,42,47.57142857142857
2022-11-12,40,45.142857142857146
2022-11-13,34,43.142857142857146
2022-11-14,37,39.857142857142854
2022-11-15,36,41.42857142857143
2022-11-16,38,41
2022-11-17,36,37.57142857142857
2022-11-18,66,41
2022-11-19,37,40.57142857142857
2022-11-20,42,41.714285714285715
2022-11-21,57,44.57142857142857
2022-11-22,36,44.57142857142857
2022-11-23,43,45.285714285714285
2022-11-24,36,45.285714285714285
2022-11-25,43,42
2022-11-26,51,44
2022-11-27,38,43.42857142857143
2022-11-28,53,42.857142857142854
2022-11-29,22,40.857142857142854
2022-11-30,41,40.57142857142857
2022-12-01,32,40
2022-12-02,57,42
2022-12-03,35,39.714285714285715
2022-12-04,36,39.42857142857143
2022-12-05,58,40.142857142857146
2022-12-06,39,42.57142857142857
2022-12-07,31,41.142857142857146
2022-12-08,33,41.285714285714285
2022-12-09,50,40.285714285714285
2022-12-10,108,50.714285714285715
2022-12-11,68,55.285714285714285
2022-12-12,52,54.42857142857143
2022-12-13,36,54
2022-12-14,40,55.285714285714285
2022-12-15,24,54
2022-12-16,32,51.42857142857143
2022-12-17,43,42.142857142857146
2022-12-18,51,39.714285714285715
2022-12-19,30,36.57142857142857
2022-12-20,30,35.714285714285715
2022-12-21,35,35
2022-12-22,23,34.857142857142854
2022-12-23,25,33.857142857142854
2022-12-24,34,32.57142857142857
2022-12-25,28,29.285714285714285
2022-12-26,38,30.428571428571427
2022-12-27,46,32.714285714285715
2022-12-28,55,35.57142857142857
2022-12-29,33,37
2022-12-30,46,40
2022-12-31,40,40.857142857142854
2023-01-01,29,41
2023-01-02,26,39.285714285714285
2023-01-03,26,36.42857142857143
2023-01-04,24,32
2023-01-05,50,34.42857142857143
2023-01-06,46,34.42857142857143
2023-01-07,40,34.42857142857143
2023-01-08,21,33.285714285714285
2023-01-09,36,34.714285714285715
2023-01-10,41,36.857142857142854
2023-01-11,33,38.142857142857146
2023-01-12,43,37.142857142857146
2023-01-13,39,36.142857142857146
2023-01-14,53,38
2023-01-15,31,39.42857142857143
2023-01-16,36,39.42857142857143
2023-01-17,52,41
2023-01-18,58,44.57142857142857
2023-01-19,47,45.142857142857146
2023-01-20,80,51
2023-01-21,43,49.57142857142857
2023-01-22,40,50.857142857142854
2023-01-23,65,55
2023-01-24,50,54.714285714285715
2023-01-25,47,53.142857142857146
2023-01-26,34,51.285714285714285
2023-01-27,35,44.857142857142854
2023-01-28,60,47.285714285714285
2023-01-29,36,46.714285714285715
2023-01-30,49,44.42857142857143
2023-01-31,89,50
2023-02-01,50,50.42857142857143
2023-02-02,55,53.42857142857143
2023-02-03,46,55
2023-02-04,43,52.57142857142857
2023-02-05,43,53.57142857142857
2023-02-06,49,53.57142857142857
2023-02-07,56,48.857142857142854
2023-02-08,46,48.285714285714285
2023-02-09,41,46.285714285714285
2023-02-10,48,46.57142857142857
2023-02-11,53,48
2023-02-12,56,49.857142857142854
2023-02-13,59,51.285714285714285
2023-02-14,50,50.42857142857143
2023-02-15,65,53.142857142857146
2023-02-16,52,54.714285714285715
2023-02-17,42,53.857142857142854
2023-02-18,49,53.285714285714285
2023-02-19,42,51.285714285714285
2023-02-20,50,50
2023-02-21,50,50
2023-02-22,43,46.857142857142854
2023-02-23,42,45.42857142857143
2023-02-24,42,45.42857142857143
2023-02-25,53,46
2023-02-26,37,45.285714285714285
2023-02-27,57,46.285714285714285
2023-02-28,61,47.857142857142854
2023-03-01,59,50.142857142857146
2023-03-02,60,52.714285714285715
2023-03-03,73,57.142857142857146
2023-03-04,111,65.42857142857143
2023-03-05,67,69.71428571428571
2023-03-06,56,69.57142857142857
2023-03-07,54,68.57142857142857
2023-03-08,53,67.71428571428571
2023-03-09,46,65.71428571428571
2023-03-10,43,61.42857142857143
2023-03-11,56,53.57142857142857
2023-03-12,45,50.42857142857143
2023-03-13,57,50.57142857142857
2023-03-14,75,53.57142857142857
2023-03-15,75,56.714285714285715
2023-03-16,54,57.857142857142854
2023-03-17,38,57.142857142857146
2023-03-18,44,55.42857142857143
2023-03-19,41,54.857142857142854
2023-03-20,64,55.857142857142854
2023-03-21,67,54.714285714285715
2023-03-22,64,53.142857142857146
2023-03-23,61,54.142857142857146
2023-03-24,58,57
2023-03-25,66,60.142857142857146
2023-03-26,54,62
2023-03-27,50,60
2023-03-28,65,59.714285714285715
2023-03-29,66,60
2023-03-30,68,61
2023-03-31,56,60.714285714285715
2023-04-01,35,56.285714285714285
2023-04-02,27,52.42857142857143
2023-04-03,61,54
2023-04-04,71,54.857142857142854
2023-04-05,52,52.857142857142854
2023-04-06,65,52.42857142857143
2023-04-07,66,53.857142857142854
2023-04-08,52,56.285714285714285
2023-04-09,51,59.714285714285715
2023-04-10,46,57.57142857142857
2023-04-11,80,58.857142857142854
2023-04-12,57,59.57142857142857
2023-04-13,43,56.42857142857143
2023-04-14,65,56.285714285714285
2023-04-15,49,55.857142857142854
2023-04-16,29,52.714285714285715
2023-04-17,38,51.57142857142857
2023-04-18,55,48
2023-04-19,69,49.714285714285715
2023-04-20,50,50.714285714285715
2023-04-21,71,51.57142857142857
2023-04-22,53,52.142857142857146
2023-04-23,71,58.142857142857146
2023-04-24,75,63.42857142857143
2023-04-25,65,64.85714285714286
2023-04-26,52,62.42857142857143
2023-04-27,55,63.142857142857146
2023-04-28,53,60.57142857142857
2023-04-29,51,60.285714285714285
2023-04-30,58,58.42857142857143
2023-05-01,44,54
2023-05-02,60,53.285714285714285
2023-05-03,49,52.857142857142854
2023-05-04,62,53.857142857142854
2023-05-05,79,57.57142857142857
2023-05-06,52,57.714285714285715
2023-05-07,67,59
2023-05-08,50,59.857142857142854
2023-05-09,61,60
2023-05-10,49,60
2023-05-11,68,60.857142857142854
2023-05-12,72,59.857142857142854
2023-05-13,57,60.57142857142857
2023-05-14,45,57.42857142857143
2023-05-15,63,59.285714285714285
2023-05-16,44,56.857142857142854
2023-05-17,79,61.142857142857146
2023-05-18,47,58.142857142857146
2023-05-19,53,55.42857142857143
2023-05-20,58,55.57142857142857
2023-05-21,57,57.285714285714285
2023-05-22,52,55.714285714285715
2023-05-23,55,57.285714285714285
2023-05-24,55,53.857142857142854
2023-05-25,47,53.857142857142854
2023-05-26,47,53
2023-05-27,61,53.42857142857143
2023-05-28,60,53.857142857142854
2023-05-29,45,52.857142857142854
2023-05-30,57,53.142857142857146
2023-05-31,71,55.42857142857143
2023-06-01,61,57.42857142857143
2023-06-02,46,57.285714285714285
2023-06-03,48,55.42857142857143
2023-06-04,42,52.857142857142854
2023-06-05,61,55.142857142857146
2023-06-06,65,56.285714285714285
2023-06-07,87,58.57142857142857
2023-06-08,48,56.714285714285715
2023-06-09,54,57.857142857142854
2023-06-10,56,59
2023-06-11,52,60.42857142857143
2023-06-12,52,59.142857142857146
2023-06-13,58,58.142857142857146
2023-06-14,47,52.42857142857143
2023-06-15,45,52
2023-06-16,49,51.285714285714285
2023-06-17,45,49.714285714285715
2023-06-18,25,45.857142857142854
2023-06-19,49,45.42857142857143
2023-06-20,51,44.42857142857143
2023-06-21,54,45.42857142857143
2023-06-22,43,45.142857142857146
2023-06-23,55,46
2023-06-24,52,47
2023-06-25,53,51
2023-06-26,70,54
2023-06-27,64,55.857142857142854
2023-06-28,53,55.714285714285715
2023-06-29,53,57.142857142857146
2023-06-30,75,60
2023-07-01,55,60.42857142857143
2023-07-02,57,61
2023-07-03,46,57.57142857142857
2023-07-04,45,54.857142857142854
2023-07-05,76,58.142857142857146
2023-07-06,53,58.142857142857146
2023-07-07,65,56.714285714285715
2023-07-08,54,56.57142857142857
2023-07-09,36,53.57142857142857
2023-07-10,55,54.857142857142854
2023-07-11,60,57
2023-07-12,52,53.57142857142857
2023-07-13,63,55
2023-07-14,45,52.142857142857146
2023-07-15,54,52.142857142857146
2023-07-16,27,50.857142857142854
2023-07-17,58,51.285714285714285
2023-07-18,62,51.57142857142857
2023-07-19,59,52.57142857142857
2023-07-20,60,52.142857142857146
2023-07-21,48,52.57142857142857
2023-07-22,61,53.57142857142857
2023-07-23,60,58.285714285714285
2023-07-24,73,60.42857142857143
2023-07-25,52,59
2023-07-26,52,58
2023-07-27,64,58.57142857142857
2023-07-28,55,59.57142857142857
2023-07-29,53,58.42857142857143
2023-07-30,58,58.142857142857146
2023-07-31,44,54
2023-08-01,52,54
2023-08-02,55,54.42857142857143
2023-08-03,44,51.57142857142857
2023-08-04,51,51
2023-08-05,62,52.285714285714285
2023-08-06,47,50.714285714285715
2023-08-07,67,54
2023-08-08,56,54.57142857142857
2023-08-09,59,55.142857142857146
2023-08-10,63,57.857142857142854
2023-08-11,48,57.42857142857143
2023-08-12,36,53.714285714285715
2023-08-13,44,53.285714285714285
2023-08-14,62,52.57142857142857
2023-08-15,56,52.57142857142857
2023-08-16,37,49.42857142857143
2023-08-17,56,48.42857142857143
2023-08-18,75,52.285714285714285
2023-08-19,42,53.142857142857146
2023-08-20,40,52.57142857142857
2023-08-21,45,50.142857142857146
2023-08-22,48,49
2023-08-23,38,49.142857142857146
2023-08-24,34,46
2023-08-25,34,40.142857142857146
2023-08-26,38,39.57142857142857
2023-08-27,72,44.142857142857146
2023-08-28,84,49.714285714285715
2023-08-29,58,51.142857142857146
2023-08-30,49,52.714285714285715
2023-08-31,58,56.142857142857146
2023-09-01,60,59.857142857142854
2023-09-02,38,59.857142857142854
2023-09-03,42,55.57142857142857
2023-09-04,35,48.57142857142857
2023-09-05,54,48
2023-09-06,43,47.142857142857146
2023-09-07,60,47.42857142857143
2023-09-08,62,47.714285714285715
2023-09-09,61,51
2023-09-10,34,49.857142857142854
2023-09-11,54,52.57142857142857
2023-09-12,54,52.57142857142857
2023-09-13,41,52.285714285714285
2023-09-14,56,51.714285714285715
2023-09-15,60,51.42857142857143
2023-09-16,47,49.42857142857143
2023-09-17,44,50.857142857142854
2023-09-18,53,50.714285714285715
2023-09-19,53,50.57142857142857
2023-09-20,52,52.142857142857146
2023-09-21,60,52.714285714285715
2023-09-22,44,50.42857142857143
2023-09-23,38,49.142857142857146
2023-09-24,42,48.857142857142854
2023-09-25,45,47.714285714285715
2023-09-26,46,46.714285714285715
2023-09-27,36,44.42857142857143
2023-09-28,43,42
2023-09-29,43,41.857142857142854
2023-09-30,47,43.142857142857146
2023-10-01,52,44.57142857142857
2023-10-02,51,45.42857142857143
2023-10-03,34,43.714285714285715
2023-10-04,45,45
2023-10-05,44,45.142857142857146
2023-10-06,43,45.142857142857146
2023-10-07,40,44.142857142857146
2023-10-08,36,41.857142857142854
2023-10-09,41,40.42857142857143
2023-10-10,49,42.57142857142857
2023-10-11,56,44.142857142857146
2023-10-12,41,43.714285714285715
2023-10-13,32,42.142857142857146
2023-10-14,30,40.714285714285715
2023-10-15,43,41.714285714285715
2023-10-16,35,40.857142857142854
2023-10-17,52,41.285714285714285
2023-10-18,48,40.142857142857146
2023-10-19,61,43
2023-10-20,41,44.285714285714285
2023-10-21,49,47
2023-10-22,42,46.857142857142854
2023-10-23,56,49.857142857142854
2023-10-24,31,46.857142857142854
2023-10-25,45,46.42857142857143
2023-10-26,57,45.857142857142854
2023-10-27,39,45.57142857142857
2023-10-28,40,44.285714285714285
2023-10-29,60,46.857142857142854
2023-10-30,44,45.142857142857146
2023-10-31,45,47.142857142857146
2023-11-01,44,47
2023-11-02,45,45.285714285714285
2023-11-03,49,46.714285714285715
2023-11-04,43,47.142857142857146
2023-11-05,67,48.142857142857146
2023-11-06,52,49.285714285714285
2023-11-07,52,50.285714285714285
2023-11-08,35,49
2023-11-09,62,51.42857142857143
2023-11-10,43,50.57142857142857
2023-11-11,44,50.714285714285715
2023-11-12,48,48
2023-11-13,31,45
2023-11-14,39,43.142857142857146
2023-11-15,65,47.42857142857143
2023-11-16,53,46.142857142857146
2023-11-17,32,44.57142857142857
2023-11-18,42,44.285714285714285
2023-11-19,71,47.57142857142857
2023-11-20,44,49.42857142857143
2023-11-21,47,50.57142857142857
2023-11-22,35,46.285714285714285
2023-11-23,26,42.42857142857143
2023-11-24,37,43.142857142857146
2023-11-25,32,41.714285714285715
2023-11-26,43,37.714285714285715
2023-11-27,38,36.857142857142854
2023-11-28,39,35.714285714285715
2023-11-29,34,35.57142857142857
2023-11-30,39,37.42857142857143
2023-12-01,41,38
2023-12-02,46,40
2023-12-03,29,38
2023-12-04,28,36.57142857142857
2023-12-05,57,39.142857142857146
2023-12-06,40,40
2023-12-07,32,39
2023-12-08,63,42.142857142857146
2023-12-09,62,44.42857142857143
2023-12-10,31,44.714285714285715
2023-12-11,26,44.42857142857143
2023-12-12,38,41.714285714285715
2023-12-13,44,42.285714285714285
2023-12-14,55,45.57142857142857
2023-12-15,34,41.42857142857143
2023-12-16,34,37.42857142857143
2023-12-17,35,38
2023-12-18,46,40.857142857142854
2023-12-19,53,43
2023-12-20,47,43.42857142857143
2023-12-21,41,41.42857142857143
2023-12-22,53,44.142857142857146
2023-12-23,55,47.142857142857146
2023-12-24,41,48
2023-12-25,22,44.57142857142857
2023-12-26,59,45.42857142857143
2023-12-27,46,45.285714285714285
2023-12-28,59,47.857142857142854
2023-12-29,42,46.285714285714285
2023-12-30,32,43
2023-12-31,34,42
2024-01-01,31,43.285714285714285
2024-01-02,28,38.857142857142854
2024-01-03,41,38.142857142857146
2024-01-04,39,35.285714285714285
2024-01-05,57,37.42857142857143
2024-01-06,32,37.42857142857143
2024-01-07,27,36.42857142857143
2024-01-08,47,38.714285714285715
2024-01-09,41,40.57142857142857
2024-01-10,49,41.714285714285715
2024-01-11,49,43.142857142857146
2024-01-12,49,42
2024-01-13,18,40
2024-01-14,29,40.285714285714285
2024-01-15,26,37.285714285714285
2024-01-16,24,34.857142857142854
2024-01-17,44,34.142857142857146
2024-01-18,39,32.714285714285715
2024-01-19,37,31
2024-01-20,49,35.42857142857143
2024-01-21,43,37.42857142857143
2024-01-22,33,38.42857142857143
2024-01-23,31,39.42857142857143
2024-01-24,58,41.42857142857143
2024-01-25,38,41.285714285714285
2024-01-26,58,44.285714285714285
2024-01-27,36,42.42857142857143
2024-01-28,36,41.42857142857143
2024-01-29,36,41.857142857142854
2024-01-30,31,41.857142857142854
2024-01-31,29,37.714285714285715
2024-02-01,43,38.42857142857143
2024-02-02,64,39.285714285714285
2024-02-03,54,41.857142857142854
2024-02-04,48,43.57142857142857
2024-02-05,57,46.57142857142857
2024-02-06,44,48.42857142857143
2024-02-07,48,51.142857142857146
2024-02-08,46,51.57142857142857
2024-02-09,44,48.714285714285715
2024-02-10,35,46
2024-02-11,35,44.142857142857146
2024-02-12,43,42.142857142857146
2024-02-13,42,41.857142857142854
2024-02-14,23,38.285714285714285
2024-02-15,44,38
2024-02-16,35,36.714285714285715
2024-02-17,41,37.57142857142857
2024-02-18,37,37.857142857142854
2024-02-19,33,36.42857142857143
2024-02-20,37,35.714285714285715
2024-02-21,51,39.714285714285715
2024-02-22,55,41.285714285714285
2024-02-23,50,43.42857142857143
2024-02-24,28,41.57142857142857
2024-02-25,35,41.285714285714285
2024-02-26,44,42.857142857142854
2024-02-27,34,42.42857142857143
2024-02-28,33,39.857142857142854
2024-02-29,35,37
2024-03-01,51,37.142857142857146
2024-03-02,61,41.857142857142854
2024-03-03,47,43.57142857142857
2024-03-04,38,42.714285714285715
2024-03-05,41,43.714285714285715
2024-03-06,44,45.285714285714285
2024-03-07,39,45.857142857142854
2024-03-08,49,45.57142857142857
2024-03-09,33,41.57142857142857
2024-03-10,29,39
2024-03-11,43,39.714285714285715
2024-03-12,39,39.42857142857143
2024-03-13,47,39.857142857142854
2024-03-14,53,41.857142857142854
2024-03-15,73,45.285714285714285
2024-03-16,61,49.285714285714285
2024-03-17,41,51
2024-03-18,29,49
2024-03-19,90,56.285714285714285
2024-03-20,43,55.714285714285715
2024-03-21,40,53.857142857142854
2024-03-22,44,49.714285714285715
2024-03-23,53,48.57142857142857
2024-03-24,22,45.857142857142854
2024-03-25,29,45.857142857142854
2024-03-26,18,35.57142857142857
2024-03-27,42,35.42857142857143
2024-03-28,44,36
2024-03-29,63,38.714285714285715
2024-03-30,53,38.714285714285715
2024-03-31,35,40.57142857142857
2024-04-01,53,44
2024-04-02,51,48.714285714285715
2024-04-03,71,52.857142857142854
2024-04-04,56,54.57142857142857
2024-04-05,53,53.142857142857146
2024-04-06,53,53.142857142857146
2024-04-07,30,52.42857142857143
2024-04-08,48,51.714285714285715
2024-04-09,31,48.857142857142854
2024-04-10,56,46.714285714285715
2024-04-11,60,47.285714285714285
2024-04-12,57,47.857142857142854
2024-04-13,91,53.285714285714285
2024-04-14,55,56.857142857142854
2024-04-15,34,54.857142857142854
2024-04-16,40,56.142857142857146
2024-04-17,50,55.285714285714285
2024-04-18,62,55.57142857142857
2024-04-19,54,55.142857142857146
2024-04-20,50,49.285714285714285
2024-04-21,45,47.857142857142854
2024-04-22,49,50
2024-04-23,31,48.714285714285715
2024-04-24,42,47.57142857142857
2024-04-25,54,46.42857142857143
2024-04-26,39,44.285714285714285
2024-04-27,43,43.285714285714285
2024-04-28,32,41.42857142857143
2024-04-29,33,39.142857142857146
2024-04-30,52,42.142857142857146
2024-05-01,60,44.714285714285715
2024-05-02,43,43.142857142857146
2024-05-03,54,45.285714285714285
2024-05-04,52,46.57142857142857
2024-05-05,41,47.857142857142854
2024-05-06,33,47.857142857142854
2024-05-07,47,47.142857142857146
2024-05-08,64,47.714285714285715
2024-05-09,53,49.142857142857146
2024-05-10,86,53.714285714285715
2024-05-11,47,53
2024-05-12,47,53.857142857142854
2024-05-13,49,56.142857142857146
2024-05-14,38,54.857142857142854
2024-05-15,51,53
2024-05-16,42,51.42857142857143
2024-05-17,43,45.285714285714285
2024-05-18,44,44.857142857142854
2024-05-19,35,43.142857142857146
2024-05-20,48,43
2024-05-21,27,41.42857142857143
2024-05-22,44,40.42857142857143
2024-05-23,48,41.285714285714285
2024-05-24,49,42.142857142857146
2024-05-25,68,45.57142857142857
2024-05-26,42,46.57142857142857
2024-05-27,30,44
2024-05-28,34,45
2024-05-29,53,46.285714285714285
2024-05-30,37,44.714285714285715
2024-05-31,25,41.285714285714285
2024-06-01,26,35.285714285714285
2024-06-02,33,34
2024-06-03,34,34.57142857142857
2024-06-04,27,33.57142857142857
2024-06-05,35,31
2024-06-06,43,31.857142857142858
2024-06-07,42,34.285714285714285
2024-06-08,36,35.714285714285715
2024-06-09,43,37.142857142857146
2024-06-10,33,37
2024-06-11,16,35.42857142857143
2024-06-12,38,35.857142857142854
2024-06-13,46,36.285714285714285
2024-06-14,32,34.857142857142854
2024-06-15,28,33.714285714285715
2024-06-16,23,30.857142857142858
2024-06-17,31,30.571428571428573
2024-06-18,41,34.142857142857146
2024-06-19,48,35.57142857142857
2024-06-20,41,34.857142857142854
2024-06-21,32,34.857142857142854
2024-06-22,51,38.142857142857146
2024-06-23,63,43.857142857142854
2024-06-24,34,44.285714285714285
2024-06-25,43,44.57142857142857
2024-06-26,40,43.42857142857143
2024-06-27,43,43.714285714285715
2024-06-28,42,45.142857142857146
2024-06-29,45,44.285714285714285
2024-06-30,38,40.714285714285715
2024-07-01,52,43.285714285714285
2024-07-02,47,43.857142857142854
2024-07-03,47,44.857142857142854
2024-07-04,46,45.285714285714285
2024-07-05,88,51.857142857142854
2024-07-06,53,53
2024-07-07,43,53.714285714285715
2024-07-08,36,51.42857142857143
2024-07-09,41,50.57142857142857
2024-07-10,67,53.42857142857143
2024-07-11,49,53.857142857142854
2024-07-12,58,49.57142857142857
2024-07-13,41,47.857142857142854
2024-07-14,42,47.714285714285715
2024-07-15,54,50.285714285714285
2024-07-16,47,51.142857142857146
2024-07-17,46,48.142857142857146
2024-07-18,61,49.857142857142854
2024-07-19,49,48.57142857142857
2024-07-20,56,50.714285714285715
2024-07-21,46,51.285714285714285
2024-07-22,56,51.57142857142857
2024-07-23,51,52.142857142857146
2024-07-24,12,47.285714285714285
