"YTDCount","Year","Offense","PrevYTDCount","YTDPercentageChange"
0,2019,"Shooting (PFE)",NA,NA
2,2020,"Shooting (PFE)",NA,NA
398,2021,"Shooting (PFE)",2,19800
376,2022,"Shooting (PFE)",398,-5.52763819095478
245,2023,"Shooting (PFE)",376,-34.8404255319149
273,2024,"Shooting (PFE)",245,11.4285714285714
212,2025,"Shooting (PFE)",273,-22.3443223443223
161,2026,"Shooting (PFE)",212,-24.0566037735849
0,2019,"Shooting Report Only (P)",NA,NA
0,2020,"Shooting Report Only (P)",NA,NA
219,2021,"Shooting Report Only (P)",NA,NA
156,2022,"Shooting Report Only (P)",219,-28.7671232876712
107,2023,"Shooting Report Only (P)",156,-31.4102564102564
100,2024,"Shooting Report Only (P)",107,-6.54205607476636
69,2025,"Shooting Report Only (P)",100,-31
70,2026,"Shooting Report Only (P)",69,1.44927536231885
0,2019,"ShotSpotter Activation (P)",NA,NA
1,2020,"ShotSpotter Activation (P)",NA,NA
4055,2021,"ShotSpotter Activation (P)",1,405400
3202,2022,"ShotSpotter Activation (P)",4055,-21.035758323058
2371,2023,"ShotSpotter Activation (P)",3202,-25.9525296689569
1919,2024,"ShotSpotter Activation (P)",2371,-19.0636862083509
1674,2025,"ShotSpotter Activation (P)",1919,-12.7670661803022
1543,2026,"ShotSpotter Activation (P)",1674,-7.82556750298686
0,2019,"Sound of Shots Fired (P)",NA,NA
4,2020,"Sound of Shots Fired (P)",NA,NA
3741,2021,"Sound of Shots Fired (P)",4,93425
3441,2022,"Sound of Shots Fired (P)",3741,-8.01924619085806
2294,2023,"Sound of Shots Fired (P)",3441,-33.3333333333333
2346,2024,"Sound of Shots Fired (P)",2294,2.2667829119442
1786,2025,"Sound of Shots Fired (P)",2346,-23.8704177323103
1564,2026,"Sound of Shots Fired (P)",1786,-12.4300111982083
