"Neighborhood","Offense","2020","2021","2022","2023","2024","2025","2026"
"Bottineau","Shooting (PFE)",1,0,0,0,0,0,0
"Cedar Riverside","Shooting (PFE)",1,11,14,6,4,3,4
"Central","Shooting (PFE)",3,10,6,8,9,4,4
"Corcoran","Shooting (PFE)",3,2,3,4,1,3,1
"Downtown West","Shooting (PFE)",8,21,34,11,22,16,3
"East Phillips","Shooting (PFE)",4,32,20,17,20,9,5
"Elliot Park","Shooting (PFE)",2,11,6,11,6,7,0
"Folwell","Shooting (PFE)",11,21,24,21,29,12,2
"Hawthorne","Shooting (PFE)",11,42,36,27,10,17,7
"Hiawatha","Shooting (PFE)",3,0,4,1,3,0,1
"Howe","Shooting (PFE)",1,3,1,0,2,0,1
"Jordan","Shooting (PFE)",9,37,39,25,20,13,3
"Lind - Bohanon","Shooting (PFE)",5,17,9,3,3,10,4
"Longfellow","Shooting (PFE)",1,4,1,5,6,3,2
"Lowry Hill","Shooting (PFE)",1,0,1,1,1,1,0
"Lowry Hill East","Shooting (PFE)",2,7,12,16,10,2,4
"McKinley","Shooting (PFE)",6,13,10,5,3,2,3
"Midtown Phillips","Shooting (PFE)",7,20,14,7,20,13,3
"Near - North","Shooting (PFE)",8,21,26,15,11,10,17
"North Loop","Shooting (PFE)",1,3,6,4,2,2,1
"Phillips West","Shooting (PFE)",2,12,9,4,18,6,0
"Powderhorn Park","Shooting (PFE)",4,10,11,7,7,11,7
"Seward","Shooting (PFE)",2,8,6,15,9,6,3
"Steven's Square - Loring Heights","Shooting (PFE)",4,11,12,8,6,7,8
"Sumner - Glenwood","Shooting (PFE)",1,5,2,1,0,1,0
"Ventura Village","Shooting (PFE)",2,28,22,20,15,16,10
"Webber - Camden","Shooting (PFE)",2,13,6,10,2,7,2
"Wenonah","Shooting (PFE)",3,2,8,3,2,0,2
"Whittier","Shooting (PFE)",3,15,15,23,24,16,15
"Willard - Hay","Shooting (PFE)",3,23,10,12,11,9,7
NA,"Shooting (PFE)",1,1,2,1,0,0,0
"Armatage","Shooting (PFE)",0,1,0,0,0,0,0
"Audubon Park","Shooting (PFE)",0,2,0,0,1,0,1
"Bancroft","Shooting (PFE)",0,3,2,0,2,0,0
"Beltrami","Shooting (PFE)",0,1,0,0,0,0,2
"Bryant","Shooting (PFE)",0,5,4,0,1,0,1
"Bryn - Mawr","Shooting (PFE)",0,1,0,0,1,0,0
"Camden Industrial","Shooting (PFE)",0,1,0,3,0,0,0
"Cleveland","Shooting (PFE)",0,3,4,2,11,5,1
"Columbia Park","Shooting (PFE)",0,1,0,1,0,0,0
"Como","Shooting (PFE)",0,3,5,0,2,4,2
"Downtown East","Shooting (PFE)",0,4,2,1,4,0,1
"East Harriet","Shooting (PFE)",0,2,0,1,0,0,0
"East Isles","Shooting (PFE)",0,2,1,5,0,2,1
"Field","Shooting (PFE)",0,3,1,0,0,0,0
"Hale","Shooting (PFE)",0,1,0,1,0,0,0
"Harrison","Shooting (PFE)",0,8,6,4,6,3,0
"Holland","Shooting (PFE)",0,1,7,1,5,0,5
"Loring Park","Shooting (PFE)",0,10,19,8,12,8,8
"Lyndale","Shooting (PFE)",0,2,5,3,5,5,1
"Marcy Holmes","Shooting (PFE)",0,17,4,2,4,10,4
"Marshall Terrace","Shooting (PFE)",0,2,0,1,3,4,0
"Minnehaha","Shooting (PFE)",0,1,0,0,0,1,0
"Morris Park","Shooting (PFE)",0,1,0,0,0,0,0
"Nicollet Island - East Bank","Shooting (PFE)",0,3,2,2,1,0,1
"Prospect Park - East River Road","Shooting (PFE)",0,3,3,1,1,0,0
"Regina","Shooting (PFE)",0,1,1,0,0,0,0
"Sheridan","Shooting (PFE)",0,2,1,1,0,0,1
"Shingle Creek","Shooting (PFE)",0,3,3,1,0,0,1
"South Uptown","Shooting (PFE)",0,4,1,3,1,0,0
"St. Anthony West","Shooting (PFE)",0,1,4,4,0,2,0
"Standish","Shooting (PFE)",0,1,0,5,0,1,0
"Tangletown","Shooting (PFE)",0,1,2,0,0,0,0
"Victory","Shooting (PFE)",0,4,1,3,4,1,1
"Waite Park","Shooting (PFE)",0,2,0,0,0,0,0
"Windom","Shooting (PFE)",0,1,2,3,0,2,1
"Windom Park","Shooting (PFE)",0,1,0,0,0,2,1
"Cooper","Shooting (PFE)",0,0,1,1,0,0,1
"Diamond Lake","Shooting (PFE)",0,0,2,1,0,0,0
"Ericsson","Shooting (PFE)",0,0,1,0,2,0,0
"Humboldt Industrial Area","Shooting (PFE)",0,0,1,0,0,0,0
"King Field","Shooting (PFE)",0,0,3,0,2,1,2
"Logan Park","Shooting (PFE)",0,0,1,0,2,1,0
"Mid - City Industrial","Shooting (PFE)",0,0,1,0,2,0,4
"Northrop","Shooting (PFE)",0,0,1,0,0,0,0
"St. Anthony East","Shooting (PFE)",0,0,1,1,1,0,1
"University of Minnesota","Shooting (PFE)",0,0,2,0,1,1,0
"East Bde Maka Ska","Shooting (PFE)",0,0,0,1,0,1,0
"Linden Hills","Shooting (PFE)",0,0,0,1,0,1,1
"Keewaydin","Shooting (PFE)",0,0,0,0,1,0,0
"Northeast Park","Shooting (PFE)",0,0,0,0,1,0,0
"Page","Shooting (PFE)",0,0,0,0,2,0,0
"Cedar - Isles - Dean","Shooting (PFE)",0,0,0,0,0,1,0
"Cedar Riverside","Shooting Report Only (P)",2,4,4,3,2,2,3
"Downtown West","Shooting Report Only (P)",2,3,3,3,3,3,0
"East Phillips","Shooting Report Only (P)",1,7,6,1,3,2,1
"Elliot Park","Shooting Report Only (P)",15,76,46,40,32,20,20
"Folwell","Shooting Report Only (P)",6,7,7,4,8,5,1
"Hawthorne","Shooting Report Only (P)",2,23,11,8,5,2,2
"Hiawatha","Shooting Report Only (P)",1,1,0,1,0,0,0
"Jordan","Shooting Report Only (P)",6,10,3,7,3,2,3
"Loring Park","Shooting Report Only (P)",2,0,1,1,0,1,0
"McKinley","Shooting Report Only (P)",3,5,3,1,1,1,0
"Midtown Phillips","Shooting Report Only (P)",2,19,16,14,10,8,7
"Morris Park","Shooting Report Only (P)",1,1,0,0,0,0,0
"Phillips West","Shooting Report Only (P)",1,5,5,0,3,0,0
"Powderhorn Park","Shooting Report Only (P)",2,3,3,0,0,2,2
"Regina","Shooting Report Only (P)",1,0,0,0,0,0,0
"Ventura Village","Shooting Report Only (P)",1,4,2,5,1,1,1
"Webber - Camden","Shooting Report Only (P)",2,7,5,3,3,3,1
"Willard - Hay","Shooting Report Only (P)",12,48,21,17,17,13,0
NA,"Shooting Report Only (P)",1,11,13,10,9,7,2
"Central","Shooting Report Only (P)",0,2,5,0,0,2,1
"Cleveland","Shooting Report Only (P)",0,4,0,0,1,4,13
"Cooper","Shooting Report Only (P)",0,1,1,0,0,0,0
"Downtown East","Shooting Report Only (P)",0,1,1,0,0,0,0
"East Harriet","Shooting Report Only (P)",0,1,0,0,0,0,0
"East Isles","Shooting Report Only (P)",0,1,0,0,0,0,0
"Harrison","Shooting Report Only (P)",0,1,1,1,0,0,0
"Holland","Shooting Report Only (P)",0,1,0,1,0,1,0
"Howe","Shooting Report Only (P)",0,1,0,0,0,0,0
"Lind - Bohanon","Shooting Report Only (P)",0,6,1,2,0,1,2
"Lowry Hill East","Shooting Report Only (P)",0,1,1,1,1,1,0
"Near - North","Shooting Report Only (P)",0,16,9,7,3,0,2
"North Loop","Shooting Report Only (P)",0,1,1,0,0,0,0
"Northeast Park","Shooting Report Only (P)",0,1,0,0,0,0,1
"Prospect Park - East River Road","Shooting Report Only (P)",0,2,0,1,0,0,0
"Seward","Shooting Report Only (P)",0,2,1,0,1,0,0
"Shingle Creek","Shooting Report Only (P)",0,1,0,1,1,0,0
"Steven's Square - Loring Heights","Shooting Report Only (P)",0,2,0,1,1,1,0
"Sumner - Glenwood","Shooting Report Only (P)",0,2,1,0,0,0,0
"University of Minnesota","Shooting Report Only (P)",0,2,1,2,1,1,0
"Victory","Shooting Report Only (P)",0,1,2,1,1,1,1
"Whittier","Shooting Report Only (P)",0,1,3,3,7,0,1
"Windom Park","Shooting Report Only (P)",0,1,0,0,0,0,0
"Beltrami","Shooting Report Only (P)",0,0,1,0,0,0,0
"Camden Industrial","Shooting Report Only (P)",0,0,1,0,0,0,1
"Lyndale","Shooting Report Only (P)",0,0,3,2,1,0,1
"St. Anthony East","Shooting Report Only (P)",0,0,1,1,1,1,0
"St. Anthony West","Shooting Report Only (P)",0,0,1,0,0,0,0
"Tangletown","Shooting Report Only (P)",0,0,1,0,0,0,0
"Bancroft","Shooting Report Only (P)",0,0,0,1,0,0,0
"Como","Shooting Report Only (P)",0,0,0,2,0,0,0
"Ericsson","Shooting Report Only (P)",0,0,0,1,0,0,0
"Longfellow","Shooting Report Only (P)",0,0,0,1,0,0,1
"South Uptown","Shooting Report Only (P)",0,0,0,1,0,0,0
"Wenonah","Shooting Report Only (P)",0,0,0,1,0,0,0
"Bottineau","Shooting Report Only (P)",0,0,0,0,1,0,0
"Diamond Lake","Shooting Report Only (P)",0,0,0,0,1,0,0
"Sheridan","Shooting Report Only (P)",0,0,0,0,1,0,0
"Bryn - Mawr","Shooting Report Only (P)",0,0,0,0,0,1,0
"Keewaydin","Shooting Report Only (P)",0,0,0,0,0,1,0
"King Field","Shooting Report Only (P)",0,0,0,0,0,1,1
"Cedar - Isles - Dean","Shooting Report Only (P)",0,0,0,0,0,0,1
"Marcy Holmes","Shooting Report Only (P)",0,0,0,0,0,0,1
"Bancroft","ShotSpotter Activation (P)",5,16,4,0,3,0,2
"Bryant","ShotSpotter Activation (P)",9,34,14,18,4,9,11
"Bryn - Mawr","ShotSpotter Activation (P)",1,0,0,0,0,0,0
"Camden Industrial","ShotSpotter Activation (P)",1,14,16,58,49,15,6
"Central","ShotSpotter Activation (P)",61,218,174,140,126,97,83
"Cleveland","ShotSpotter Activation (P)",44,246,190,113,126,104,45
"East Phillips","ShotSpotter Activation (P)",33,174,180,112,105,85,59
"Folwell","ShotSpotter Activation (P)",149,657,381,304,263,195,161
"Harrison","ShotSpotter Activation (P)",26,55,43,49,36,38,25
"Hawthorne","ShotSpotter Activation (P)",124,623,473,270,244,213,165
"Humboldt Industrial Area","ShotSpotter Activation (P)",1,6,8,5,5,0,2
"Jordan","ShotSpotter Activation (P)",182,880,696,517,451,319,222
"Lind - Bohanon","ShotSpotter Activation (P)",71,397,230,156,156,106,71
"McKinley","ShotSpotter Activation (P)",62,347,213,142,84,89,75
"Midtown Phillips","ShotSpotter Activation (P)",23,150,168,91,124,108,53
"Near - North","ShotSpotter Activation (P)",115,487,386,289,207,125,100
"Phillips West","ShotSpotter Activation (P)",19,119,57,47,50,34,16
"Powderhorn Park","ShotSpotter Activation (P)",8,24,31,13,23,17,13
"Shingle Creek","ShotSpotter Activation (P)",2,13,5,2,1,2,5
"Sumner - Glenwood","ShotSpotter Activation (P)",8,35,16,27,20,7,9
"Ventura Village","ShotSpotter Activation (P)",20,102,70,99,87,84,46
"Webber - Camden","ShotSpotter Activation (P)",73,339,277,200,147,97,106
"Whittier","ShotSpotter Activation (P)",4,6,1,5,7,58,59
"Willard - Hay","ShotSpotter Activation (P)",156,661,521,377,277,264,129
"Cooper","ShotSpotter Activation (P)",0,1,0,0,0,0,0
"Corcoran","ShotSpotter Activation (P)",0,12,2,5,1,1,2
"Howe","ShotSpotter Activation (P)",0,1,0,0,0,0,0
"King Field","ShotSpotter Activation (P)",0,1,0,0,0,0,0
"Lyndale","ShotSpotter Activation (P)",0,1,2,0,0,0,1
"North Loop","ShotSpotter Activation (P)",0,5,2,1,1,0,1
"Seward","ShotSpotter Activation (P)",0,1,0,1,0,0,0
"Victory","ShotSpotter Activation (P)",0,8,3,8,3,3,2
NA,"ShotSpotter Activation (P)",0,16,7,6,3,8,4
"Longfellow","ShotSpotter Activation (P)",0,0,1,1,2,0,0
"Mid - City Industrial","ShotSpotter Activation (P)",0,0,1,0,0,0,0
"Northrop","ShotSpotter Activation (P)",0,0,1,0,0,0,0
"South Uptown","ShotSpotter Activation (P)",0,0,1,0,0,0,0
"Columbia Park","ShotSpotter Activation (P)",0,0,0,1,1,0,1
"Holland","ShotSpotter Activation (P)",0,0,0,1,0,0,0
"Keewaydin","ShotSpotter Activation (P)",0,0,0,1,0,0,0
"Minnehaha","ShotSpotter Activation (P)",0,0,0,1,0,0,0
"Steven's Square - Loring Heights","ShotSpotter Activation (P)",0,0,0,0,7,69,52
"Windom","ShotSpotter Activation (P)",0,0,0,0,1,0,0
"Field","ShotSpotter Activation (P)",0,0,0,0,0,1,0
"Loring Park","ShotSpotter Activation (P)",0,0,0,0,0,33,16
"Northeast Park","ShotSpotter Activation (P)",0,0,0,0,0,1,0
"Elliot Park","ShotSpotter Activation (P)",0,0,0,0,0,0,1
"Audubon Park","Sound of Shots Fired (P)",4,9,10,3,14,4,2
"Bancroft","Sound of Shots Fired (P)",22,58,33,32,18,27,18
"Beltrami","Sound of Shots Fired (P)",2,10,9,5,1,2,5
"Bottineau","Sound of Shots Fired (P)",3,15,17,11,24,18,13
"Bryant","Sound of Shots Fired (P)",20,68,38,29,22,23,12
"Bryn - Mawr","Sound of Shots Fired (P)",3,27,17,14,14,12,3
"Camden Industrial","Sound of Shots Fired (P)",3,3,3,1,2,4,0
"Cedar Riverside","Sound of Shots Fired (P)",9,52,65,46,47,39,13
"Central","Sound of Shots Fired (P)",44,135,88,69,71,74,34
"Cleveland","Sound of Shots Fired (P)",24,108,60,31,61,27,24
"Columbia Park","Sound of Shots Fired (P)",5,2,12,8,19,12,9
"Como","Sound of Shots Fired (P)",8,38,18,24,28,23,15
"Cooper","Sound of Shots Fired (P)",6,18,14,9,18,21,20
"Corcoran","Sound of Shots Fired (P)",10,46,76,48,44,38,33
"Diamond Lake","Sound of Shots Fired (P)",1,11,13,1,1,4,7
"Downtown East","Sound of Shots Fired (P)",1,7,12,15,4,9,8
"Downtown West","Sound of Shots Fired (P)",14,90,91,47,43,39,21
"East Isles","Sound of Shots Fired (P)",2,30,25,18,19,18,12
"East Phillips","Sound of Shots Fired (P)",27,125,103,97,93,56,29
"Elliot Park","Sound of Shots Fired (P)",16,78,58,49,50,39,34
"Ericsson","Sound of Shots Fired (P)",2,6,12,9,14,17,8
"Field","Sound of Shots Fired (P)",3,8,6,7,6,6,3
"Folwell","Sound of Shots Fired (P)",62,261,143,76,83,56,53
"Fulton","Sound of Shots Fired (P)",1,5,6,6,4,11,4
"Hale","Sound of Shots Fired (P)",1,4,3,7,1,3,0
"Harrison","Sound of Shots Fired (P)",20,88,60,39,29,36,23
"Hawthorne","Sound of Shots Fired (P)",77,378,245,156,127,73,64
"Hiawatha","Sound of Shots Fired (P)",7,30,16,17,27,19,16
"Holland","Sound of Shots Fired (P)",4,32,42,27,30,19,17
"Howe","Sound of Shots Fired (P)",9,21,32,31,41,40,12
"Humboldt Industrial Area","Sound of Shots Fired (P)",1,6,1,2,1,3,3
"Jordan","Sound of Shots Fired (P)",73,324,250,148,137,77,69
"Keewaydin","Sound of Shots Fired (P)",1,6,15,11,4,9,14
"Kenwood","Sound of Shots Fired (P)",1,5,4,10,7,8,2
"King Field","Sound of Shots Fired (P)",12,40,39,25,23,16,18
"Lind - Bohanon","Sound of Shots Fired (P)",38,178,111,59,66,50,32
"Linden Hills","Sound of Shots Fired (P)",3,15,9,8,4,9,6
"Logan Park","Sound of Shots Fired (P)",5,9,9,15,9,21,6
"Longfellow","Sound of Shots Fired (P)",12,45,34,28,49,39,20
"Loring Park","Sound of Shots Fired (P)",20,139,141,68,61,55,29
"Lowry Hill","Sound of Shots Fired (P)",1,39,32,16,19,10,1
"Lowry Hill East","Sound of Shots Fired (P)",16,86,98,92,76,47,43
"Lyndale","Sound of Shots Fired (P)",15,51,70,64,55,42,35
"Lynnhurst","Sound of Shots Fired (P)",2,3,7,7,6,1,1
"Marcy Holmes","Sound of Shots Fired (P)",25,74,50,47,44,57,42
"Marshall Terrace","Sound of Shots Fired (P)",4,10,8,7,6,4,4
"McKinley","Sound of Shots Fired (P)",15,92,55,41,29,24,18
"Midtown Phillips","Sound of Shots Fired (P)",29,153,161,49,109,75,22
"Minnehaha","Sound of Shots Fired (P)",3,16,20,8,11,11,4
"Morris Park","Sound of Shots Fired (P)",1,10,7,4,2,5,4
"Near - North","Sound of Shots Fired (P)",68,209,220,116,91,69,44
"Nicollet Island - East Bank","Sound of Shots Fired (P)",2,6,4,4,3,6,8
"North Loop","Sound of Shots Fired (P)",7,44,23,12,16,13,8
"Northeast Park","Sound of Shots Fired (P)",2,4,4,4,7,5,10
"Northrop","Sound of Shots Fired (P)",4,20,26,9,10,19,7
"Page","Sound of Shots Fired (P)",2,5,0,2,9,4,6
"Phillips West","Sound of Shots Fired (P)",11,70,57,26,52,12,11
"Powderhorn Park","Sound of Shots Fired (P)",66,232,174,106,126,81,80
"Prospect Park - East River Road","Sound of Shots Fired (P)",11,28,32,20,34,20,16
"Regina","Sound of Shots Fired (P)",10,22,19,8,11,7,7
"Seward","Sound of Shots Fired (P)",12,92,84,73,54,62,30
"Sheridan","Sound of Shots Fired (P)",3,17,10,17,12,16,9
"Shingle Creek","Sound of Shots Fired (P)",16,45,27,22,18,15,22
"South Uptown","Sound of Shots Fired (P)",5,31,39,36,35,16,14
"St. Anthony East","Sound of Shots Fired (P)",2,9,15,2,12,15,11
"St. Anthony West","Sound of Shots Fired (P)",1,19,13,11,11,10,7
"Standish","Sound of Shots Fired (P)",11,43,28,21,23,16,21
"Steven's Square - Loring Heights","Sound of Shots Fired (P)",22,120,159,96,81,55,29
"Sumner - Glenwood","Sound of Shots Fired (P)",6,14,17,17,14,9,5
"Tangletown","Sound of Shots Fired (P)",1,11,4,8,6,12,5
"University of Minnesota","Sound of Shots Fired (P)",2,4,10,5,5,7,8
"Ventura Village","Sound of Shots Fired (P)",17,117,102,88,101,95,52
"Victory","Sound of Shots Fired (P)",22,111,93,50,55,28,18
"Waite Park","Sound of Shots Fired (P)",3,10,6,12,10,10,4
"Webber - Camden","Sound of Shots Fired (P)",60,157,120,85,83,37,22
"Wenonah","Sound of Shots Fired (P)",10,35,40,27,12,6,7
"West Maka Ska","Sound of Shots Fired (P)",2,6,6,8,2,5,2
"Whittier","Sound of Shots Fired (P)",33,185,224,216,240,163,107
"Willard - Hay","Sound of Shots Fired (P)",44,293,203,122,147,106,64
"Windom","Sound of Shots Fired (P)",3,23,21,20,10,11,3
"Windom Park","Sound of Shots Fired (P)",3,9,13,9,7,5,8
NA,"Sound of Shots Fired (P)",1,3,2,2,4,7,7
"Armatage","Sound of Shots Fired (P)",0,4,5,2,5,5,2
"Cedar - Isles - Dean","Sound of Shots Fired (P)",0,7,9,7,6,4,7
"East Bde Maka Ska","Sound of Shots Fired (P)",0,11,8,15,7,12,11
"East Harriet","Sound of Shots Fired (P)",0,7,6,4,9,3,4
"Kenny","Sound of Shots Fired (P)",0,3,1,1,1,0,1
"Mid - City Industrial","Sound of Shots Fired (P)",0,6,3,1,2,2,2
"Audubon Park","Total",4,11,10,3,15,4,3
"Bancroft","Total",27,77,39,33,23,27,20
"Beltrami","Total",2,11,10,5,1,2,7
"Bottineau","Total",4,15,17,11,25,18,13
"Bryant","Total",29,107,56,47,27,32,24
"Bryn - Mawr","Total",4,28,17,14,15,13,3
"Camden Industrial","Total",4,18,20,62,51,19,7
"Cedar Riverside","Total",12,67,83,55,53,44,20
"Central","Total",108,365,273,217,206,177,122
"Cleveland","Total",68,361,254,146,199,140,83
"Columbia Park","Total",5,3,12,10,20,12,10
"Como","Total",8,41,23,26,30,27,17
"Cooper","Total",6,20,16,10,18,21,21
"Corcoran","Total",13,60,81,57,46,42,36
"Diamond Lake","Total",1,11,15,2,2,4,7
"Downtown East","Total",1,12,15,16,8,9,9
"Downtown West","Total",24,114,128,61,68,58,24
"East Isles","Total",2,33,26,23,19,20,13
"East Phillips","Total",65,338,309,227,221,152,94
"Elliot Park","Total",33,165,110,100,88,66,55
"Ericsson","Total",2,6,13,10,16,17,8
"Field","Total",3,11,7,7,6,7,3
"Folwell","Total",228,946,555,405,383,268,217
"Fulton","Total",1,5,6,6,4,11,4
"Hale","Total",1,5,3,8,1,3,0
"Harrison","Total",46,152,110,93,71,77,48
"Hawthorne","Total",214,1066,765,461,386,305,238
"Hiawatha","Total",11,31,20,19,30,19,17
"Holland","Total",4,34,49,30,35,20,22
"Howe","Total",10,26,33,31,43,40,13
"Humboldt Industrial Area","Total",2,12,10,7,6,3,5
"Jordan","Total",270,1251,988,697,611,411,297
"Keewaydin","Total",1,6,15,12,5,10,14
"Kenwood","Total",1,5,4,10,7,8,2
"King Field","Total",12,41,42,25,25,18,21
"Lind - Bohanon","Total",114,598,351,220,225,167,109
"Linden Hills","Total",3,15,9,9,4,10,7
"Logan Park","Total",5,9,10,15,11,22,6
"Longfellow","Total",13,49,36,35,57,42,23
"Loring Park","Total",22,149,161,77,73,97,53
"Lowry Hill","Total",2,39,33,17,20,11,1
"Lowry Hill East","Total",18,94,111,109,87,50,47
"Lyndale","Total",15,54,80,69,61,47,38
"Lynnhurst","Total",2,3,7,7,6,1,1
"Marcy Holmes","Total",25,91,54,49,48,67,47
"Marshall Terrace","Total",4,12,8,8,9,8,4
"McKinley","Total",86,457,281,189,117,116,96
"Midtown Phillips","Total",61,342,359,161,263,204,85
"Minnehaha","Total",3,17,20,9,11,12,4
"Morris Park","Total",2,12,7,4,2,5,4
"Near - North","Total",191,733,641,427,312,204,163
"Nicollet Island - East Bank","Total",2,9,6,6,4,6,9
"North Loop","Total",8,53,32,17,19,15,10
"Northeast Park","Total",2,5,4,4,8,6,11
"Northrop","Total",4,20,28,9,10,19,7
"Page","Total",2,5,0,2,11,4,6
"Phillips West","Total",33,206,128,77,123,52,27
"Powderhorn Park","Total",80,269,219,126,156,111,102
"Prospect Park - East River Road","Total",11,33,35,22,35,20,16
"Regina","Total",11,23,20,8,11,7,7
"Seward","Total",14,103,91,89,64,68,33
"Sheridan","Total",3,19,11,18,13,16,10
"Shingle Creek","Total",18,62,35,26,20,17,28
"South Uptown","Total",5,35,41,40,36,16,14
"St. Anthony East","Total",2,9,17,4,14,16,12
"St. Anthony West","Total",1,20,18,15,11,12,7
"Standish","Total",11,44,28,26,23,17,21
"Steven's Square - Loring Heights","Total",26,133,171,105,95,132,89
"Sumner - Glenwood","Total",15,56,36,45,34,17,14
"Tangletown","Total",1,12,7,8,6,12,5
"University of Minnesota","Total",2,6,13,7,7,9,8
"Ventura Village","Total",40,251,196,212,204,196,109
"Victory","Total",22,124,99,62,63,33,22
"Waite Park","Total",3,12,6,12,10,10,4
"Webber - Camden","Total",137,516,408,298,235,144,131
"Wenonah","Total",13,37,48,31,14,6,9
"West Maka Ska","Total",2,6,6,8,2,5,2
"Whittier","Total",40,207,243,247,278,237,182
"Willard - Hay","Total",215,1025,755,528,452,392,200
"Windom","Total",3,24,23,23,11,13,4
"Windom Park","Total",3,11,13,9,7,7,9
NA,"Total",3,31,24,19,16,22,13
"Armatage","Total",0,5,5,2,5,5,2
"Cedar - Isles - Dean","Total",0,7,9,7,6,5,8
"East Bde Maka Ska","Total",0,11,8,16,7,13,11
"East Harriet","Total",0,10,6,5,9,3,4
"Kenny","Total",0,3,1,1,1,0,1
"Mid - City Industrial","Total",0,6,5,1,4,2,6
