Incident ID,Incident Date,State,City Or County,Address,Victims Killed,Victims Injured,Suspects Killed,Suspects Injured,Suspects Arrested,Operations
739255,31-Dec-16,Minnesota,Perham,2nd St Southwest,0,1,0,0,1,N/A
742557,31-Dec-16,Minnesota,South Saint Paul,400 block of Camber Avenue,0,0,0,0,2,N/A
739107,31-Dec-16,Minnesota,Mankato,1900 Premier Dr,0,0,1,0,0,N/A
737936,29-Dec-16,Minnesota,Breckenridge,130 12th St N,0,1,0,0,1,N/A
736375,27-Dec-16,Minnesota,Shafer,30067 Herberg Road,0,1,0,0,1,N/A
735111,27-Dec-16,Minnesota,Minneapolis,408 Hennepin Ave,0,2,0,0,0,N/A
736495,25-Dec-16,Minnesota,Brainerd,15300 block of Mertens Drive,0,0,0,0,1,N/A
736493,25-Dec-16,Minnesota,Red Wing,200 block of West 6th Street,0,0,0,0,0,N/A
736491,24-Dec-16,Minnesota,Red Wing,200 block of West 6th Street,0,0,0,0,0,N/A
732559,23-Dec-16,Minnesota,Cloquet,1787 Wolf Ridge Road,1,0,0,0,1,N/A
733522,23-Dec-16,Minnesota,Saint Paul (Oakdale),2600 block of Greystone Ave N,0,1,0,0,0,N/A
732768,23-Dec-16,Minnesota,Faribault,530 Wilson Avenue,1,0,1,0,0,N/A
732994,21-Dec-16,Minnesota,Callaway,N/A,0,1,0,0,0,N/A
733006,20-Dec-16,Minnesota,Moorhead,511 32nd Avenue South,0,0,0,0,2,N/A
732798,19-Dec-16,Minnesota,Saint Paul,400 block of Maryland Avenue West,0,1,0,0,2,N/A
732790,19-Dec-16,Minnesota,Minneapolis,1200 block of Buchanan St NE,0,2,0,0,2,N/A
736315,15-Dec-16,Minnesota,Saint Paul,Princeton Avenue,0,0,0,0,0,N/A
726919,14-Dec-16,Minnesota,Carver,Forest Avenue,0,0,0,0,1,N/A
727017,13-Dec-16,Minnesota,Rochester,1287 Marion Road SE,0,0,0,0,1,N/A
724096,11-Dec-16,Minnesota,Faribault,2500 block of Hulett Avenue,1,0,1,0,0,N/A
722510,7-Dec-16,Minnesota,Rogers,21135 Diamond Lake Road South,0,0,0,0,0,N/A
723218,7-Dec-16,Minnesota,Vernon Center,Highway 169,0,0,0,0,1,N/A
718831,5-Dec-16,Minnesota,Saint Paul (Eagan),985 Aldrin Drive,0,0,1,0,0,N/A
718152,4-Dec-16,Minnesota,Minneapolis,2400 block of Cedar Avenue South,0,1,0,0,0,N/A
718834,4-Dec-16,Minnesota,Saint Paul (Eagan),1272 Birch Lane,0,0,1,0,0,N/A
717867,3-Dec-16,Minnesota,Minneapolis,1602 West End Blvd,0,1,0,0,0,N/A
723233,3-Dec-16,Minnesota,Minneapolis,4300 block of Humboldt Avenue North,0,0,0,0,0,N/A
723203,3-Dec-16,Minnesota,Albert Lea,1440 Frank Hall Drive,0,0,0,0,0,N/A
716706,2-Dec-16,Minnesota,Minneapolis,2100 block of Ninth Street South,0,1,0,0,0,N/A
716710,2-Dec-16,Minnesota,Minneapolis,4300 block of Humboldt Avenue North,0,0,0,0,0,N/A
719155,2-Dec-16,Minnesota,Minneapolis,N. 44th and Fremont Avenue,1,0,0,0,3,N/A
723243,1-Dec-16,Minnesota,Brainerd,400 block of Southeast 17th Street,0,0,0,0,1,N/A
718348,1-Dec-16,Minnesota,Saint Cloud,235 18th Avenue North,0,0,0,0,1,N/A
718340,30-Nov-16,Minnesota,Rochester,4200 block of Red Hawk Drive Southeast,0,0,0,0,0,N/A
713419,28-Nov-16,Minnesota,Moorhead,19th Avenue and 20th Street South,0,0,1,0,0,N/A
718346,28-Nov-16,Minnesota,Rochester,1828 14th Street NW,0,0,0,0,1,N/A
711711,26-Nov-16,Minnesota,Duluth (Proctor),100 5th Street,0,0,0,0,1,N/A
718176,26-Nov-16,Minnesota,Chisholm,100 block of 6th Street SW,0,0,0,0,2,N/A
718345,24-Nov-16,Minnesota,Rochester,8500 block of 11th Ave NW,0,0,0,0,0,N/A
711475,24-Nov-16,Minnesota,Saint James,County Road 27,0,0,0,0,1,N/A
708348,23-Nov-16,Minnesota,Prior Lake,2136 Sioux Trail,1,0,0,1,4,N/A
708818,23-Nov-16,Minnesota,Saint Paul,2271 2nd Street,0,1,0,1,0,N/A
718354,23-Nov-16,Minnesota,Austin,909 1st Avenue NW,0,0,0,0,3,N/A
707647,22-Nov-16,Minnesota,Eveleth,Highway 101 and Admiral Road,0,0,0,1,1,N/A
711568,22-Nov-16,Minnesota,Saint Cloud,934 Longview Drive,0,0,0,0,4,N/A
709196,20-Nov-16,Minnesota,Bemidji,3800 block of Dunne Road,0,0,0,0,1,N/A
711564,20-Nov-16,Minnesota,Minneapolis,E. 15th Street and 1st Avenue S.,0,1,0,0,0,N/A
711561,20-Nov-16,Minnesota,Minneapolis,N. 30th and Aldrich Avenue,0,1,0,0,0,N/A
705171,19-Nov-16,Minnesota,Minneapolis,400 block of Third Avenue North,0,2,0,0,1,N/A
711566,19-Nov-16,Minnesota,Minneapolis,5800 block of Washburn Avenue S.,0,1,0,0,0,N/A
711459,17-Nov-16,Minnesota,Hollandale,28471 810th Avenue,0,0,0,0,0,N/A
702721,17-Nov-16,Minnesota,Saint Paul,543 Front Avenue,0,0,0,0,0,N/A
702994,17-Nov-16,Minnesota,Saint Cloud,4101 Division Street,0,0,0,0,0,N/A
702973,17-Nov-16,Minnesota,Wyoming (East Bethel),23705 Highway 65 NE,0,1,0,1,1,N/A
702981,17-Nov-16,Minnesota,Minneapolis,902 Broadway Avenue West,1,0,0,0,2,N/A
711530,17-Nov-16,Minnesota,Saint Paul (Maplewood),1938 Beam Avenue,0,1,0,0,0,N/A
702355,16-Nov-16,Minnesota,Minneapolis (Richfield),6244 Cedar Avenue,0,1,0,0,0,N/A
703015,15-Nov-16,Minnesota,Minneapolis (Plymouth),10635 North 36th Avenue,0,0,0,0,1,N/A
701871,14-Nov-16,Minnesota,Laporte,Osprey Drive,0,1,0,0,0,N/A
703203,13-Nov-16,Minnesota,Nisswa,26000 block of Spike Bush Drive,0,0,0,0,1,N/A
754354,13-Nov-16,Minnesota,Cottage Grove,7624 110th St,1,0,0,0,1,N/A
703107,13-Nov-16,Minnesota,Austin,203 31st Street SW,0,0,0,0,2,N/A
699512,12-Nov-16,Minnesota,Douglas (county),N/A,0,1,0,0,0,N/A
699190,11-Nov-16,Minnesota,Winona,300 block of East 3rd Street,1,0,0,0,1,N/A
698722,9-Nov-16,Minnesota,Saint Cloud,4th Avenue and 13th Street South,0,0,0,0,1,N/A
698676,9-Nov-16,Minnesota,Rochester,3400 block of 22nd Avenue Northwest,0,0,0,0,0,N/A
701019,9-Nov-16,Minnesota,Winona,900 block of East Broadway,0,0,0,0,1,N/A
698696,9-Nov-16,Minnesota,Rochester,3500 block of 8 1/2 Street Northwest,0,0,0,0,1,N/A
697737,8-Nov-16,Minnesota,Rochester,2315 Park Lane SE,0,0,0,0,2,N/A
698869,8-Nov-16,Minnesota,Rochester,300 block of 1st Avenue Northeast,0,0,0,0,1,N/A
695339,7-Nov-16,Minnesota,Wadena,300 block of Bryant Avenue SW,1,0,0,0,1,N/A
695342,7-Nov-16,Minnesota,Burnsville,14101 Aldrich Avenue South,1,1,0,0,1,N/A
698179,7-Nov-16,Minnesota,Carlton (county),N/A,1,0,0,0,0,N/A
698873,7-Nov-16,Minnesota,Emily,39000 block of Highway 6,0,0,0,0,0,N/A
698177,7-Nov-16,Minnesota,Morrison (county),Hawthorne Rd and Jewel Rd,1,0,0,0,0,N/A
694854,6-Nov-16,Minnesota,Rochester,Broadway Avenue and 20th Street,0,0,0,0,1,N/A
698730,6-Nov-16,Minnesota,Byron,6500 block of County Rd 15 SW,0,0,0,0,0,N/A
693955,5-Nov-16,Minnesota,Pelican Rapids,130th Ave,0,1,0,0,0,N/A
698182,5-Nov-16,Minnesota,Albert Lea,19499 780th Avenue,0,0,0,0,0,N/A
693868,5-Nov-16,Minnesota,Minneapolis,800 block of West Broadway Avenue,0,1,0,0,0,N/A
696905,4-Nov-16,Minnesota,Saint Paul (Lauderdale),1700 Block of Eustis St,0,1,0,0,1,N/A
693862,2-Nov-16,Minnesota,Saint Paul (Apple Valley),14049 Pennock Ave,1,0,1,0,0,N/A
693890,1-Nov-16,Minnesota,Minneapolis,34th Street and Cedar Avenue S,1,0,0,0,0,N/A
698186,1-Nov-16,Minnesota,Bemidji,N/A,0,0,0,0,2,N/A
698876,1-Nov-16,Minnesota,Brainerd,1700 block of Norwood Street,0,0,0,0,1,N/A
691511,1-Nov-16,Minnesota,Minneapolis,4300 block of 4th Avenue S,0,1,0,0,0,N/A
726972,31-Oct-16,Minnesota,Burnsville,1900 143rd Street W.,0,0,0,0,0,N/A
693882,29-Oct-16,Minnesota,Minneapolis,Bryant Avenue N. and 48th Avenue,1,0,0,0,4,N/A
698878,28-Oct-16,Minnesota,Pequot Lakes,Highway 371 and East Woodman Street,0,0,0,0,1,N/A
687838,28-Oct-16,Minnesota,Beardsley,MN-27 and Co Hwy 6,0,0,1,0,0,N/A
688384,28-Oct-16,Minnesota,Minneapolis,36th Avenue North and Queen Avenue North,1,0,0,0,0,N/A
687035,27-Oct-16,Minnesota,Minneapolis,1618 Glenwood Ave,1,0,0,0,0,N/A
687031,27-Oct-16,Minnesota,Minneapolis (New Hope),5400 block of Xylon Avenue N.,0,1,0,0,2,N/A
686505,26-Oct-16,Minnesota,Minneapolis,MN-65,0,1,0,0,1,N/A
686972,25-Oct-16,Minnesota,Albert Lea,2129 Highland Avenue,0,0,0,0,0,N/A
686399,25-Oct-16,Minnesota,Saint Paul,Payne Avenue,0,0,0,0,1,N/A
688567,24-Oct-16,Minnesota,Brainerd,17000 block of Nokasippi Circle,0,0,0,0,0,N/A
684760,23-Oct-16,Minnesota,Lanesboro,36947 Dogwood Rd,0,0,1,0,0,N/A
688568,21-Oct-16,Minnesota,Brainerd,8800 block of Wetherbee Road,0,0,0,0,3,N/A
685063,21-Oct-16,Minnesota,Rochester,500 block of Fourth Avenue SE,0,0,0,0,0,N/A
688631,20-Oct-16,Minnesota,Park Rapids,614 4th Street West,0,0,0,0,5,N/A
681997,20-Oct-16,Minnesota,Minneapolis (Brooklyn Center),69th Ave N and Humboldt Ave N,0,1,0,0,0,N/A
680289,18-Oct-16,Minnesota,Minneapolis,Lake Street and Hennepin Avenue,0,0,0,0,1,N/A
678991,18-Oct-16,Minnesota,Duluth,2023 W Superior St,1,0,0,0,2,N/A
678083,15-Oct-16,Minnesota,Saint Cloud,Wilson Avenue,0,1,0,0,0,N/A
688574,15-Oct-16,Minnesota,Little Falls,12000 block of Dove Road,0,0,0,0,0,N/A
677684,15-Oct-16,Minnesota,Saint Paul,Bellows and Baker Street W.,0,1,0,0,0,N/A
688575,14-Oct-16,Minnesota,Brainerd,200 block of Chippewa Street,0,0,0,0,1,N/A
677500,13-Oct-16,Minnesota,Atwater,17000 block of 1st Avenue E.,0,0,0,0,4,N/A
677572,12-Oct-16,Minnesota,Saint Cloud,3601 2nd Street S.,0,0,0,0,1,N/A
677694,10-Oct-16,Minnesota,Saint Paul,Reaney Avenue E,0,1,0,0,1,N/A
673679,10-Oct-16,Minnesota,Albert Lea,1300 block of Abbot Street,0,0,0,0,1,N/A
672484,9-Oct-16,Minnesota,Minneapolis,26th St E and 11th Ave S,2,0,0,0,2,N/A
677588,8-Oct-16,Minnesota,Saint Paul,600 block of Lawson Avenue,0,1,0,0,0,N/A
674398,8-Oct-16,Minnesota,Saint Paul (North Saint Paul),1900 block of Memory Lane,0,0,0,0,1,N/A
671803,7-Oct-16,Minnesota,Saint Cloud,344 33rd Avenue N.,0,0,0,0,1,N/A
670691,5-Oct-16,Minnesota,Osseo (Maple Grove),9100 block of Comstock Lane N,0,1,0,0,1,N/A
722849,5-Oct-16,Minnesota,Saint Cloud,3601 2nd St S,0,0,0,0,1,N/A
671780,5-Oct-16,Minnesota,Minneapolis,5100 block of Russell Avenue N.,0,0,0,0,1,N/A
671218,5-Oct-16,Minnesota,Minneapolis,1900 block of Chicago Avenue,0,2,0,0,0,N/A
671609,3-Oct-16,Minnesota,Albert Lea,401 Pilot Street,0,0,0,0,0,N/A
671608,3-Oct-16,Minnesota,Alden,66045 160th Street,0,0,0,0,0,N/A
668808,3-Oct-16,Minnesota,Willmar,2101 15th Avenue NW,0,1,0,0,0,N/A
668407,3-Oct-16,Minnesota,Minneapolis,Fourth St and Hennepin Ave,0,4,0,0,1,N/A
668399,3-Oct-16,Minnesota,Minneapolis,19 N 4th St,0,2,0,0,0,N/A
668007,2-Oct-16,Minnesota,Duluth,3200 block of Skyline Parkway,0,1,0,0,0,N/A
669047,1-Oct-16,Minnesota,Minneapolis,19 W. 15th Street,0,1,0,0,0,N/A
666524,30-Sep-16,Minnesota,Minneapolis,5400 block of 34th Avenue South,2,1,1,0,0,N/A
666255,28-Sep-16,Minnesota,Baxter,13000 block of Berrywood Drive,0,0,0,0,0,N/A
666236,28-Sep-16,Minnesota,Minneapolis,3000 block of Irving Avenue N.,0,1,0,0,0,N/A
666078,27-Sep-16,Minnesota,Moorhead,N/A,0,0,0,0,1,N/A
665606,27-Sep-16,Minnesota,Minneapolis,I-94 and N Dowling Ave,0,1,0,0,0,N/A
665632,27-Sep-16,Minnesota,Minneapolis,400 block of Hennepin Avenue S.,0,1,0,0,0,N/A
665584,27-Sep-16,Minnesota,Minneapolis (Brooklyn Park),7500 block of Brunswick Avenue N.,0,1,0,0,1,N/A
665593,27-Sep-16,Minnesota,Moorhead,8242 2nd Avenue S.,0,0,0,0,2,N/A
664766,26-Sep-16,Minnesota,Burnsville,1600 block of E. Cliff Road,0,0,1,0,0,N/A
797843,26-Sep-16,Minnesota,Saint Paul,Conway St and N Mendota St,0,0,0,0,1,N/A
662638,25-Sep-16,Minnesota,Saint Paul,700 block of Sims Avenue,1,1,0,0,3,N/A
663883,24-Sep-16,Minnesota,Duluth (Hermantown),4833 Oak Ridge Drive,0,1,0,0,4,N/A
662260,23-Sep-16,Minnesota,Minneapolis,15th Street and Nicollet Avenue,0,1,0,0,0,N/A
698199,22-Sep-16,Minnesota,Saint Paul,Payne and Magnolia Avenue,0,0,0,0,1,N/A
659245,19-Sep-16,Minnesota,Farmington,300 block of Walnut St,0,0,0,0,0,N/A
659236,18-Sep-16,Minnesota,Center City,Maple Ln,0,0,0,1,0,N/A
658831,17-Sep-16,Minnesota,Minneapolis,Penn Ave N and W Broadway Ave,0,1,0,0,0,N/A
657861,17-Sep-16,Minnesota,Waite Park,4201 Division St,0,0,1,0,0,N/A
657475,15-Sep-16,Minnesota,Rochester,1237 Marion Road Southeast,0,0,0,0,1,N/A
656972,14-Sep-16,Minnesota,Austin,800 block of 12th Street,0,1,0,0,0,N/A
654450,13-Sep-16,Minnesota,Minneapolis (Brooklyn Center),1200 Shingle Creek Crossing,0,1,0,0,2,N/A
656874,12-Sep-16,Minnesota,Forest Lake,908 I-35 S.W.,0,0,1,0,0,N/A
652836,11-Sep-16,Minnesota,Minneapolis,31st Avenue N. and Colfax Avenue N.,1,0,0,0,0,N/A
651505,8-Sep-16,Minnesota,Minneapolis,4000 block of Bryant Avenue North,0,1,0,0,0,N/A
650575,7-Sep-16,Minnesota,Minneapolis,3820 Emerson Avenue N.,0,0,0,0,0,N/A
650554,7-Sep-16,Minnesota,Albert Lea,318 Meredith Road,0,0,0,0,0,N/A
656916,6-Sep-16,Minnesota,Saint Paul,46 E. 5th Street,0,0,0,0,1,N/A
648449,5-Sep-16,Minnesota,Minneapolis,10 South 5th Street,1,1,0,0,1,N/A
648453,5-Sep-16,Minnesota,Minneapolis,126 North 5th Street,0,1,0,0,0,N/A
649077,5-Sep-16,Minnesota,Saint Paul,Como and Snelling Avenue,0,0,0,0,0,N/A
650564,2-Sep-16,Minnesota,Bemidji,200 block of Paul Bunyan Drive N.W.,0,0,0,0,0,N/A
656854,2-Sep-16,Minnesota,Minneapolis,36th and Emerson,0,0,0,0,1,N/A
650680,2-Sep-16,Minnesota,Millville,260 Division Street,0,0,0,0,4,N/A
797485,1-Sep-16,Minnesota,Crosby,2 E Main St,0,0,0,0,1,N/A
650684,1-Sep-16,Minnesota,Saint Paul,1200 block of Galtier St N,1,0,0,0,1,N/A
698189,30-Aug-16,Minnesota,Saint Paul,Payne Avenue,0,0,0,0,1,N/A
643410,30-Aug-16,Minnesota,Saint Paul,Edmund Ave and Grotto St,1,2,0,0,0,N/A
641501,28-Aug-16,Minnesota,Spicer,159 Lake Avenue S,0,0,0,0,1,N/A
641075,28-Aug-16,Minnesota,Saint Paul (Eagan),1272 Birch Pt,0,0,1,0,0,N/A
643455,27-Aug-16,Minnesota,Rochester,1400 block of Weatherhill Ridge Court SW,0,0,0,0,0,N/A
639191,25-Aug-16,Minnesota,Minneapolis,Lowry and Penn Avenue,0,1,0,0,0,N/A
643384,25-Aug-16,Minnesota,Bemidji,17000 block of Mission Road S.E.,0,0,0,0,1,N/A
638971,25-Aug-16,Minnesota,Moorhead,1916 18th Ave. S,0,0,0,0,1,N/A
638156,24-Aug-16,Minnesota,La Crescent (Dresbach),Interstate 90,0,0,0,0,0,N/A
638262,23-Aug-16,Minnesota,Albert Lea,19499 780th Ave,1,0,0,0,1,N/A
636765,23-Aug-16,Minnesota,Rochester,400 block of 27th Street Northeast,0,0,0,0,0,N/A
637290,22-Aug-16,Minnesota,Minneapolis,N. 1st Avenue and 4th Street,0,0,0,0,1,N/A
635770,21-Aug-16,Minnesota,Rochester,2706 Charles Court Northwest,0,0,0,0,0,N/A
636510,21-Aug-16,Minnesota,Minneapolis,N/A,0,1,0,0,0,N/A
637358,17-Aug-16,Minnesota,Brainerd,500 block of 12th Street S.E.,0,0,0,0,1,N/A
632519,15-Aug-16,Minnesota,Hastings,Three Rivers Drive,2,0,0,0,0,N/A
629889,14-Aug-16,Minnesota,Minneapolis,2500 block of Hennepin Avenue South,0,1,0,0,0,N/A
629895,14-Aug-16,Minnesota,Northfield,1200 block of Jefferson Road,1,0,0,0,1,N/A
635208,14-Aug-16,Minnesota,Minneapolis,3900 block of Colfax Ave N,0,1,0,0,0,N/A
629415,14-Aug-16,Minnesota,Minneapolis,1717 Plymouth Ave N,0,5,0,0,0,N/A
635206,13-Aug-16,Minnesota,Minneapolis,2700 block of Girard Avenue N.,0,1,0,0,0,N/A
629887,13-Aug-16,Minnesota,Minneapolis,2300 block of James Avenue North,0,1,0,0,0,N/A
635203,13-Aug-16,Minnesota,Minneapolis,N. Knox and Plymouth Avenue,0,1,0,0,0,N/A
633262,13-Aug-16,Minnesota,Delano,Railroad Avenue,0,0,0,0,1,N/A
635196,12-Aug-16,Minnesota,Minneapolis,S. 28th Avenue and E. Lake Street,0,1,0,0,0,N/A
635201,12-Aug-16,Minnesota,Minneapolis,N Lyndale Ave and N 40th Ave,0,1,0,0,0,N/A
628797,12-Aug-16,Minnesota,Minneapolis,2900 block of Morgan Avenue,1,0,0,0,0,N/A
627294,11-Aug-16,Minnesota,Minneapolis,Fremont Avenue N. and Dowling Avenue N.,0,1,0,0,2,N/A
627707,11-Aug-16,Minnesota,Minneapolis,Lake Street and Chicago Avenue,0,2,0,0,0,N/A
627381,11-Aug-16,Minnesota,Minneapolis,2800 block of Lyndale Avenue North,0,1,0,0,0,N/A
633967,11-Aug-16,Minnesota,Duluth,2100 block of W. 4th Street,0,0,0,0,1,N/A
627302,10-Aug-16,Minnesota,Minneapolis,33rd Avenue N. and Bryant Avenue N.,0,1,0,0,0,N/A
626316,10-Aug-16,Minnesota,Rochester,2nd Street and 14th Avenue SW,1,0,0,0,1,N/A
625762,9-Aug-16,Minnesota,Mahnomen (county),N/A,2,0,0,0,0,N/A
625552,9-Aug-16,Minnesota,Minneapolis,N 41st Ave and Dupont Ave,0,1,0,0,1,N/A
625756,9-Aug-16,Minnesota,Minneapolis,15th Avenue NE and NE Main Street,1,0,0,0,1,N/A
629029,8-Aug-16,Minnesota,Bemidji,800 block of Jefferson Avenue S.W.,0,0,0,0,0,N/A
624551,8-Aug-16,Minnesota,Fosston,32658 Us Highway 2 SE,0,1,0,0,1,N/A
624140,7-Aug-16,Minnesota,Saint Paul,1964 University Avenue W.,0,0,0,0,1,N/A
624132,7-Aug-16,Minnesota,Minneapolis,35th and Penn Avenue N.,1,1,0,0,1,N/A
1498930,7-Aug-16,Minnesota,Motley,N/A,0,0,0,0,1,N/A
624138,7-Aug-16,Minnesota,Minneapolis,Lake Street E. and 4th Avenue S.,0,1,0,0,0,N/A
692962,6-Aug-16,Minnesota,Minneapolis (Blaine),4369 Ball Rd NE,0,0,0,0,1,N/A
624144,6-Aug-16,Minnesota,Minneapolis,300 block of 1st Avenue N.,0,2,0,0,0,N/A
813622,5-Aug-16,Minnesota,Perham,N/A,0,0,0,0,1,N/A
622938,4-Aug-16,Minnesota,Lakeland (Lake Saint Croix Beach),Riviera Ave S and 17th St S,0,0,0,0,0,N/A
622944,3-Aug-16,Minnesota,Grand Rapids,400 block of N.W. 17th Avenue,0,0,0,0,2,N/A
621140,3-Aug-16,Minnesota,Minneapolis,2500 block of Logan Avenue N.,1,0,0,0,1,N/A
624160,3-Aug-16,Minnesota,Minneapolis (Edina),7300 block of Wooddale Avenue,0,0,0,0,0,N/A
620003,2-Aug-16,Minnesota,Alexandria,300 block of 4th Ave E,0,0,1,0,0,N/A
621138,2-Aug-16,Minnesota,Minneapolis (Golden Valley),MN 100 and Duluth St,0,1,0,0,0,N/A
622958,1-Aug-16,Minnesota,Minneapolis,2900 block of Columbus Avenue S.,0,1,0,0,0,N/A
629221,1-Aug-16,Minnesota,Nisswa,23000 block of Clement Drive,0,0,0,0,0,N/A
617983,31-Jul-16,Minnesota,Minneapolis,1st Avenue N. and 4th Street N.,0,1,0,0,0,N/A
625077,30-Jul-16,Minnesota,Lakeville,16500 block of Linch Path,0,0,0,0,1,N/A
624102,29-Jul-16,Minnesota,Albert Lea,N/A,0,1,0,0,0,N/A
617566,29-Jul-16,Minnesota,Minneapolis,2400 block of Bloomington Avenue S.,0,1,0,0,0,N/A
617564,29-Jul-16,Minnesota,Minneapolis,1300 block of Knox Avenue N.,0,1,0,0,0,N/A
671597,28-Jul-16,Minnesota,Minneapolis (Edina),Wooddale Avenue,0,0,0,0,3,N/A
618018,28-Jul-16,Minnesota,Jenkins,Crow Wing County Road 16 and Wild Acres Road,0,0,0,0,1,N/A
615079,27-Jul-16,Minnesota,Saint Paul,2400 block of Youngman Avenue,1,0,0,1,1,N/A
614408,27-Jul-16,Minnesota,Winona,700 W 5th St,1,1,0,0,1,N/A
617464,26-Jul-16,Minnesota,Bemidji,1000 block of America Avenue N.W.,0,0,0,0,1,N/A
613983,26-Jul-16,Minnesota,Minneapolis,Lake Street,0,1,0,0,0,N/A
613981,26-Jul-16,Minnesota,Minneapolis,West Broadway Avenue and Logan Avenue North,0,1,0,0,0,N/A
611303,24-Jul-16,Minnesota,Cloquet,Brevator Rd. and Big Lake Rd,0,2,0,0,1,N/A
643431,24-Jul-16,Minnesota,Minneapolis,N/A,0,0,0,0,2,N/A
612900,24-Jul-16,Minnesota,Owatonna,422 North Cedar Avenue,0,0,0,0,0,N/A
610641,23-Jul-16,Minnesota,Minneapolis,Third Avenue and 31st Street,0,1,0,0,0,N/A
611094,22-Jul-16,Minnesota,Minneapolis,E. 28th Street and Bloomington Avenue,0,0,0,0,0,N/A
609525,22-Jul-16,Minnesota,Minneapolis (Blaine),3200 block of 89th Curve NE,1,0,0,0,1,N/A
612907,20-Jul-16,Minnesota,Minneapolis (Brooklyn Park),6200 block of 65th Avenue,0,0,0,0,1,N/A
607403,19-Jul-16,Minnesota,Minneapolis,66th Ave N and Camden Ave N,1,0,0,0,1,N/A
605235,16-Jul-16,Minnesota,Minneapolis,15th Street E. and Nicollet Avenue S.,0,2,0,0,0,N/A
605180,16-Jul-16,Minnesota,Minneapolis,30th and Newton Avenue N.,1,2,0,0,0,N/A
605267,11-Jul-16,Minnesota,Elko New Market,N/A,0,0,0,0,1,N/A
600371,10-Jul-16,Minnesota,Altura,19041 Highway 74,0,0,0,0,2,N/A
599125,9-Jul-16,Minnesota,Rochester,Park Lane Southeast,0,0,0,0,0,N/A
598609,8-Jul-16,Minnesota,Minneapolis,Lowry Avenue N. and Penn Avenue N.,1,1,0,0,2,N/A
598629,7-Jul-16,Minnesota,Minneapolis,5th Ave S and Lake St,1,0,0,0,1,N/A
596955,6-Jul-16,Minnesota,Saint Paul (Falcon Heights),Larpenteur Ave W and Fry St,1,0,0,0,1,N/A
595064,4-Jul-16,Minnesota,Minneapolis,1415 Morgan Avenue N.,1,0,0,0,1,N/A
605289,3-Jul-16,Minnesota,Altura (Elba),N/A,0,0,0,0,2,N/A
599046,3-Jul-16,Minnesota,Crosby,17000 block of County Road 11,0,0,0,0,0,N/A
593977,3-Jul-16,Minnesota,Minneapolis,1127 West Broadway Avenue,1,2,0,0,0,N/A
595826,3-Jul-16,Minnesota,Cass Lake,N/A,0,1,0,0,0,N/A
594202,2-Jul-16,Minnesota,Winona,1800 block of Garvin Heights Road,0,0,0,1,1,N/A
595819,2-Jul-16,Minnesota,Rochester,1237 Marion Rd SE,0,1,0,0,0,N/A
595067,30-Jun-16,Minnesota,Minneapolis,24th Street E. and Oakland Avenue S.,1,0,0,0,1,N/A
592692,29-Jun-16,Minnesota,Minneapolis,14th Ave. S.E. and 6th Street S.E,0,2,0,0,1,N/A
591661,27-Jun-16,Minnesota,Minneapolis,1800 block of Penn Avenue,1,0,0,0,0,N/A
591657,27-Jun-16,Minnesota,Minneapolis,14th Avenue and 6th Street S.E.,0,2,0,0,0,N/A
591671,26-Jun-16,Minnesota,Minneapolis,4th Street and 2nd Avenue N.,0,2,0,0,0,N/A
598760,25-Jun-16,Minnesota,Owatonna,N/A,1,0,0,0,2,N/A
586871,22-Jun-16,Minnesota,Saint Paul,200 block of Grand Avenue W.,0,1,0,0,0,N/A
591851,20-Jun-16,Minnesota,Saint Paul (Roseville),200 block of Grandview Ave W,0,1,0,0,0,N/A
583424,18-Jun-16,Minnesota,Jackson,6500 block of George Washington Drive,0,1,0,0,0,N/A
583324,17-Jun-16,Minnesota,Saint Paul (Maplewood),1700 Rice Street,0,0,0,0,0,N/A
583272,17-Jun-16,Minnesota,Prior Lake,N/A,0,0,0,0,1,N/A
583277,16-Jun-16,Minnesota,Bemidji,200 block of 29th Street N.E.,0,0,0,0,0,N/A
583345,16-Jun-16,Minnesota,Minneapolis,3500 block of Knox Avenue N.,1,0,0,0,1,N/A
583495,16-Jun-16,Minnesota,Rochester,1618 Marion Road S.E.,0,0,0,0,2,N/A
583561,15-Jun-16,Minnesota,Preston,N/A,0,0,0,0,1,N/A
583520,13-Jun-16,Minnesota,Barnum,N/A,0,0,0,0,1,N/A
580749,12-Jun-16,Minnesota,Saint Paul,400 block of Lexington Avenue,1,0,0,0,3,N/A
578238,11-Jun-16,Minnesota,Webster,4000 block of Elmore Avenue,0,4,0,0,0,N/A
591848,11-Jun-16,Minnesota,Ravenna Township,N/A,0,0,0,0,1,N/A
583571,10-Jun-16,Minnesota,Brainerd,523 N. 3rd Street,0,0,0,0,1,N/A
576583,7-Jun-16,Minnesota,Albert Lea,803 Bridge Avenue,0,0,0,0,0,N/A
576636,7-Jun-16,Minnesota,Rochester,215 Elton Hills Drive N.W.,0,0,0,0,0,N/A
575061,5-Jun-16,Minnesota,Minneapolis,8th and Humboldt Avenue N.,0,4,0,0,0,N/A
573610,4-Jun-16,Minnesota,Moorhead,1002 18 1/2 St S,0,0,0,0,1,N/A
571802,2-Jun-16,Minnesota,Minneapolis,W. Broadway Avenue and Irving Avenue N.,0,0,0,0,0,N/A
571777,2-Jun-16,Minnesota,Rochester,1618 Marion Road S.E.,0,0,0,0,2,N/A
570297,2-Jun-16,Minnesota,Minneapolis (Brooklyn Park),2400 block of Pearson Parkway,1,0,0,0,0,N/A
571797,1-Jun-16,Minnesota,Fergus Falls,1900 block of E. Main Street,1,0,0,0,1,N/A
577013,1-Jun-16,Minnesota,Milaca,57th Ave and 110th St,0,0,0,1,1,N/A
574954,1-Jun-16,Minnesota,Buffalo,N/A,1,0,0,0,2,N/A
570338,31-May-16,Minnesota,Center City (Chisago Lake),N/A,0,0,0,0,1,N/A
570494,30-May-16,Minnesota,Albert Lea,906 W. Front Street,0,0,0,0,1,N/A
711543,28-May-16,Minnesota,Chaska,N/A,0,0,0,0,1,N/A
567465,26-May-16,Minnesota,Minneapolis,21st and Penn Avenue,1,0,0,0,2,N/A
1460544,26-May-16,Minnesota,Hawley,714 Joseph St,0,0,0,0,1,N/A
566966,26-May-16,Minnesota,Saint Paul,2100 block of Minnehaha Avenue E.,0,0,1,0,0,N/A
567476,26-May-16,Minnesota,Minneapolis,3500 block of Logan Avenue N.,0,1,0,0,0,N/A
570490,25-May-16,Minnesota,Albert Lea,77281 170th Street,0,0,0,0,0,N/A
566656,25-May-16,Minnesota,Sartell,100 block of Le Sauk Drive,0,1,0,0,0,N/A
570402,24-May-16,Minnesota,Baxter,14000 block of Edgewood Drive,0,0,0,0,0,N/A
570343,24-May-16,Minnesota,Saint Cloud,122 12th Avenue S.,0,1,0,0,1,N/A
564221,23-May-16,Minnesota,Minneapolis,100 block of N. 4th Street,0,2,0,0,0,N/A
564230,22-May-16,Minnesota,Saint Paul,738 Thomas Avenue W.,0,1,0,1,1,N/A
564259,22-May-16,Minnesota,Wilton,200 block of Spirit Avenue N.E.,0,0,0,0,1,N/A
564253,19-May-16,Minnesota,Albert Lea,2316 Clayton Avenue,0,0,0,0,0,N/A
564254,15-May-16,Minnesota,Moorhead,N/A,0,0,0,0,1,N/A
559669,15-May-16,Minnesota,Battle Lake,123 Lake Avenue S.,0,1,0,0,1,N/A
559672,14-May-16,Minnesota,Savage,13900 block of Glendale Road,0,0,0,0,2,N/A
558717,11-May-16,Minnesota,Minnetonka,9700 block of Minnetonka Boulevard,0,1,0,0,1,N/A
559051,11-May-16,Minnesota,Brainerd,523 N.W. 3rd Street,0,0,0,0,1,N/A
558638,11-May-16,Minnesota,Minneapolis,Highway 55 and Penn Avenue N.,1,0,0,0,0,N/A
556860,9-May-16,Minnesota,Saint Paul,700 block of Buffalo Street,0,1,1,0,0,N/A
558958,8-May-16,Minnesota,Albert Lea,205 S. 5th Avenue,0,0,0,0,0,N/A
555812,7-May-16,Minnesota,Minneapolis,27th and Knox Avenue N.,1,0,0,0,0,N/A
555805,7-May-16,Minnesota,Saint Paul,200 block of E. 5th Street,1,1,0,0,1,N/A
555814,7-May-16,Minnesota,Minneapolis,2nd Street N. and W. Broadway,0,3,0,0,0,N/A
558095,6-May-16,Minnesota,Anoka (Nowthen),N/A,0,0,0,0,1,N/A
558959,5-May-16,Minnesota,Albert Lea,N/A,0,0,0,0,1,N/A
554759,5-May-16,Minnesota,Minneapolis,1600 block of Plymouth Avenue,0,1,0,0,0,N/A
553570,4-May-16,Minnesota,Minneapolis,16th Avenue North and Newton Avenue North,1,7,0,0,0,N/A
552178,30-Apr-16,Minnesota,Saint Paul,1129 Arcade Street,0,2,0,0,1,N/A
550929,29-Apr-16,Minnesota,Austin,2100 block of 4th Avenue S.E.,0,0,0,0,1,N/A
550781,28-Apr-16,Minnesota,Mankato,Belle Avenue,1,0,1,0,0,N/A
550266,27-Apr-16,Minnesota,Hayfield,115 1st Ave N.E.,0,0,0,0,1,N/A
550256,26-Apr-16,Minnesota,Minneapolis,15th and Girard Avenue N.,0,1,0,0,0,N/A
550254,26-Apr-16,Minnesota,Minneapolis,2000 block of 26th Avenue N.,0,1,0,0,0,N/A
550251,26-Apr-16,Minnesota,Minneapolis,1600 block of Plymouth Avenue N.,0,2,0,0,0,N/A
550409,26-Apr-16,Minnesota,Austin,1500 block of 1st Avenue S.E.,0,0,0,0,1,N/A
550920,24-Apr-16,Minnesota,Saint Paul,Old Hudson Road,0,1,0,0,0,N/A
559058,23-Apr-16,Minnesota,Pequot Lakes,Rae Avenue,0,0,0,0,0,N/A
550918,23-Apr-16,Minnesota,Saint Paul,Grotto Street and Thomas Avenue,0,1,0,0,0,N/A
556866,23-Apr-16,Minnesota,Minneapolis,41st Avenue N. and Aldrich Avenue N.,0,1,0,0,0,N/A
547005,22-Apr-16,Minnesota,Anoka (Ramsey),16200 block of Azurite Street N.W.,1,0,1,0,0,N/A
548809,21-Apr-16,Minnesota,Moorhead,3621 8th Street S.,0,0,0,0,1,N/A
545486,20-Apr-16,Minnesota,Austin,5th Avenue N.E. and 19th Street N.E.,0,0,0,1,1,N/A
550926,18-Apr-16,Minnesota,Rochester,1000 41st Street N.W.,0,0,0,0,1,N/A
542995,18-Apr-16,Minnesota,Duluth,4600 block of W. 8th Street,0,1,0,0,0,N/A
542936,18-Apr-16,Minnesota,Saint Paul,St. Alban’s Street and University Avenue,0,2,0,0,0,N/A
542931,18-Apr-16,Minnesota,Saint Paul,420 Magnolia Avenue E.,1,0,0,0,0,N/A
542910,17-Apr-16,Minnesota,Saint Paul,Earl Street and Mounds Boulevard,1,1,0,0,5,N/A
543042,17-Apr-16,Minnesota,Waconia,10000 block of Highway 7,0,0,0,0,1,N/A
542982,16-Apr-16,Minnesota,Albert Lea,1030 1/2 S. Broadway,0,0,0,0,2,N/A
542918,16-Apr-16,Minnesota,Minneapolis,2212 10th Avenue S.,1,0,0,0,0,N/A
546731,16-Apr-16,Minnesota,Saint Paul,825 Jefferson Ave,0,1,0,0,1,N/A
543009,12-Apr-16,Minnesota,Waseca,1100 block of Dakota Street,0,0,1,0,0,N/A
541133,12-Apr-16,Minnesota,Minneapolis (Crystal),4200 block of Zane Ave N,0,1,0,0,0,N/A
538546,10-Apr-16,Minnesota,Avon,18000 block of 332nd Street,0,1,0,0,0,N/A
543369,10-Apr-16,Minnesota,Brainerd,11000 block of Eagleview Drive,0,0,0,0,1,N/A
550931,8-Apr-16,Minnesota,Excelsior (Minnetrista),Pheasant Lane,0,0,0,0,1,N/A
536831,8-Apr-16,Minnesota,Saint Paul,374 Selby Ave,1,0,0,0,1,N/A
536281,5-Apr-16,Minnesota,Minneapolis,Hennepin Avenue,0,1,0,0,0,N/A
534579,4-Apr-16,Minnesota,Minneapolis,2120 Minnehaha Avenue S.,0,0,1,0,0,N/A
536996,4-Apr-16,Minnesota,Saint Paul,University Avenue and Victoria Street,0,1,0,0,0,N/A
534598,2-Apr-16,Minnesota,Saint Paul,1500 block of St. Anthony Avenue,1,0,0,0,0,N/A
533158,1-Apr-16,Minnesota,Saint Paul,429 S. Robert Street,0,1,0,0,0,N/A
535694,1-Apr-16,Minnesota,Rose Creek,N/A,0,0,0,0,1,N/A
536980,1-Apr-16,Minnesota,Hanley Falls,N/A,0,0,0,0,1,N/A
533162,31-Mar-16,Minnesota,Albert Lea,600 block of Ruble Avenue,0,0,0,0,2,N/A
533156,30-Mar-16,Minnesota,Minneapolis,E. Lake Street and Bloomington Avenue S.,0,1,0,0,0,N/A
533145,30-Mar-16,Minnesota,Minneapolis,E. Lake Street and Bloomington Avenue S.,0,1,0,0,0,N/A
533142,30-Mar-16,Minnesota,Minneapolis,2600 block of Monroe Street,0,2,0,0,0,N/A
532510,30-Mar-16,Minnesota,Sartell,100 block of 18th Avenue N.,0,1,0,0,1,N/A
538644,30-Mar-16,Minnesota,Minneapolis (Crystal),N/A,0,0,0,0,1,N/A
532481,29-Mar-16,Minnesota,Aitkin,340th Ave and Highway 210,0,0,1,0,0,N/A
529669,27-Mar-16,Minnesota,Minneapolis,34th and Fremont Avenue N.,0,2,0,0,0,N/A
529663,26-Mar-16,Minnesota,Minneapolis,Colfax Avenue and 39th Avenue,1,0,0,0,2,N/A
530188,26-Mar-16,Minnesota,Austin,800 block of 9th Avenue S.W.,0,1,0,0,0,N/A
528354,22-Mar-16,Minnesota,Saint Paul,901 Snelling Avenue N.,2,0,0,0,4,N/A
528267,21-Mar-16,Minnesota,Duluth,200 block of 1st Avenue E.,0,0,0,0,2,N/A
525545,19-Mar-16,Minnesota,Minneapolis,35th Avenue N. and Bryant Avenue N.,0,1,0,0,0,N/A
525547,19-Mar-16,Minnesota,Minneapolis,Bloomington Ave and Lake St E,0,2,0,0,1,N/A
525386,18-Mar-16,Minnesota,Rochester,3262 Portage Circle N.W.,0,0,0,0,1,N/A
524715,17-Mar-16,Minnesota,Minneapolis,53rd and Logan Avenue N.,1,1,0,0,1,N/A
523734,17-Mar-16,Minnesota,Burnsville,2901 Highway 13 W,0,0,1,0,0,N/A
530403,16-Mar-16,Minnesota,Hawley,714 Joseph Street,0,0,0,0,2,N/A
523973,16-Mar-16,Minnesota,Saint Paul,810 Palace Avenue,0,0,0,0,1,N/A
530295,15-Mar-16,Minnesota,Brainerd,8000 block of St. Mathias Road,0,0,0,0,0,N/A
523201,15-Mar-16,Minnesota,Rochester,3262 Portage Circle N.W.,0,0,0,0,0,N/A
521784,13-Mar-16,Minnesota,Rochester,950 16th Avenue S.E.,0,0,0,0,2,N/A
521324,12-Mar-16,Minnesota,Minneapolis,I-94 and N Dowling Ave,0,3,0,0,1,N/A
523918,12-Mar-16,Minnesota,Saint Paul,500 block of Sherburne Avenue,0,0,0,0,1,N/A
522041,12-Mar-16,Minnesota,Stewartville,202 S. Main Street,0,0,0,0,1,N/A
521962,12-Mar-16,Minnesota,Minneapolis,4600 block of Lyndale Avenue N.,0,1,0,0,0,N/A
518203,7-Mar-16,Minnesota,Minneapolis,38th Avenue and Thomas Avenue N.,0,1,0,0,0,N/A
518190,7-Mar-16,Minnesota,Rochester,2900 block of 9th Avenue N.W.,0,1,1,0,0,N/A
518195,7-Mar-16,Minnesota,Shakopee,Stagecoach Road and US 169,0,1,0,0,1,N/A
523914,7-Mar-16,Minnesota,Saint Paul,N/A,0,0,0,0,0,N/A
517340,5-Mar-16,Minnesota,Saint Paul,University Avenue W. and Prior Avenue N.,1,0,0,0,1,N/A
516601,5-Mar-16,Minnesota,Minneapolis (Brooklyn Center),1144 Brookdale Center,0,1,0,1,2,N/A
566027,2-Mar-16,Minnesota,Roseau,N/A,0,0,0,0,1,N/A
515312,29-Feb-16,Minnesota,Litchfield (Harvey Township),56900 block of 340th Street,1,0,1,0,0,N/A
513115,23-Feb-16,Minnesota,Bemidji,800 block of Archery Road N.W.,0,0,0,0,1,N/A
511183,23-Feb-16,Minnesota,Faribault,704 17th Street S.W.,0,1,0,0,1,N/A
511096,22-Feb-16,Minnesota,Rochester,37th Street,0,0,0,0,2,N/A
512782,22-Feb-16,Minnesota,Cambridge,31374 Xylite Street N.E.,0,0,0,1,1,N/A
510252,22-Feb-16,Minnesota,Minneapolis (Brooklyn Park),7500 block of Imperial Drive,0,0,1,0,0,N/A
518149,21-Feb-16,Minnesota,Austin,22nd Street N.W.,0,0,0,0,0,N/A
519890,20-Feb-16,Minnesota,Watson,10157 MN-7,0,0,0,0,0,N/A
509511,18-Feb-16,Minnesota,Long Prairie,17000 block of 10th Avenue,0,0,0,0,2,N/A
508013,16-Feb-16,Minnesota,Brainerd,100 block of Laurel Street,0,0,0,0,1,N/A
505173,12-Feb-16,Minnesota,Duluth (Midway Township),3169 Midway Road,0,0,0,1,0,N/A
504390,12-Feb-16,Minnesota,Minneapolis (Plymouth),Rockford Rd and Northwest Blvd,1,2,1,0,0,N/A
506298,11-Feb-16,Minnesota,Saint Paul,N/A,0,0,0,0,0,N/A
505474,10-Feb-16,Minnesota,Saint Paul (Roseville),1600 block of County Road B,0,0,1,0,0,N/A
504596,8-Feb-16,Minnesota,Rochester,851 21st Avenue S.E.,0,0,0,0,2,N/A
502135,8-Feb-16,Minnesota,Windom,764 3rd Avenue,0,1,1,0,0,N/A
502039,7-Feb-16,Minnesota,Minneapolis,Emerson and Dupont Avenue,0,1,0,0,0,N/A
506191,7-Feb-16,Minnesota,Burnsville,1201 Riverwood Drive,0,1,0,0,1,N/A
501182,7-Feb-16,Minnesota,Minneapolis,1400 Nicollet Avenue S.,0,1,0,1,0,N/A
502508,7-Feb-16,Minnesota,Rochester,900 block of Homestead Village Lane S.E.,0,0,0,0,0,N/A
502048,6-Feb-16,Minnesota,Saint Paul,Arcade and E. 7th Street,0,1,0,0,2,N/A
500794,3-Feb-16,Minnesota,Austin,800 block of 11th Street N.E.,0,0,0,0,1,N/A
502523,30-Jan-16,Minnesota,Rochester,800 block of 21st Avenue S.E.,0,0,0,0,1,N/A
497530,30-Jan-16,Minnesota,Rochester,N/A,0,1,0,0,0,N/A
497102,29-Jan-16,Minnesota,Saint Paul (New Brighton),626 Continental Drive,0,0,0,0,1,N/A
494869,28-Jan-16,Minnesota,Saint Paul (Oakdale),2700 block of Granite Ave,0,1,1,0,0,N/A
494048,26-Jan-16,Minnesota,Minneapolis,Sheridan and Farwell Avenue,1,0,0,0,0,N/A
494038,26-Jan-16,Minnesota,Shakopee,8101 Old Carriage Court,0,0,0,0,2,N/A
494050,25-Jan-16,Minnesota,Minneapolis,45th and Logan Avenue N.,0,1,0,0,0,N/A
494045,24-Jan-16,Minnesota,Minneapolis (Columbia Heights),1266 Circle Terrace Boulevard,1,0,0,0,1,N/A
494226,23-Jan-16,Minnesota,Saint Paul,Maryland Avenue and Earl Street,0,0,0,0,0,N/A
487243,16-Jan-16,Minnesota,Virginia,500 block of Chestnut Street,0,1,0,0,2,N/A
482652,11-Jan-16,Minnesota,Minneapolis,I-394 and Dunwoody Blvd,0,2,0,0,0,N/A
484957,10-Jan-16,Minnesota,Saint Cloud,1900 block of Quarry Road,0,0,0,0,1,N/A
725354,4-Jan-16,Minnesota,Willmar,1000 block of Eighth Street Southwest,0,0,0,0,1,N/A
481560,2-Jan-16,Minnesota,Saint Paul (Maplewood),1801 Gervais Avenue,0,0,0,0,3,N/A
476929,1-Jan-16,Minnesota,Alexandria,1100 block of Douglas Street,0,0,0,0,1,N/A
481486,1-Jan-16,Minnesota,Minneapolis,500 block of 8th Avenue S.E.,1,0,0,0,0,N/A
476897,1-Jan-16,Minnesota,Saint Paul (Shoreview),I-694,0,1,0,0,0,N/A