"Incident ID","Incident Date",State,"City Or County",Address,"Victims Killed","Victims Injured","Suspects Killed","Suspects Injured","Suspects Arrested",Operations
1288586,"December 30, 2018",Minnesota,Minneapolis,"3400 block of Queen Ave N",0,1,0,0,1,N/A
1287243,"December 27, 2018",Minnesota,Litchfield,"Co Rd 16",0,0,0,0,1,N/A
1285648,"December 26, 2018",Minnesota,Minneapolis,"Chicago Ave and E 24th St",0,1,0,0,0,N/A
1284750,"December 25, 2018",Minnesota,Minneapolis,"17th Ave N and Morgan Ave N",0,1,0,0,0,N/A
1285653,"December 25, 2018",Minnesota,Hibbing,"2408 3rd Ave E",1,2,0,0,1,N/A
1284609,"December 24, 2018",Minnesota,Fosston,N/A,0,0,0,0,0,N/A
1284745,"December 23, 2018",Minnesota,"Saint Paul","400 Arlington Ave E",1,0,0,0,1,N/A
1283443,"December 22, 2018",Minnesota,Lamberton,"140th St and Jade Ave",0,1,0,0,0,N/A
1279957,"December 16, 2018",Minnesota,Minneapolis,"900 block of West Broadway Ave",0,1,0,0,2,N/A
1278964,"December 15, 2018",Minnesota,Winona,"850 block of W 5th St",0,1,0,0,0,N/A
1280069,"December 13, 2018",Minnesota,Brainerd,"700 block of S 9th St",0,0,0,0,1,N/A
1280093,"December 13, 2018",Minnesota,"Duluth (Hermantown)","Midway Rd and Hagberg Rd",0,0,0,0,0,N/A
1276604,"December 12, 2018",Minnesota,"Minneapolis (Bloomington)","9700 France Ave S",0,0,0,0,1,N/A
1284410,"December 11, 2018",Minnesota,Brainerd,"2000 SE 13th St",0,0,0,0,0,N/A
1275166,"December 10, 2018",Minnesota,Minneapolis,"700 block W Broadway Ave",0,3,0,0,0,N/A
1275178,"December 10, 2018",Minnesota,Duluth,"100 block of W Reis St",1,0,0,0,1,N/A
1273285,"December 9, 2018",Minnesota,"Saint Paul","1132 Payne Ave",1,1,0,0,2,N/A
1273195,"December 8, 2018",Minnesota,Alexandria,"400 block of Elm St",0,1,0,0,2,N/A
1270401,"December 5, 2018",Minnesota,Minneapolis,"3300 block of Lyndale Ave N",0,1,0,0,0,N/A
1269002,"December 2, 2018",Minnesota,"Saint Paul","800 block of Arkwright St",0,0,0,0,0,N/A
1269652,"December 2, 2018",Minnesota,Moorhead,"101 11th St S",0,1,0,0,1,N/A
1274252,"December 2, 2018",Minnesota,"Saint Paul","1200 block of Marshall Avenue",1,0,0,0,1,N/A
1266456,"November 28, 2018",Minnesota,Bemidji,"30th St NW and Ridgeway Ave",0,0,1,0,0,N/A
1264843,"November 27, 2018",Minnesota,Virginia,"306 2nd St S",0,0,1,0,0,N/A
1262897,"November 25, 2018",Minnesota,"Saint Cloud","9th Ave S and 14th St",0,1,0,0,0,N/A
1263662,"November 25, 2018",Minnesota,"Waite Park","620 Sundial Dr",0,0,0,0,1,N/A
1267118,"November 25, 2018",Minnesota,Brainerd,N/A,0,1,0,0,0,N/A
1260599,"November 21, 2018",Minnesota,Stillwater,"1200 block of 4th St S",1,0,0,0,0,N/A
1259928,"November 19, 2018",Minnesota,"Eden Prairie","598 Prairie Center Dr",0,0,0,0,1,N/A
1258954,"November 18, 2018",Minnesota,Minneapolis,"2200 block of 4th St N",0,0,0,0,0,N/A
1926318,"November 18, 2018",Minnesota,"Winona (county)",N/A,0,0,0,0,1,N/A
1258210,"November 18, 2018",Minnesota,Minneapolis,"2200 block of 4th St N",0,1,0,0,0,N/A
1258952,"November 17, 2018",Minnesota,Minneapolis,"2200 block of 4th St N",0,0,0,0,0,N/A
1259101,"November 17, 2018",Minnesota,"Mc Grath",N/A,1,0,0,0,0,N/A
1522394,"November 16, 2018",Minnesota,"Minneapolis (Spring Lake Park)","8100 block of 5th St NE",0,0,0,0,1,N/A
1258963,"November 16, 2018",Minnesota,Minneapolis,"Victory Memorial Dr and 36th Ave N",0,1,0,0,0,N/A
1257092,"November 16, 2018",Minnesota,Minneapolis,"800 block of Portland Ave",0,3,0,0,0,N/A
1257606,"November 15, 2018",Minnesota,Rochester,"2505 N Frontage Rd",0,0,0,0,1,N/A
1256595,"November 15, 2018",Minnesota,Blackduck,N/A,0,1,0,0,1,N/A
1259106,"November 15, 2018",Minnesota,Minneapolis,"4500 block of Aldrich Avenue N",1,0,0,0,0,N/A
1259103,"November 14, 2018",Minnesota,Minneapolis,"Dowling Ave",1,0,0,0,0,N/A
1255070,"November 13, 2018",Minnesota,Audubon,N/A,1,0,0,0,1,N/A
1253696,"November 11, 2018",Minnesota,"Minneapolis (Plymouth)","3100 block of Walnut Grove Ln",1,0,0,0,1,N/A
1253708,"November 10, 2018",Minnesota,"Becker (county)",N/A,1,0,0,0,1,N/A
1257011,"November 9, 2018",Minnesota,"Saint Paul","1045 Hudson Rd",0,0,0,0,1,N/A
1251788,"November 9, 2018",Minnesota,Minneapolis,"3731 Morgan Ave N",1,0,0,0,0,N/A
1252358,"November 9, 2018",Minnesota,Shakopee,"800 block of Agpar St",0,0,1,0,0,N/A
1251068,"November 8, 2018",Minnesota,"Saint Paul","Grotto Street and Edmund Ave",0,1,0,0,0,N/A
1248777,"November 6, 2018",Minnesota,Minneapolis,"2445 Bloomington Ave",1,0,0,0,1,N/A
1248159,"November 5, 2018",Minnesota,Hayfield,"10000 block of 110th Ave SW",0,0,0,0,0,N/A
1247574,"November 2, 2018",Minnesota,"Saint Paul","160 Larpenteur Ave W",0,1,0,0,0,N/A
1245703,"November 1, 2018",Minnesota,Minneapolis,"3400 block of Girard Ave N",0,5,0,0,0,N/A
1246089,"November 1, 2018",Minnesota,"Saint Paul","200 block of Grotto St",0,1,0,0,0,N/A
1246867,"October 31, 2018",Minnesota,Willmar,"49th St NE and 8th Ave NE",1,0,0,0,2,N/A
1243793,"October 29, 2018",Minnesota,Morgan,N/A,0,1,0,0,0,N/A
1245038,"October 28, 2018",Minnesota,Brainerd,"3100 block of 145th Ave",0,0,0,0,1,N/A
1242770,"October 28, 2018",Minnesota,Minneapolis,"5227 James Ave N",1,0,0,0,1,N/A
1243780,"October 27, 2018",Minnesota,Minneapolis,"5100 block of Colfax Ave N",0,1,0,0,0,N/A
1241373,"October 25, 2018",Minnesota,"Saint Paul (Little Canada)","Rice Street",0,1,0,0,0,N/A
1244354,"October 25, 2018",Minnesota,"Saint Paul","685 W Minnehaha Ave",0,0,0,0,1,N/A
1241230,"October 25, 2018",Minnesota,"Saint Paul","Hoyt Ave W and Rice St",0,1,0,0,0,N/A
1240098,"October 24, 2018",Minnesota,Rochester,"919 37th St NW",0,0,0,0,2,N/A
1240736,"October 24, 2018",Minnesota,"Eden Valley","34300 block of 617th Ave",0,0,0,0,1,N/A
1240390,"October 22, 2018",Minnesota,"Minneapolis (Brooklyn Center)","1200 block of 54th Ave N",0,1,0,0,0,N/A
1240090,"October 22, 2018",Minnesota,"Saint Paul","4th St E and Earl St",0,1,0,0,0,N/A
1239649,"October 21, 2018",Minnesota,Baxter,"5100 block of Camden Rd",0,0,0,0,0,N/A
1239171,"October 19, 2018",Minnesota,Minneapolis,"3rd Ave S and Franklin Ave S",0,1,0,0,0,N/A
1240102,"October 18, 2018",Minnesota,Rochester,"US 52 and I-90",0,0,0,0,1,N/A
1239730,"October 18, 2018",Minnesota,"Minneapolis (Coon Rapids)","8510 Springbrook Dr",0,0,0,0,1,N/A
1235310,"October 17, 2018",Minnesota,"Saint Paul","899 Rice St",1,0,0,0,1,N/A
1236108,"October 17, 2018",Minnesota,"Saint Paul","30 Baker St E",0,0,0,0,1,N/A
1235175,"October 16, 2018",Minnesota,"Saint Paul","500 block of Sherburne Ave",0,2,0,0,0,N/A
1232826,"October 15, 2018",Minnesota,Minneapolis,"401 1st Ave",0,3,0,0,0,N/A
1233753,"October 14, 2018",Minnesota,Kasota,"721 S Webster St",0,0,0,0,1,N/A
1232775,"October 14, 2018",Minnesota,Minneapolis,"300 block of Broadway",0,1,0,0,0,N/A
1236110,"October 12, 2018",Minnesota,"Minneapolis (Brooklyn Center)","5800 block of N Camden Ave",0,1,0,0,1,N/A
1230815,"October 10, 2018",Minnesota,"Albert Lea","116 W Clark St",0,0,0,0,0,N/A
1227727,"October 7, 2018",Minnesota,"Saint Cloud","3601 2nd St",0,0,0,0,2,N/A
1228433,"October 6, 2018",Minnesota,"Eden Prairie","Jennifer Ct",0,0,0,0,0,N/A
1227725,"October 5, 2018",Minnesota,Minneapolis,"331 13th Ave NE",0,1,0,0,1,N/A
1225368,"October 4, 2018",Minnesota,Minneapolis,"1400 block of Newton Ave N",0,1,0,0,0,N/A
1227723,"October 4, 2018",Minnesota,Duluth,"2300 Block of West 6th St",0,0,0,0,1,N/A
1227731,"October 2, 2018",Minnesota,"Elk River","18000 block of Zumbro St",0,0,0,0,0,N/A
1223375,"October 1, 2018",Minnesota,Hastings,"15th St and Walnut St",0,0,1,0,0,N/A
1224157,"October 1, 2018",Minnesota,Dilworth,"100 block of Main St",0,0,0,0,0,N/A
1221022,"September 29, 2018",Minnesota,Minneapolis,"19th St E and Park Ave S",0,1,0,0,0,N/A
1222420,"September 28, 2018",Minnesota,Minneapolis,"N Lowry Ave and Aldrich Ave",0,0,0,0,1,N/A
1221741,"September 28, 2018",Minnesota,Austin,"1500 block of 4th Ave NW",0,0,0,0,1,N/A
1218242,"September 25, 2018",Minnesota,Minneapolis,"E 21st St and Bloomington Ave S",1,0,0,0,1,N/A
1216996,"September 24, 2018",Minnesota,"Minneapolis (Columbia Heights)","42nd Ave NE and Fillmore St NE",0,2,0,0,0,N/A
1215829,"September 22, 2018",Minnesota,"Saint Paul","700 block of Concordia Ave",0,1,0,0,0,N/A
1347845,"September 20, 2018",Minnesota,"Saint Paul","Robert St N and 9th St E",0,1,0,0,0,N/A
1213642,"September 17, 2018",Minnesota,"Cass Lake","6800 block of 162nd St NW",0,0,0,0,3,N/A
1211235,"September 16, 2018",Minnesota,Minneapolis,"1st Avenue North and 4th Street",0,1,0,0,0,N/A
1211233,"September 16, 2018",Minnesota,Minneapolis,"Washington Avenue North",0,1,0,0,0,N/A
1211600,"September 16, 2018",Minnesota,Minneapolis,"3800 block of Fremont Ave North",0,3,0,0,0,N/A
1211317,"September 13, 2018",Minnesota,"Sauk Centre","718 10th St",0,0,0,1,0,N/A
1207212,"September 10, 2018",Minnesota,Rochester,"1915 Marion Rd SE",1,0,0,0,2,N/A
1207256,"September 9, 2018",Minnesota,Rochester,"1700 block of 8 1/2 St SE",0,0,0,0,0,N/A
1207253,"September 9, 2018",Minnesota,Harris,"7300 block of Hwy 95 NE",0,0,1,0,0,N/A
1207201,"September 9, 2018",Minnesota,Moorhead,"2201 2nd Ave N",0,0,0,0,1,N/A
1206434,"September 9, 2018",Minnesota,Minneapolis,"2628 Emerson Ave N",2,1,0,0,1,N/A
1209150,"September 9, 2018",Minnesota,Onamia,"16000 block of Ojibwe Dr",1,0,0,0,0,N/A
1207208,"September 8, 2018",Minnesota,Ashby,MN-78,1,0,0,0,0,N/A
1483947,"September 8, 2018",Minnesota,Minneapolis,"2600 block of 3rd St N",0,0,0,0,1,N/A
1207242,"September 7, 2018",Minnesota,Austin,"1400 block of 2nd Ave SW",0,0,0,0,0,N/A
1206059,"September 7, 2018",Minnesota,"Saint Paul","Carroll Ave and N Avon St",1,0,0,0,2,N/A
1206057,"September 7, 2018",Minnesota,Minneapolis,"1821 Riverside Ave",1,0,0,0,1,N/A
1206826,"September 7, 2018",Minnesota,Minneapolis,"1800 block of S 5th St",1,0,0,0,0,N/A
1206050,"September 7, 2018",Minnesota,Minneapolis,"2024 N Washington Ave",1,3,0,0,1,N/A
1206833,"September 6, 2018",Minnesota,Rochester,"6th Ave and 1st St SW",0,0,0,0,1,N/A
1201693,"September 1, 2018",Minnesota,Duluth,"100 block of West First St",1,0,0,0,1,N/A
1200818,"August 31, 2018",Minnesota,Duluth,"4197 Haines Rd",0,1,0,0,1,N/A
1200814,"August 30, 2018",Minnesota,Chisholm,"6000 block of Minnesota Hwy 73",0,1,0,0,0,N/A
1199547,"August 29, 2018",Minnesota,"Albert Lea","20643 715th Ave",0,0,0,0,1,N/A
1197554,"August 26, 2018",Minnesota,Minneapolis,"100 block of Mount Vernon E",0,1,0,0,0,N/A
1195191,"August 23, 2018",Minnesota,Minneapolis,"2600 block of Oliver Ave N",0,1,0,0,0,N/A
1195185,"August 23, 2018",Minnesota,Minneapolis,"Lyndale Ave N and 37th St",0,2,0,0,0,N/A
1195194,"August 22, 2018",Minnesota,Minneapolis,"601 N 5th St",0,1,0,0,0,N/A
1197570,"August 22, 2018",Minnesota,Rochester,"500 block of Circle Ct SW",0,0,0,0,0,N/A
1195196,"August 21, 2018",Minnesota,Minneapolis,"W Broadway Ave and Lyndale Ave N",0,2,0,0,0,N/A
1195199,"August 19, 2018",Minnesota,Minneapolis,"700 block of W Broadway Ave",0,2,0,0,0,N/A
1190425,"August 18, 2018",Minnesota,Minneapolis,"Lagoon Ave and Humboldt Ave",0,1,0,0,1,N/A
1191993,"August 18, 2018",Minnesota,"Saint Paul","738 Thomas Ave",0,3,0,0,0,N/A
1188864,"August 16, 2018",Minnesota,"Saint Paul","Maryland Ave and Prosperity Ave",1,0,0,0,1,N/A
1188861,"August 16, 2018",Minnesota,"Eden Prairie","18300 block of Cascade Dr",1,0,0,0,1,N/A
1189672,"August 16, 2018",Minnesota,"Waite Park","1500 block of Co Rd 137",0,0,0,0,0,N/A
1192604,"August 14, 2018",Minnesota,Rochester,"3200 block of Oxford Ln NW",0,0,0,0,1,N/A
1186452,"August 12, 2018",Minnesota,"Saint Paul","1400 block of E 6th St",1,0,0,0,1,N/A
1184273,"August 10, 2018",Minnesota,Rochester,"1300 block of Gage Ct NW",0,0,0,0,1,N/A
1186799,"August 10, 2018",Minnesota,Rochester,"1900 block of 8 1/2 St SE",0,0,0,0,1,N/A
1185066,"August 10, 2018",Minnesota,Minneapolis,"200 block of Cross St",0,0,0,0,1,N/A
1184268,"August 9, 2018",Minnesota,Hastings,"14000 block of 70th St S",0,0,0,0,1,N/A
1184263,"August 9, 2018",Minnesota,Minneapolis,"1000 block of Morgan Ave N",1,0,0,0,1,N/A
1184266,"August 7, 2018",Minnesota,Minneapolis,"1100 block of Logan Ave N",0,0,0,0,0,N/A
1182461,"August 7, 2018",Minnesota,Chisholm,"400 block of SW 7th St",0,0,0,0,1,N/A
1181341,"August 6, 2018",Minnesota,"Saint Paul","733 Portland St",0,1,0,0,0,N/A
1181649,"August 6, 2018",Minnesota,Rochester,"2200 block of Park Ln SE",0,0,0,0,3,N/A
1181661,"August 5, 2018",Minnesota,Rochester,"300 block of 1st Ave SW",0,0,0,0,1,N/A
1181652,"August 5, 2018",Minnesota,Rochester,"Civic Center Dr and E Center St",0,0,0,0,0,N/A
1181632,"August 5, 2018",Minnesota,"Albert Lea","James Ave and Frank Ave",0,0,0,0,0,N/A
1181628,"August 5, 2018",Minnesota,Rochester,"2021 Mayowood Rd SW",0,0,0,0,0,N/A
1180266,"August 5, 2018",Minnesota,"Saint Paul","905 Saint Anthony Ave",0,0,1,0,0,N/A
1181340,"August 5, 2018",Minnesota,Austin,"16th Ave",0,0,0,0,0,N/A
1181337,"August 5, 2018",Minnesota,Austin,"14th Ave",0,1,0,0,0,N/A
1181637,"August 4, 2018",Minnesota,"Albert Lea","1031 Bridge Ave",0,0,0,0,0,N/A
1181639,"August 3, 2018",Minnesota,Lakeville,"17400 Kenwood Trail",0,0,0,0,0,N/A
1179586,"July 30, 2018",Minnesota,Crosslake,"17027 Crow Wing County Rd",0,1,0,0,1,N/A
1176648,"July 30, 2018",Minnesota,"Saint Paul (West Saint Paul)","1285 S Robert St",0,1,0,0,1,N/A
1176616,"July 28, 2018",Minnesota,Austin,"700 block of 15th St NE",0,0,0,0,0,N/A
1171966,"July 25, 2018",Minnesota,Burnsville,"14050 Burnhaven Dr",0,0,0,0,0,N/A
1181663,"July 25, 2018",Minnesota,"Saint Paul (Mounds View)","2000 block of Stratford Ave",0,1,0,0,0,N/A
1169671,"July 22, 2018",Minnesota,Minneapolis,"16th Ave and Morgan Ave",1,0,0,0,0,N/A
1169663,"July 22, 2018",Minnesota,"Fergus Falls",N/A,0,0,0,0,1,N/A
1169673,"July 22, 2018",Minnesota,Minneapolis,"3000 block of 5th Avenue S",0,2,0,0,0,N/A
1169678,"July 22, 2018",Minnesota,Minneapolis,"356 Monroe Street",0,1,0,0,0,N/A
1169078,"July 21, 2018",Minnesota,Minneapolis,"5700 block of 33rd Ave S",1,0,0,0,0,N/A
1169975,"July 21, 2018",Minnesota,Rochester,"600 block of 11th Ave NW",0,0,0,0,2,N/A
1168033,"July 20, 2018",Minnesota,Minneapolis,"400 block of N 2nd Ave",0,3,0,0,2,N/A
1167397,"July 19, 2018",Minnesota,"Willow River (Rutledge)","Co Hwy 61",0,0,0,1,0,N/A
1168039,"July 19, 2018",Minnesota,"Saint Paul","961 Rice St",0,1,0,0,0,N/A
1167391,"July 19, 2018",Minnesota,"South Saint Paul","500 block of 12th Ave N",0,2,0,0,1,N/A
1166178,"July 17, 2018",Minnesota,Rochester,"16th Ave and Civic Center Dr",0,0,0,0,1,N/A
1168044,"July 16, 2018",Minnesota,"Sauk Centre",CR-17,0,0,0,0,0,N/A
1164641,"July 15, 2018",Minnesota,Utica,"Burt Rd and Sandstone Dr",0,0,0,0,1,N/A
1164783,"July 15, 2018",Minnesota,"Saint Paul","Sidney St and Waseca St",0,1,0,0,0,N/A
1164777,"July 15, 2018",Minnesota,"Saint Paul","1400 block of Virginia St",0,1,0,0,0,N/A
1164771,"July 15, 2018",Minnesota,Minneapolis,"16800 block of Yale St",0,0,0,0,0,N/A
1165465,"July 14, 2018",Minnesota,Rochester,"1021 15th Ave SE",0,0,0,0,1,N/A
1162644,"July 13, 2018",Minnesota,Excelsior,"6400 block of Oriole Ave",0,0,1,0,0,N/A
1161799,"July 11, 2018",Minnesota,Duluth,"248 N Central Ave",0,0,0,0,0,N/A
1168029,"July 10, 2018",Minnesota,Minneapolis,"4801 S Minnehaha Dr",0,0,0,0,0,N/A
1161122,"July 10, 2018",Minnesota,Montevideo,"103 S Fourth St",0,1,1,0,0,N/A
1160015,"July 9, 2018",Minnesota,"Forest Lake","23100 block of Hilo Ave N",0,0,0,0,0,N/A
1213524,"July 8, 2018",Minnesota,Duluth,"9400 block of Grand Ave",0,1,0,0,1,N/A
1161125,"July 8, 2018",Minnesota,Duluth,"9400 block of Grand Ave",0,1,0,0,1,N/A
1158969,"July 7, 2018",Minnesota,Minneapolis,"200 block of W Lake St",0,1,0,0,0,N/A
1160023,"July 6, 2018",Minnesota,Cambridge,"32300 block of Goldenrod St NW",0,0,0,0,0,N/A
1160021,"July 6, 2018",Minnesota,Rochester,"1000 block of 7th St NE",0,0,0,0,1,N/A
1156979,"July 4, 2018",Minnesota,"Minneapolis (Robbinsdale)","3848 W Broadway Ave",0,0,0,0,1,N/A
1155428,"July 3, 2018",Minnesota,Minneapolis,"1400 block of Washington Ave",1,1,0,0,0,N/A
1153809,"July 1, 2018",Minnesota,"Saint Paul","1151 Wynne Ave",1,0,0,0,2,N/A
1154689,"June 29, 2018",Minnesota,Rochester,"900 block of 1st St SW",0,0,0,0,0,N/A
1152888,"June 29, 2018",Minnesota,"Albert Lea","Clark St and Ermina Ave",0,1,0,0,0,N/A
1154696,"June 28, 2018",Minnesota,Waltham,"MN 56",0,0,0,0,1,N/A
1165467,"June 28, 2018",Minnesota,"Waite Park",N/A,0,0,0,0,1,N/A
1151924,"June 27, 2018",Minnesota,Minneapolis,"48th Ave N and Camden Ave N",1,0,0,0,0,N/A
1151195,"June 27, 2018",Minnesota,Minneapolis,"2300 block of S 9th St",1,0,0,0,0,N/A
1150378,"June 26, 2018",Minnesota,Minneapolis,"7300 block of 62nd Ave",0,0,0,0,1,N/A
1150937,"June 26, 2018",Minnesota,Austin,"900 block of 3rd Ave SW",0,0,0,0,0,N/A
1149447,"June 25, 2018",Minnesota,"Saint Cloud","1200 block of 15th St N",0,0,0,0,2,N/A
1149454,"June 24, 2018",Minnesota,"Albert Lea","300 block of 2nd St E",0,0,0,0,3,N/A
1148696,"June 23, 2018",Minnesota,Minneapolis,"Currie Ave and 10th St N",0,1,0,0,0,N/A
1148694,"June 23, 2018",Minnesota,Minneapolis,"4700 block of Bryant Ave N",0,0,1,0,0,N/A
1145050,"June 19, 2018",Minnesota,"Saint Paul","400 block of Charles Ave",0,1,0,0,0,N/A
1143884,"June 18, 2018",Minnesota,"Saint Paul (Oakdale)","1267 Geneva Ave N",0,1,0,0,0,N/A
1143293,"June 17, 2018",Minnesota,"Saint Paul","Oxford St and Thomas Ave",0,1,0,0,0,N/A
1143295,"June 16, 2018",Minnesota,"Saint James","1100 block of 1st Ave S",2,0,0,0,1,N/A
1481592,"June 13, 2018",Minnesota,Austin,"1600 block of 16th St SW",0,0,0,0,1,N/A
1140925,"June 13, 2018",Minnesota,Minneapolis,"Lowry Ave N and Fremont Ave N",1,0,0,0,0,N/A
1144577,"June 12, 2018",Minnesota,"Saint Cloud","3300 block of 14th St N",0,0,0,0,1,N/A
1139302,"June 10, 2018",Minnesota,Bemidji,"2925 Pine Ridge Ave NW",0,1,0,0,0,N/A
1139812,"June 9, 2018",Minnesota,Rochester,"1100 block of 3rd Ave SE",0,0,0,0,1,N/A
1136729,"June 8, 2018",Minnesota,Minneapolis,"2800 block of Hennepin Ave S",0,3,0,0,0,N/A
1136733,"June 8, 2018",Minnesota,"Saint Paul","1564 Lafond Ave",0,0,0,1,0,N/A
1135378,"June 7, 2018",Minnesota,"Saint Paul","Pennsylvania Ave and Rice St",0,0,0,0,0,N/A
1134960,"June 6, 2018",Minnesota,Minneapolis,"4800 block of Emerson Ave N",0,2,0,0,0,N/A
1132588,"June 3, 2018",Minnesota,Minneapolis,"100 block of Peninsula Rd",1,0,0,0,0,N/A
1133449,"June 2, 2018",Minnesota,"Albert Lea",N/A,0,0,0,0,1,N/A
1131477,"June 2, 2018",Minnesota,Mantorville,"257th Ave",0,1,0,0,0,N/A
1130977,"June 1, 2018",Minnesota,"Minneapolis (Crystal)","4800 Douglas Dr N",0,1,0,0,1,N/A
1131472,"May 31, 2018",Minnesota,"Saint Cloud","100 block of 25th Ave N",0,1,0,0,0,N/A
1126222,"May 27, 2018",Minnesota,Minneapolis,"304 Lake St E",0,0,0,0,0,N/A
1125926,"May 26, 2018",Minnesota,"Saint Paul","1500 block of E Magnolia Ave",0,0,0,0,0,N/A
1125924,"May 26, 2018",Minnesota,"Saint Paul","1300 block of Case Ave",0,0,0,0,0,N/A
1125694,"May 26, 2018",Minnesota,Minneapolis,"2100 block of James Ave N",0,0,0,0,0,N/A
1125691,"May 26, 2018",Minnesota,"Saint Paul","Blair Ave and N Avon St",0,0,0,0,0,N/A
1125690,"May 26, 2018",Minnesota,"Saint Paul","1000 block of Minnehaha Ave",0,0,0,0,0,N/A
1125689,"May 26, 2018",Minnesota,Minneapolis,"2900 block of Dupont Ave",0,0,0,0,0,N/A
1125688,"May 26, 2018",Minnesota,"Saint Paul","542 Maryland Ave W",0,0,0,0,0,N/A
1126251,"May 26, 2018",Minnesota,Minneapolis,"1010 Currie Ave",0,0,0,0,0,N/A
1126249,"May 26, 2018",Minnesota,Minneapolis,"1300 Nicollet Mall",0,0,0,0,0,N/A
1126246,"May 26, 2018",Minnesota,Minneapolis,"400 block of 14th Ave SE",0,0,0,0,0,N/A
1126239,"May 26, 2018",Minnesota,Minneapolis,"4300 Webber Pkwy",0,0,0,0,0,N/A
1126231,"May 26, 2018",Minnesota,"Saint Paul (Maplewood)","Roselawn Ave E and I-35E",0,0,0,0,0,N/A
1126235,"May 26, 2018",Minnesota,Minneapolis,"3500 block of Irving Ave N",0,0,0,0,0,N/A
1125570,"May 25, 2018",Minnesota,Minneapolis,"2600 block of Cedar Avenue",0,2,0,0,0,N/A
1125705,"May 25, 2018",Minnesota,"Saint Paul","100 block of Maryland Ave W",0,0,0,0,0,N/A
1125716,"May 25, 2018",Minnesota,Minneapolis,"700 block of Lake St",0,0,0,0,0,N/A
1125709,"May 25, 2018",Minnesota,"Saint Paul","1000 block of 5th St E",0,1,0,0,0,N/A
1125703,"May 25, 2018",Minnesota,Minneapolis,"3000 block of 4th St N",0,0,0,0,0,N/A
1125699,"May 25, 2018",Minnesota,"Saint Paul","Winnipeg Ave and Rice St",0,0,0,0,0,N/A
1125695,"May 25, 2018",Minnesota,"Saint Paul","800 block of Aurora Ave",0,0,0,0,0,N/A
1125723,"May 24, 2018",Minnesota,Minneapolis,"2300 block of 9th St S",0,1,0,0,0,N/A
1125720,"May 24, 2018",Minnesota,Minneapolis,"W 42nd St and Wentworth Ave",0,0,0,0,0,N/A
1125714,"May 24, 2018",Minnesota,Minneapolis,"23rd Ave N and Sheridan Ave N",0,0,0,0,0,N/A
1124762,"May 23, 2018",Minnesota,"Minneapolis (Crystal)","3600 block of Colorado Ave N",0,0,0,1,0,N/A
1123134,"May 22, 2018",Minnesota,"Cannon Falls",N/A,0,0,0,0,0,N/A
1123128,"May 22, 2018",Minnesota,Minneapolis,"3700 block of 5th Ave S",0,0,0,0,0,N/A
1122513,"May 22, 2018",Minnesota,Minneapolis,"3400 block of Newton Ave N",1,0,0,0,0,N/A
1121994,"May 21, 2018",Minnesota,"Cannon Falls","29000 block of 90th Ave Way",0,0,0,0,0,N/A
1121993,"May 21, 2018",Minnesota,"Saint Paul","Edgerton Ave and Whydahl St",0,0,0,0,0,N/A
1122523,"May 21, 2018",Minnesota,"Saint Paul","1000 block of Arundel St",0,0,0,0,0,N/A
1122516,"May 21, 2018",Minnesota,Minneapolis,"5000 block of 6th St",0,0,0,0,0,N/A
1122514,"May 21, 2018",Minnesota,"Saint Paul","1 Ecolab Place",0,0,0,0,0,N/A
1121595,"May 20, 2018",Minnesota,Minneapolis,"3300 Aldrich Ave N",0,0,0,0,0,N/A
1121523,"May 20, 2018",Minnesota,Brainerd,"1400 block of Norwood St",0,1,0,0,0,N/A
1121803,"May 20, 2018",Minnesota,"Saint Paul","1700 block of Thomas Ave",0,0,0,0,0,N/A
1121797,"May 20, 2018",Minnesota,"Saint Paul","500 block of Bates Ave",0,0,0,0,0,N/A
1121519,"May 18, 2018",Minnesota,Minneapolis,"3400 block of Irving Ave N",0,1,0,0,0,N/A
1119934,"May 18, 2018",Minnesota,"Saint Paul","1200 block of Hazelwood Ave",0,0,0,0,0,N/A
1119930,"May 18, 2018",Minnesota,Minneapolis,"3200 block of 14th Ave S",0,1,0,0,0,N/A
1119924,"May 18, 2018",Minnesota,Minneapolis,"5th St SE and 10th Ave SE",0,0,0,0,0,N/A
1119920,"May 18, 2018",Minnesota,"Saint Paul (Oakdale)","Century Ave N and MN-36",0,0,0,0,0,N/A
1119981,"May 17, 2018",Minnesota,Minneapolis,"3200 block of Lowry Ave N",0,1,0,0,0,N/A
1119972,"May 17, 2018",Minnesota,"Saint Paul","Wabasha St and 10th St E",0,0,0,0,0,N/A
1119963,"May 17, 2018",Minnesota,Minneapolis,"1010 Curry Ave",0,0,0,0,0,N/A
1119954,"May 17, 2018",Minnesota,"Saint Paul","1300 block of 3rd St E",0,1,0,0,0,N/A
1118591,"May 17, 2018",Minnesota,"Minneapolis (Richfield)","1318 E 78th St",1,0,0,0,3,N/A
1117525,"May 16, 2018",Minnesota,"Saint Paul","1964 University Ave W",0,0,0,0,0,N/A
1117434,"May 16, 2018",Minnesota,"Minneapolis (Plymouth)","6000 block of Shenandoah Ln",1,0,0,0,0,N/A
1117515,"May 16, 2018",Minnesota,"Saint Paul","500 block of Ivy Ave",0,0,0,0,0,N/A
1116437,"May 15, 2018",Minnesota,Minneapolis,"Plymouth Ave and Knox Ave",0,2,0,0,0,N/A
1120365,"May 14, 2018",Minnesota,Austin,"1700 17th St NW",0,0,0,0,1,N/A
1115545,"May 14, 2018",Minnesota,Minneapolis,"N 12th Ave and Knox Ave N",0,0,0,0,0,N/A
1114937,"May 14, 2018",Minnesota,"Saint Paul","Albert St and University Ave",0,0,0,0,0,N/A
1117312,"May 14, 2018",Minnesota,"Saint Paul","1100 Hawthorne Ave E",0,0,0,0,0,N/A
1114947,"May 13, 2018",Minnesota,"Saint Paul (New Brighton)","2000 block of County Rd E",0,0,0,0,0,N/A
1114939,"May 13, 2018",Minnesota,"Saint Paul","2920 Granada Ave",0,0,0,0,0,N/A
1125138,"May 13, 2018",Minnesota,"Minneapolis (Coon Rapids)","3600 block of Northdale Blvd",0,0,0,0,0,N/A
1114946,"May 13, 2018",Minnesota,"Saint Paul","892 Arcade St",0,0,0,0,0,N/A
1114943,"May 13, 2018",Minnesota,Minneapolis,"3400 block of 3rd Ave S",0,0,0,0,0,N/A
1114941,"May 13, 2018",Minnesota,"Saint Paul","30 block of Sycamore St E",0,0,0,0,0,N/A
1114940,"May 13, 2018",Minnesota,Minneapolis,"39th Ave N and Girard Ave N",0,0,0,0,0,N/A
1114963,"May 12, 2018",Minnesota,"Saint Paul (Mounds View)","2200 block of Hillview Rd",0,0,0,0,0,N/A
1114962,"May 12, 2018",Minnesota,Minneapolis,"3623 Colfax Ave N",0,0,0,0,0,N/A
1114960,"May 12, 2018",Minnesota,"Saint Paul","900 Payne Ave",0,0,0,0,0,N/A
1114959,"May 12, 2018",Minnesota,Minneapolis,"3400 block of Aldrich Ave S",0,0,0,0,0,N/A
1114949,"May 12, 2018",Minnesota,Minneapolis,"100 block of Diamond Lake Rd W",0,0,0,0,0,N/A
1113286,"May 11, 2018",Minnesota,Minneapolis,"5700 block of 31st Ave S",0,0,0,0,0,N/A
1113241,"May 11, 2018",Minnesota,"Saint Paul","500 block of N Asbury St",0,1,0,0,0,N/A
1113302,"May 10, 2018",Minnesota,Minneapolis,"1300 block of Monroe St",0,0,0,0,0,N/A
1113290,"May 10, 2018",Minnesota,Minneapolis,"2900 block of N 4th St",0,0,0,0,0,N/A
1113323,"May 9, 2018",Minnesota,Minneapolis,"3300 block of 17th Ave S",0,0,0,0,0,N/A
1113322,"May 9, 2018",Minnesota,Minneapolis,"3500 block of Logan Ave N",0,0,0,0,0,N/A
1113321,"May 9, 2018",Minnesota,Minneapolis,"3400 block of 2nd Ave",0,0,0,0,0,N/A
1113315,"May 9, 2018",Minnesota,"Saint Paul","Lexington Pkwy S and University Ave W",0,0,0,0,0,N/A
1113312,"May 9, 2018",Minnesota,"Saint Paul","245 Maryland Ave E",0,0,0,0,0,N/A
1113308,"May 9, 2018",Minnesota,Minneapolis,"E 27th St and 1st Ave S",0,0,0,0,0,N/A
1113306,"May 9, 2018",Minnesota,Minneapolis,"N Newton Ave and N 25th Ave",0,0,0,0,0,N/A
1113305,"May 9, 2018",Minnesota,Minneapolis,"2650 Fremont Ave",0,0,0,0,0,N/A
1113303,"May 9, 2018",Minnesota,Minneapolis,"Dupont Ave S and W 48th St",0,0,0,0,0,N/A
1111867,"May 9, 2018",Minnesota,Garfield,"7300 block of County Rd 5",1,0,0,0,0,N/A
1113336,"May 8, 2018",Minnesota,"Saint Paul","600 block of Lafond Ave",0,1,0,0,0,N/A
1113333,"May 8, 2018",Minnesota,"Saint Paul","373 Winthrop Ln",0,0,0,0,0,N/A
1113331,"May 8, 2018",Minnesota,"Saint Paul","1552 Woodbridge St",0,0,0,0,0,N/A
1113326,"May 8, 2018",Minnesota,Minneapolis,"3000 block of Oakland Ave",0,0,0,0,0,N/A
1110202,"May 7, 2018",Minnesota,"Saint Paul (West St Paul)","1100 block of Charlton Ave",0,0,0,0,0,N/A
1113368,"May 7, 2018",Minnesota,"Saint Paul","1100 block of Ross Ave",0,0,0,0,0,N/A
1113364,"May 7, 2018",Minnesota,"Saint Paul","Stewart Ave",0,0,0,0,0,N/A
1113362,"May 7, 2018",Minnesota,Minneapolis,"E Lake St and Portland Ave",0,1,0,0,0,N/A
1113358,"May 7, 2018",Minnesota,Minneapolis,"2200 block of Aldrich Ave N",0,0,0,0,0,N/A
1113357,"May 7, 2018",Minnesota,"Saint Paul","80 block of Morton St",0,0,0,0,0,N/A
1113355,"May 7, 2018",Minnesota,Minneapolis,"Minnehaha Ave and Veterans Dr",0,0,0,0,0,N/A
1113352,"May 7, 2018",Minnesota,Minneapolis,"36th Ave N and Penn Ave N",0,0,0,0,0,N/A
1113351,"May 7, 2018",Minnesota,"Saint Paul","Beech St and Johnson Pkwy",0,0,0,0,0,N/A
1113349,"May 7, 2018",Minnesota,"Saint Paul","1600 block of Rice St",0,0,0,0,0,N/A
1113369,"May 7, 2018",Minnesota,"Saint Louis Park","2900 block of Edgewood Ave S",0,0,0,0,0,N/A
1111822,"May 7, 2018",Minnesota,Austin,N/A,0,1,0,0,0,N/A
1113379,"May 6, 2018",Minnesota,"Saint Louis Park","I-394 and Louisiana Ave S",0,0,0,0,0,N/A
1113386,"May 6, 2018",Minnesota,Minneapolis,"2024 Lyndale Ave N",0,0,0,0,0,N/A
1113380,"May 6, 2018",Minnesota,"Saint Paul","1200 Payne Ave",0,0,0,0,0,N/A
1113378,"May 6, 2018",Minnesota,Isanti,"Chisholm St NE and 285th Ave NE",0,0,0,0,0,N/A
1111838,"May 6, 2018",Minnesota,Dover,"E Etoya St and Main St",0,1,0,0,4,N/A
1111828,"May 6, 2018",Minnesota,Dover,"500 block of E Eyota St",0,1,0,0,4,N/A
1108995,"May 6, 2018",Minnesota,"Saint Paul","Elizabeth St",0,0,0,0,0,N/A
1113372,"May 6, 2018",Minnesota,"Saint Paul (Maplewood)","Parkway Dr and Arcade St",0,0,0,0,0,N/A
1108996,"May 6, 2018",Minnesota,"Saint Paul (Shoreview)","Hodgson Rd and Co Rd I",0,0,0,0,0,N/A
1110431,"May 6, 2018",Minnesota,"Saint Paul","Frank St and Lawson Ave",0,1,0,0,0,N/A
1109216,"May 5, 2018",Minnesota,"Saint Paul","200 block of Congress St E",0,0,0,0,1,N/A
1108997,"May 5, 2018",Minnesota,"Saint Paul","Robert St and Kellogg Ave",0,0,0,0,2,N/A
1109211,"May 5, 2018",Minnesota,"Saint Paul","40 block of E Wood St",0,0,0,0,1,N/A
1109001,"May 4, 2018",Minnesota,"Osseo (Maple Grove)","13001 62nd Pl",0,0,0,0,0,N/A
1108999,"May 4, 2018",Minnesota,"Saint Paul","18000 block of Minnehaha Ave W",0,0,0,0,0,N/A
1108437,"May 4, 2018",Minnesota,Lindstrom,N/A,0,0,0,0,2,N/A
1108421,"May 4, 2018",Minnesota,Bemidji,"5600 block of Alps Court NW",0,1,0,0,2,N/A
1107567,"May 4, 2018",Minnesota,"Saint Paul","University Ave W and Snelling Ave N",0,0,0,0,0,N/A
1108435,"May 3, 2018",Minnesota,Emily,"Co Rd 136",0,0,0,0,1,N/A
1107566,"May 3, 2018",Minnesota,"Saint Paul","Maryland Ave and Arcade St",0,0,0,0,0,N/A
1106557,"May 2, 2018",Minnesota,Minneapolis,"2400 block of Ogema Place",0,4,0,1,2,N/A
1105793,"May 1, 2018",Minnesota,"Saint Paul","1400 block of Reaney Ave E",0,0,0,0,0,N/A
1105796,"May 1, 2018",Minnesota,Minneapolis,"48 Ave N and Bryant Ave N",0,0,0,0,0,N/A
1105798,"May 1, 2018",Minnesota,Minneapolis,"2800 block of Colfax Ave N",0,0,0,0,0,N/A
1105795,"May 1, 2018",Minnesota,"Saint Paul","Edmund Ave and Grotto St",0,0,0,0,0,N/A
1105794,"May 1, 2018",Minnesota,"Saint Paul","Snelling Ave and Hubbard Ave",0,0,0,0,0,N/A
1105733,"May 1, 2018",Minnesota,Rochester,"Civic Center Dr and 6th Ave NW",0,1,0,0,0,N/A
1104489,"May 1, 2018",Minnesota,Delano,"5280 County Line Rd SE",0,0,0,0,1,N/A
1105731,"May 1, 2018",Minnesota,Rochester,"1400 block of Center St E",0,0,0,0,1,N/A
1104149,"April 30, 2018",Minnesota,"Saint Paul","700 block of Hyacinth Ave",0,0,0,0,0,N/A
1104276,"April 30, 2018",Minnesota,Minneapolis,"900 block of Russell Ave N",0,1,0,0,1,N/A
1104498,"April 30, 2018",Minnesota,Wayzata,"2100 block of Sheridan Hills Rd",0,0,0,0,0,N/A
1104278,"April 30, 2018",Minnesota,Burnsville,"1500 block of Burnsville Pkwy E",0,0,0,0,0,N/A
1103493,"April 29, 2018",Minnesota,Minneapolis,"1500 Washington St",0,0,0,0,0,N/A
1103491,"April 29, 2018",Minnesota,Minneapolis,"35th St E and Portland Ave",0,0,0,0,0,N/A
1107458,"April 28, 2018",Minnesota,"Red Lake","Pike Creek and Hwy 1",1,0,0,0,1,N/A
1104798,"April 28, 2018",Minnesota,Minnetonka,"Excelsior Blvd",0,0,0,0,0,N/A
1102887,"April 28, 2018",Minnesota,Minneapolis,"700 block of W Broadway Ave",0,0,0,0,0,N/A
1102879,"April 28, 2018",Minnesota,"Saint Paul","1600 block of Burns Ave",0,0,0,0,0,N/A
1102883,"April 28, 2018",Minnesota,"Saint Paul","1441 University Ave W",0,0,0,0,0,N/A
1102601,"April 27, 2018",Minnesota,"Saint Paul","Hazel Ave and Maryland Ave",0,0,0,0,0,N/A
1102588,"April 27, 2018",Minnesota,"Saint Paul","500 Block of Humboldt Ave",0,0,0,0,0,N/A
1103705,"April 27, 2018",Minnesota,"Minneapolis (Robbinsdale)","4080 W Broadway Ave",0,0,0,0,0,N/A
1103709,"April 27, 2018",Minnesota,Rochester,"500 block of 14th St N",0,0,0,0,0,N/A
1102592,"April 27, 2018",Minnesota,"Saint Paul (North Saint Paul)","2200 block of Cowern Pl E",0,0,0,0,0,N/A
1101410,"April 27, 2018",Minnesota,"Saint Louis Park","Louisiana Ave S and W 28th St",0,0,0,0,0,N/A
1100432,"April 26, 2018",Minnesota,Minneapolis,"408 Hennepin Ave S",0,1,0,0,0,N/A
1100428,"April 26, 2018",Minnesota,Rochester,"Badger Hills Dr and Superior Dr NW",0,0,0,0,0,N/A
1100412,"April 26, 2018",Minnesota,Minneapolis,"1900 block of Newton Ave N",1,0,0,0,1,N/A
1101404,"April 26, 2018",Minnesota,Minneapolis,"26 Ave N and Fremont Ave N",0,0,0,0,1,N/A
1101401,"April 26, 2018",Minnesota,Shakopee,"8201 Old Carriage Ct N",0,0,0,0,0,N/A
1099667,"April 25, 2018",Minnesota,Burnsville,"14750 Burnsville Pkwy",0,0,0,0,1,N/A
1099663,"April 25, 2018",Minnesota,"Saint Paul","Thomas Ave W and Victoria St N",0,0,0,0,0,N/A
1100414,"April 25, 2018",Minnesota,Minneapolis,"E 37th St and Chicago Ave S",0,1,0,0,0,N/A
1101397,"April 25, 2018",Minnesota,Austin,"2nd Ave SE",0,0,0,0,0,N/A
1099658,"April 24, 2018",Minnesota,"Minneapolis (Bloomington)","8100 block of 12th Ave",0,0,0,0,0,N/A
1099656,"April 24, 2018",Minnesota,"Osseo (Maple Grove)","13301 Maple Knoll Way",0,0,0,0,0,N/A
1099646,"April 24, 2018",Minnesota,Minneapolis,"2300 block of Irving Ave N",0,0,0,0,0,N/A
1099644,"April 24, 2018",Minnesota,"Saint Paul","600 block of Earl St",0,0,0,0,0,N/A
1099637,"April 24, 2018",Minnesota,Minneapolis,"1600 block of 25th Ave N",0,1,0,0,0,N/A
1099619,"April 24, 2018",Minnesota,"Saint Paul (Apple Valley)","8700 block of Hunters Way",1,0,0,0,0,N/A
1098462,"April 24, 2018",Minnesota,Minneapolis,"3400 block of Nicollet Ave",0,0,0,0,0,N/A
1098460,"April 24, 2018",Minnesota,Minneapolis,"2955 Sheridan Ave N",0,0,0,0,0,N/A
1098456,"April 23, 2018",Minnesota,"Minneapolis (Richfield)","6300 Lyndale Ave",0,0,0,0,1,N/A
1098454,"April 23, 2018",Minnesota,"Saint Paul","400 block of Concord St",0,0,0,0,0,N/A
1098450,"April 23, 2018",Minnesota,Minneapolis,"2500 E Lake St",0,0,0,0,0,N/A
1098448,"April 23, 2018",Minnesota,Rochester,"1900 block of 8 1/2 St SE",0,0,0,0,1,N/A
1097768,"April 22, 2018",Minnesota,Minneapolis,"1600 block of 32nd St E",0,0,0,0,0,N/A
1097791,"April 22, 2018",Minnesota,Minneapolis,"1615 Dowling Ave N",0,1,0,0,0,N/A
1097773,"April 22, 2018",Minnesota,"Minneapolis (Brooklyn Park)","5817 73rd Ave N",0,0,0,0,0,N/A
1097760,"April 22, 2018",Minnesota,Minneapolis,"18 W Broadway Ave",0,0,0,0,0,N/A
1097754,"April 22, 2018",Minnesota,Minneapolis,"3000 block of Blaisdell Ave",0,3,0,0,0,N/A
1096893,"April 20, 2018",Minnesota,Minneapolis,"40th Ave and E 37th St",0,0,0,0,0,N/A
1096890,"April 20, 2018",Minnesota,"Saint Paul","Robert St N and 5th St E",0,0,0,0,0,N/A
1096888,"April 20, 2018",Minnesota,"Saint Paul (Vadnais Heights)","Rice St and I-694",0,0,0,0,0,N/A
1096419,"April 20, 2018",Minnesota,Sawyer,"4020 Kari Rd",1,1,0,1,1,N/A
1095679,"April 19, 2018",Minnesota,"Minneapolis (Coon Rapids)","Coon Rapids Blvd and Egret Blvd",0,0,0,0,0,N/A
1095673,"April 19, 2018",Minnesota,"Saint Paul","I-35 E and Maryland Ave",0,0,0,0,0,N/A
1095647,"April 19, 2018",Minnesota,Minneapolis,"4600 block of Lyndale Ave N",0,2,0,0,1,N/A
1095663,"April 19, 2018",Minnesota,Minneapolis,"3500 block of Morgan Ave N",0,0,0,0,0,N/A
1095657,"April 19, 2018",Minnesota,Minneapolis,"50 block of E 25th St",0,0,0,0,0,N/A
1095652,"April 19, 2018",Minnesota,Zimmerman,"865 E Blvd",0,0,0,0,1,N/A
1095008,"April 18, 2018",Minnesota,"Saint Paul","Thomas Ave and St Albans St N",0,0,0,0,0,N/A
1095004,"April 18, 2018",Minnesota,"Saint Paul","Earl St and Maryland Ave E",0,0,0,0,0,N/A
1094231,"April 17, 2018",Minnesota,"Saint Paul","7 St E and Ocean St",0,0,0,0,0,N/A
1094230,"April 17, 2018",Minnesota,"Saint Paul (Maplewood)","Highwood Ave and McKnight Rd",0,0,0,0,0,N/A
1094227,"April 17, 2018",Minnesota,Minneapolis,"614 S 3rd St",0,0,0,0,1,N/A
1094221,"April 17, 2018",Minnesota,Minneapolis,"Plymouth Ave and Irving Ave",0,0,0,0,0,N/A
1093403,"April 17, 2018",Minnesota,Rochester,"3108 E River Rd",0,0,0,0,0,N/A
1092790,"April 16, 2018",Minnesota,"Minneapolis (Brooklyn Park)","MN 252 and MN 610",0,0,0,0,0,N/A
1093452,"April 16, 2018",Minnesota,Minneapolis,"4601 Lyndale Ave N",0,0,0,0,0,N/A
1093447,"April 16, 2018",Minnesota,Minneapolis,"46 St E and Hiawatha Ave",0,0,0,0,0,N/A
1093445,"April 16, 2018",Minnesota,"Eden Prairie","12195 Singletree Ln",0,0,0,0,0,N/A
1093440,"April 16, 2018",Minnesota,"Minneapolis (Brooklyn Park)","6101 Candlewood Dr",0,0,0,0,0,N/A
1093430,"April 16, 2018",Minnesota,"Osseo (Maple Grove)","Dunkirk Ln N and Weaver Lake Rd",0,0,0,0,0,N/A
1093429,"April 16, 2018",Minnesota,"Saint Paul","1000 block of Central Ave W",0,0,0,0,0,N/A
1092267,"April 15, 2018",Minnesota,Minneapolis,"Lowry Ave N and N 6th St",0,0,0,0,0,N/A
1092266,"April 15, 2018",Minnesota,Minneapolis,"2600 block of Emerson Ave N",0,0,0,0,0,N/A
1092254,"April 14, 2018",Minnesota,"Minneapolis (Coon Rapids)","12600 block of University Ave",0,0,0,0,0,N/A
1092250,"April 14, 2018",Minnesota,"Saint Paul","810 Maryland Ave",0,0,0,0,0,N/A
1092247,"April 14, 2018",Minnesota,"Minneapolis (Brooklyn Park)","5849 73rd Ave N",0,0,0,0,0,N/A
1092244,"April 14, 2018",Minnesota,Farmington,"18800 block of Excalibur Trail",0,0,0,0,0,N/A
1092239,"April 14, 2018",Minnesota,"Inver Grove Heights","5700 block of Bishop Ave",0,0,0,0,0,N/A
1092235,"April 14, 2018",Minnesota,Minneapolis,"100 block of W 61st St",0,0,0,0,0,N/A
1094992,"April 14, 2018",Minnesota,Virginia,"2nd Ave S",0,1,0,0,0,N/A
1092224,"April 13, 2018",Minnesota,"Saint Paul (Eagan)","1800 block of Michael Point Dr",0,0,0,0,0,N/A
1093416,"April 13, 2018",Minnesota,Alden,N/A,0,0,0,0,0,N/A
1090972,"April 12, 2018",Minnesota,Minneapolis,"Oliver Ave N and N 16th Ave",0,1,0,0,0,N/A
1090969,"April 12, 2018",Minnesota,Minneapolis,"1400 block of Thomas Ave",0,0,0,0,1,N/A
1089963,"April 12, 2018",Minnesota,"Lake Elmo","Lake Elmo Ave and 34th St N",0,0,1,0,0,N/A
1090963,"April 12, 2018",Minnesota,"Saint Paul","Wheelock Pkwy and Payne Ave",0,0,0,0,0,N/A
1089980,"April 11, 2018",Minnesota,Minneapolis,"3300 block of Bryant Ave N",0,0,0,0,0,N/A
1089977,"April 11, 2018",Minnesota,Minneapolis,"E Lake St and 11th Ave S",0,0,0,0,0,N/A
1089976,"April 11, 2018",Minnesota,"Saint Paul","1287 Farrington St",0,0,0,0,0,N/A
1089380,"April 10, 2018",Minnesota,"Saint Paul","1672 Rice St",0,0,0,0,0,N/A
1089378,"April 10, 2018",Minnesota,"Saint Paul","600 block of Iglehart Ave",0,1,0,0,0,N/A
1089377,"April 10, 2018",Minnesota,Minneapolis,"3200 Lyndale Ave S",0,0,0,0,0,N/A
1090907,"April 10, 2018",Minnesota,Stillwater,"5701 Stillwater Blvd N",0,0,0,0,1,N/A
1088470,"April 10, 2018",Minnesota,"Saint Paul","Grotto St and University Ave",0,0,0,0,0,N/A
1088462,"April 9, 2018",Minnesota,"Minneapolis (Bloomington)","8300 block of Emerson Ave S",0,0,0,0,0,N/A
1088459,"April 9, 2018",Minnesota,"Saint Paul","Fairview Ave and University Ave",0,0,0,0,0,N/A
1087911,"April 8, 2018",Minnesota,Minneapolis,"3500 block of Columbus Ave S",0,0,0,0,0,N/A
1087910,"April 8, 2018",Minnesota,"Saint Paul","100 block of Charles Ave",0,0,0,0,0,N/A
1087189,"April 7, 2018",Minnesota,Minneapolis,"4400 block of 45 Ave S",0,0,0,0,0,N/A
1087188,"April 7, 2018",Minnesota,"Saint Paul","MN 280 and W Territorial Rd",0,0,0,0,0,N/A
1087181,"April 7, 2018",Minnesota,Minneapolis,"914 W Broadway Ave",0,0,0,0,0,N/A
1087111,"April 7, 2018",Minnesota,"Saint Paul","Minnehaha Ave W",0,1,0,0,0,N/A
1087175,"April 6, 2018",Minnesota,Minneapolis,"4900 block of Camden Ave N",0,0,0,0,0,N/A
1087162,"April 6, 2018",Minnesota,"Saint Paul","E Kellogg Blvd and Wacouta St",0,0,0,0,0,N/A
1089943,"April 6, 2018",Minnesota,Brainerd,N/A,0,0,0,0,1,N/A
1087166,"April 6, 2018",Minnesota,"Saint Paul","1600 block of Marion St",0,0,0,0,0,N/A
1087131,"April 5, 2018",Minnesota,Minneapolis,"58th St E and 33rd Ave N",0,0,0,0,0,N/A
1087113,"April 5, 2018",Minnesota,Austin,"700 block of 12th Ave NE",0,0,0,0,0,N/A
1085163,"April 5, 2018",Minnesota,Anoka,"1355 US 10",0,0,0,0,0,N/A
1085156,"April 5, 2018",Minnesota,Minneapolis,"2800 block of Cedar Ave",0,1,0,0,0,N/A
1087890,"April 5, 2018",Minnesota,"Minneapolis (Brooklyn Park)","7300 Boone Ave N",0,0,0,0,1,N/A
1086374,"April 5, 2018",Minnesota,Minneapolis,"700 block of 14th St E",0,1,0,0,0,N/A
1086413,"April 5, 2018",Minnesota,Minneapolis,"1700 block of E Lake St",0,1,0,0,2,N/A
1084362,"April 4, 2018",Minnesota,"South Saint Paul","200 block of Spruce St E",0,0,0,0,0,N/A
1084364,"April 4, 2018",Minnesota,Minneapolis,"2100 block of N 4th St",0,0,0,0,0,N/A
1084361,"April 4, 2018",Minnesota,Minneapolis,"3100 block of 4th Ave S",0,0,0,0,0,N/A
1084366,"April 3, 2018",Minnesota,"Saint Paul (Maplewood)","1200 block of Mcknight Rd N",0,0,0,0,0,N/A
1083663,"April 3, 2018",Minnesota,Minneapolis,"2400 block of 18th Ave S",0,0,0,0,0,N/A
1084358,"April 3, 2018",Minnesota,Minneapolis,"8th Ave N and Elwood Ave N",1,0,0,0,1,N/A
1085147,"April 3, 2018",Minnesota,Austin,"1400 block of 10th Ave NW",0,0,0,0,1,N/A
1084367,"April 3, 2018",Minnesota,"Saint Paul","800 block of N Hazel St",0,0,0,0,0,N/A
1083666,"April 2, 2018",Minnesota,Minneapolis,"4000 block of Lyndale Ave",0,1,0,0,0,N/A
1083669,"April 2, 2018",Minnesota,Minneapolis,"E Lake St and 1st Ave S",0,0,0,0,0,N/A
1083671,"April 2, 2018",Minnesota,"Saint Paul","1100 block of Norton St",0,0,0,0,0,N/A
1083668,"April 2, 2018",Minnesota,"Saint Paul","1100 block of Farrington Ave",0,0,0,0,0,N/A
1082948,"April 2, 2018",Minnesota,Minneapolis,"1600 block of Penn Ave N",0,0,0,0,0,N/A
1082956,"April 1, 2018",Minnesota,Minneapolis,"1200 block of 4th St SE",0,0,0,0,0,N/A
1082953,"April 1, 2018",Minnesota,"Saint Paul","N Victoria St and Concordia Ave",0,0,0,0,0,N/A
1082949,"April 1, 2018",Minnesota,Minneapolis,"2400 block of 17th Ave S",0,0,0,0,0,N/A
1081846,"March 31, 2018",Minnesota,"Saint Paul (Maplewood)","400 block of S McKnight Rd",0,2,0,0,1,N/A
1082388,"March 31, 2018",Minnesota,"Saint Paul","1000 block of York Ave",0,2,0,0,0,N/A
1097802,"March 30, 2018",Minnesota,"Minneapolis (Bloomington)","8650 Lyndale Ave",0,0,0,0,1,N/A
1081346,"March 30, 2018",Minnesota,"Saint Paul","110 W Arlington Ave",0,1,0,0,1,N/A
1081348,"March 29, 2018",Minnesota,Rochester,"500 block of Forbrook Ln NW",0,0,0,0,0,N/A
1084586,"March 28, 2018",Minnesota,"Park Rapids",N/A,0,0,0,0,1,N/A
1080320,"March 28, 2018",Minnesota,Minneapolis,"3400 block of Penn Ave N",0,0,0,0,0,N/A
1080319,"March 28, 2018",Minnesota,"Saint Paul","1200 block of Westminster St",0,0,0,0,0,N/A
1080306,"March 28, 2018",Minnesota,"Saint Paul","1200 block of Herbert St",0,1,0,0,0,N/A
1079597,"March 28, 2018",Minnesota,"Saint Paul","W Minnehaha Ave and Western Ave N",0,0,0,0,0,N/A
1079596,"March 28, 2018",Minnesota,Minneapolis,"4500 block of Camden Ave",0,0,0,0,0,N/A
1079592,"March 28, 2018",Minnesota,"Saint Paul","600 block of Jessamine Ave E",0,0,0,0,0,N/A
1080322,"March 28, 2018",Minnesota,"Saint Paul","Cedar St and 10th St E",0,0,0,0,0,N/A
1080315,"March 28, 2018",Minnesota,"Saint Paul","1000 block of Iglehart Ave",0,0,0,0,0,N/A
1080312,"March 28, 2018",Minnesota,Minneapolis,"Aldrich Ave and 34th Ave N",0,0,0,0,0,N/A
1084592,"March 28, 2018",Minnesota,Moorhead,"404 7th St S",0,0,0,0,3,N/A
1078879,"March 27, 2018",Minnesota,"Saint Paul","Burgess St and Farrington Ave",0,0,0,0,0,N/A
1080273,"March 26, 2018",Minnesota,"Cass Lake",N/A,0,0,0,0,5,N/A
1078884,"March 26, 2018",Minnesota,Minneapolis,"Central Ave and 8th St SE",0,0,0,0,0,N/A
1078878,"March 26, 2018",Minnesota,Rosemount,"100 block of Acron St",0,0,0,0,0,N/A
1077944,"March 26, 2018",Minnesota,"Saint Paul","University Ave W and Rice St",0,0,0,0,0,N/A
1077931,"March 25, 2018",Minnesota,"Saint Paul (Maplewood)","2000 block of Bradley St N",0,0,0,1,0,N/A
1077904,"March 25, 2018",Minnesota,Austin,"324 Main St N",0,0,0,0,5,N/A
1079566,"March 25, 2018",Minnesota,Austin,"1009 W Oakland Ave",0,0,0,0,1,N/A
1077479,"March 25, 2018",Minnesota,"Circle Pines","33 Village Pkwy",0,0,0,0,0,N/A
1077478,"March 25, 2018",Minnesota,"Saint Paul","1100 block of Jessie St",0,0,0,0,0,N/A
1077940,"March 25, 2018",Minnesota,"Saint Paul","471 Marion St",0,0,0,0,0,N/A
1077938,"March 25, 2018",Minnesota,"Saint Paul","640 Jackson St",0,1,0,0,0,N/A
1077936,"March 25, 2018",Minnesota,Minneapolis,"2500 block of 4 St N",0,1,0,0,0,N/A
1077451,"March 25, 2018",Minnesota,Minneapolis,"2400 block of Ogema Pl",1,1,0,0,1,N/A
1076924,"March 24, 2018",Minnesota,"Inver Grove Heights","5567 Bishop Ave",1,1,0,0,3,N/A
1077483,"March 24, 2018",Minnesota,Minneapolis,"2600 block of 6 St NE",0,0,0,0,0,N/A
1077480,"March 24, 2018",Minnesota,Minneapolis,"3300 block of Pleasant Ave S",0,0,0,0,0,N/A
1075919,"March 23, 2018",Minnesota,"Minneapolis (Brooklyn Park)","8000 block of Brunswick Ave N",0,1,0,0,0,N/A
1078833,"March 23, 2018",Minnesota,"Blooming Prairie","75859 US Hwy 218",1,0,0,0,1,N/A
1078840,"March 23, 2018",Minnesota,Redby,"15300 block of Ladota Ave",0,0,0,0,1,N/A
1077473,"March 22, 2018",Minnesota,Minneapolis,N/A,0,0,0,0,2,N/A
1077421,"March 22, 2018",Minnesota,"Saint Paul","1100 block of Rice St",0,0,0,1,1,N/A
1074569,"March 21, 2018",Minnesota,"Saint Paul","740 Rose Ave W",0,0,0,0,1,N/A
1077063,"March 21, 2018",Minnesota,Austin,"3rd Ave NE and 16th St NE",0,0,0,0,1,N/A
1075909,"March 21, 2018",Minnesota,Bemidji,"1400 block of Paul Bunyan Dr NW",0,0,0,0,1,N/A
1075272,"March 20, 2018",Minnesota,Minneapolis,"E 36th St and 2nd Ave S",0,1,0,0,0,N/A
1075269,"March 20, 2018",Minnesota,"Cass Lake","Pine St NW",0,0,0,0,1,N/A
1078877,"March 19, 2018",Minnesota,"Minneapolis (Plymouth)","6100 block of Quinwood Ln N",0,0,0,0,0,N/A
1078875,"March 17, 2018",Minnesota,"Minneapolis (Plymouth)","I-494 and Rockford Rd",0,0,0,0,1,N/A
1072153,"March 17, 2018",Minnesota,"Rush City","500 St and Government Rd",0,0,0,0,0,N/A
1071867,"March 16, 2018",Minnesota,Minneapolis,"43rd St E and First Ave S",1,0,0,0,0,N/A
1070844,"March 16, 2018",Minnesota,Andover,"200 block of 173rd Ave",0,0,0,0,0,N/A
1071881,"March 14, 2018",Minnesota,Minneapolis,"18th Ave N and Emerson Ave N",0,1,0,0,1,N/A
1069206,"March 14, 2018",Minnesota,"Saint Paul (Oakdale)","6400 block of Lower 56th St N",0,0,0,0,0,N/A
1069863,"March 14, 2018",Minnesota,"Saint Paul","W Minnehaha Ave and N Milton St",0,0,0,0,1,N/A
1069210,"March 13, 2018",Minnesota,"Saint Paul","Aurora Ave and St Albans St N",0,1,0,0,0,N/A
1068814,"March 13, 2018",Minnesota,Minneapolis,"2000 block of N Irving Ave",0,1,0,0,0,N/A
1068450,"March 13, 2018",Minnesota,Minneapolis,"2500 block of Penn Ave N",0,0,0,0,0,N/A
1067563,"March 12, 2018",Minnesota,"Cottage Grove","8200 block of Jody Ln S",0,0,0,0,0,N/A
1068428,"March 12, 2018",Minnesota,Rochester,"2800 block of Charles Ct NW",1,0,0,0,4,N/A
1068462,"March 12, 2018",Minnesota,Minneapolis,"29th St and Chicago Ave",0,0,0,0,0,N/A
1077920,"March 11, 2018",Minnesota,Mcintosh,"1st St NE",0,0,0,0,1,N/A
1066452,"March 9, 2018",Minnesota,"Saint Paul","1900 block of Cottage Ave E",1,0,0,0,1,N/A
1066439,"March 9, 2018",Minnesota,"Saint Paul","600 block of N Griggs St",0,0,0,0,0,N/A
1066432,"March 9, 2018",Minnesota,"Saint Paul","500 block of Beaumont St E",0,0,0,0,0,N/A
1066444,"March 8, 2018",Minnesota,"Saint Paul","700 block of Cook Ave",0,0,0,0,0,N/A
1066360,"March 8, 2018",Minnesota,"Grand Rapids","403 NW 3rd Ave",0,1,0,0,0,N/A
1066469,"March 8, 2018",Minnesota,"Saint Paul (Eagan)",N/A,0,0,0,0,1,N/A
1070126,"March 7, 2018",Minnesota,Monticello,N/A,0,0,0,0,1,N/A
1066450,"March 7, 2018",Minnesota,Rogers,N/A,0,0,0,0,0,N/A
1062599,"March 5, 2018",Minnesota,Glyndon,I-94,0,0,0,1,1,N/A
1062567,"March 4, 2018",Minnesota,"Saint Paul (Woodbury)","700 block of Lake Ridge Dr",0,1,0,0,1,N/A
1061981,"March 4, 2018",Minnesota,"Saint Paul","1000 block of Edmund Ave W",0,0,0,0,0,N/A
1061964,"March 4, 2018",Minnesota,Minneapolis,"5700 block of 33rd Ave S",0,0,0,0,0,N/A
1087902,"March 3, 2018",Minnesota,"Isanti (county)",N/A,0,0,0,0,1,N/A
1062583,"March 3, 2018",Minnesota,"Saint Paul","State St and Stevens St E",0,1,0,0,0,N/A
1080296,"March 3, 2018",Minnesota,Monticello,I-94,0,0,0,0,1,N/A
1061967,"March 3, 2018",Minnesota,"Saint Paul","Rice St and Maryland Ave",0,0,0,0,0,N/A
1061325,"March 2, 2018",Minnesota,"Saint Paul (Vadnais Heights)","Desoto St",0,0,0,0,3,N/A
1061976,"March 2, 2018",Minnesota,"Saint Paul","1100 block of Burns Ave",0,0,0,0,0,N/A
1061987,"March 2, 2018",Minnesota,"Saint Paul","1174 4th St E",0,0,0,0,0,N/A
1061979,"March 2, 2018",Minnesota,Minneapolis,"3900 block of N Lyndale Ave",0,1,0,0,0,N/A
1061978,"March 2, 2018",Minnesota,"Saint Paul (Maplewood)","English St and Ripley Ave",0,0,0,0,0,N/A
1059979,"March 1, 2018",Minnesota,"Saint Paul","800 block of 7 St E",0,0,0,0,0,N/A
1061334,"March 1, 2018",Minnesota,Rochester,"2500 block of Pinewood Rd SE",0,0,0,0,0,N/A
1061983,"March 1, 2018",Minnesota,Minneapolis,"55000 block of Sheridan Ave N",0,0,0,0,0,N/A
1059987,"March 1, 2018",Minnesota,Minneapolis,"24th St W and Pleasant Ave S",0,0,0,0,0,N/A
1061331,"March 1, 2018",Minnesota,"Saint Paul (Eagan)",N/A,0,0,0,0,1,N/A
1058997,"February 28, 2018",Minnesota,Minneapolis,"4000 block of 14th Ave",0,0,0,0,0,N/A
1058990,"February 28, 2018",Minnesota,Minneapolis,"3000 block of Pillsbury Ave S",0,0,0,0,0,N/A
1058987,"February 27, 2018",Minnesota,"Prior Lake","700 block of Flandreau Trail",0,0,0,0,0,N/A
1058332,"February 27, 2018",Minnesota,"Saint Paul","3rd St E and White Bear Ave",0,0,0,0,0,N/A
1058984,"February 27, 2018",Minnesota,Minneapolis,"7890 University Ave",0,0,0,0,0,N/A
1059052,"February 27, 2018",Minnesota,Eveleth,"618 Adams Ave",0,0,0,0,1,N/A
1059039,"February 27, 2018",Minnesota,Minneapolis,"4320 N Newton Ave",0,0,0,0,0,N/A
1058968,"February 27, 2018",Minnesota,Minneapolis,"700 block of E 18th St",1,0,0,0,1,N/A
1058328,"February 27, 2018",Minnesota,"Minneapolis (Golden Valley)","I 394 and Louisiana Ave S",0,0,0,0,1,N/A
1058319,"February 27, 2018",Minnesota,Minneapolis,"424 Hennepin Ave",0,2,0,0,0,N/A
1057703,"February 26, 2018",Minnesota,"Saint Paul","Arkwright Street N and Cook Ave",0,1,0,0,0,N/A
1059008,"February 26, 2018",Minnesota,Rochester,"316 S Broadway",0,0,0,0,1,N/A
1057715,"February 26, 2018",Minnesota,"Saint Paul","Cottage Dr and Kasota Ave",0,3,0,0,0,N/A
1057721,"February 26, 2018",Minnesota,Minneapolis,"4300 block of N 6th St",0,0,0,0,0,N/A
1065568,"February 24, 2018",Minnesota,"Saint Paul (Woodbury)","1700 block of Lamplight Dr",0,0,0,0,1,N/A
1056923,"February 24, 2018",Minnesota,"Minneapolis (Edina)","5700 block of Tracy Ave",0,0,0,0,0,N/A
1056934,"February 24, 2018",Minnesota,"Saint Paul","1600 block of White Bear Ave",0,1,0,0,0,N/A
1055777,"February 23, 2018",Minnesota,"Saint Paul","Dale St N and Como Ave",0,0,0,0,0,N/A
1055773,"February 23, 2018",Minnesota,"Saint Paul","900 block of Fremont Ave E",0,0,0,0,0,N/A
1055783,"February 23, 2018",Minnesota,Minneapolis,"2500 block of Penn Ave N",0,0,0,0,0,N/A
1055770,"February 23, 2018",Minnesota,Minneapolis,"923 W Broadway Ave",0,0,0,0,0,N/A
1055791,"February 22, 2018",Minnesota,Minneapolis,"3900 block of Dupont Ave N",0,0,0,0,0,N/A
1055815,"February 21, 2018",Minnesota,"Saint Paul","1800 block of Arlington Ave E",0,0,0,0,0,N/A
1055803,"February 21, 2018",Minnesota,"Saint Paul","Front Ave and Rice St",0,0,0,0,0,N/A
1055802,"February 21, 2018",Minnesota,"Minneapolis (Coon Rapids)","13100 Osage St NW",0,0,0,0,0,N/A
1055797,"February 21, 2018",Minnesota,"Saint Paul (Eagan)","1200 Redwood Point",0,0,0,0,0,N/A
1055709,"February 21, 2018",Minnesota,"Minneapolis (Brooklyn Center)","6000 block of Colfax Ave N",0,1,0,0,1,N/A
1055830,"February 21, 2018",Minnesota,Minneapolis,"3400 block of N Newton Ave",0,0,0,0,0,N/A
1055805,"February 21, 2018",Minnesota,Minneapolis,"4601 Lyndale Ave N",0,0,0,0,0,N/A
1055837,"February 20, 2018",Minnesota,"Saint Paul","Duluth St and Case Ave E",0,0,0,0,0,N/A
1055836,"February 20, 2018",Minnesota,"Saint Paul","1000 block of 5th St E",0,0,0,0,0,N/A
1054069,"February 19, 2018",Minnesota,"Albert Lea","S Broadway Ave and E 7th St",0,0,0,0,1,N/A
1054111,"February 17, 2018",Minnesota,"Saint Paul","2516 7th St W",0,0,0,0,1,N/A
1051908,"February 17, 2018",Minnesota,"Saint Paul","1500 block of Magnolia Ave E",0,0,0,0,0,N/A
1051892,"February 17, 2018",Minnesota,Mapleton,"MN 22",1,0,1,0,0,N/A
1050971,"February 16, 2018",Minnesota,Minneapolis,"3500 block of Lyndale Ave N",1,1,0,0,0,N/A
1051895,"February 16, 2018",Minnesota,"Sauk Rapids","3400 block of Old Creek Pl NE",1,1,0,0,3,N/A
1090938,"February 16, 2018",Minnesota,Buffalo,N/A,0,0,0,0,1,N/A
1051912,"February 15, 2018",Minnesota,Minneapolis,"5715 Bossen Terrace",0,0,0,0,0,N/A
1049218,"February 14, 2018",Minnesota,"Saint Paul","1500 block of Grand Ave",0,0,0,0,0,N/A
1050159,"February 14, 2018",Minnesota,"Saint Paul","2441 Maplewood Dr",0,0,0,0,0,N/A
1051889,"February 14, 2018",Minnesota,Hibbing,"3800 block of 2nd Ave W",0,0,0,0,1,N/A
1049459,"February 14, 2018",Minnesota,Baxter,"7609 Excelsior Rd",1,0,0,0,0,N/A
1049992,"February 14, 2018",Minnesota,Baxter,"7609 Excelsior Rd",1,0,0,0,0,N/A
1050013,"February 14, 2018",Minnesota,"Saint Cloud","8th Ave S and 6th St S",0,1,0,0,0,N/A
1049989,"February 14, 2018",Minnesota,"Minneapolis (Fridley)","MN-65 and Medtronic Pkwy NE",0,0,1,0,0,N/A
1050156,"February 14, 2018",Minnesota,Minneapolis,"N 25th Ave and N 6th St",0,0,0,0,0,N/A
1048618,"February 12, 2018",Minnesota,"Saint Paul","9th Ave S and Richmond St W",0,1,0,0,1,N/A
1055114,"February 12, 2018",Minnesota,"Saint Paul",N/A,1,0,0,0,0,N/A
1050006,"February 12, 2018",Minnesota,"South Saint Paul","Richmond St W and 9th St S",0,0,0,1,1,N/A
1047893,"February 12, 2018",Minnesota,Minneapolis,"2432 Ogema Pl",0,1,0,0,0,N/A
1049996,"February 11, 2018",Minnesota,Redlake,N/A,0,0,0,0,4,N/A
1047959,"February 11, 2018",Minnesota,"Minneapolis (Fridley)","5201 Central Ave",0,0,0,0,0,N/A
1047508,"February 10, 2018",Minnesota,"Saint Paul","Chatsworth St N and Front Ave",0,0,0,0,0,N/A
1047503,"February 10, 2018",Minnesota,"Saint Paul","200 block of S Kipling St",0,0,0,0,0,N/A
1046847,"February 10, 2018",Minnesota,"Saint Paul","40 block of Stevens St E",0,0,0,0,0,N/A
1047887,"February 10, 2018",Minnesota,Sabin,N/A,0,0,0,1,1,N/A
1047466,"February 10, 2018",Minnesota,Sabin,"15 1st St S",0,0,0,0,1,N/A
1047478,"February 10, 2018",Minnesota,Cloquet,N/A,0,0,0,0,1,N/A
1047507,"February 10, 2018",Minnesota,Minneapolis,"4600 block of Portland Ave",0,0,0,0,0,N/A
1047468,"February 10, 2018",Minnesota,Minneapolis,"2900 block of 30th Ave S",0,1,0,0,1,N/A
1046852,"February 10, 2018",Minnesota,Minneapolis,"3600 block of Emerson Ave N",0,0,0,0,0,N/A
1046851,"February 10, 2018",Minnesota,Minneapolis,"1100 block of N 37th Ave",0,0,0,0,0,N/A
1046853,"February 9, 2018",Minnesota,"Minneapolis (Brooklyn Center)","69th Ave N and Humboldt Ave N",0,0,0,0,0,N/A
1046818,"February 9, 2018",Minnesota,"Saint Paul","400 block of S Clinton Ave",0,1,0,0,0,N/A
1046865,"February 8, 2018",Minnesota,"Saint Paul","426 Oxford St N",0,0,0,0,0,N/A
1046857,"February 8, 2018",Minnesota,Minneapolis,"1400 block of Portland Ave",0,1,0,0,0,N/A
1045312,"February 7, 2018",Minnesota,"Minneapolis (Blaine)","Naples St NE and County Rd J W",0,0,0,0,0,N/A
1044927,"February 7, 2018",Minnesota,"Osseo (Maple Grove)","9600 block of Trenton Ln N",0,0,0,1,0,N/A
1044924,"February 6, 2018",Minnesota,Biwabik,"111 Railroad Dr N",0,0,0,0,0,N/A
1044508,"February 6, 2018",Minnesota,"Minneapolis (Brooklyn Center)","4900 block of Brooklyn Blvd",0,0,1,0,0,N/A
1044569,"February 5, 2018",Minnesota,Rochester,"2650 Broadway Ave S",0,0,0,0,1,N/A
1043600,"February 5, 2018",Minnesota,"Saint Paul (Maplewood)","1961 County Rd C E",0,0,0,0,0,N/A
1044004,"February 4, 2018",Minnesota,"Saint Paul","981 University Ave W",0,0,0,0,0,N/A
1043993,"February 4, 2018",Minnesota,"Saint Paul","900 block of Marshall Ave",0,0,0,0,0,N/A
1044009,"February 4, 2018",Minnesota,"Saint Paul","710 Selby Ave",0,1,0,0,0,N/A
1043211,"February 4, 2018",Minnesota,"Saint Paul","100 block of Chatsworth St N",0,1,0,0,0,N/A
1043925,"February 4, 2018",Minnesota,"Saint Paul (Apple Valley)","1300 block of Geneva Ct",0,2,0,0,0,N/A
1045291,"February 3, 2018",Minnesota,Minneapolis,"400 block of N 3rd Ave",0,2,0,0,0,N/A
1044011,"February 2, 2018",Minnesota,Minneapolis,"5900 Excelsior Blvd",0,0,0,0,0,N/A
1044014,"February 2, 2018",Minnesota,Minneapolis,"E 51st St and 40th Ave S",0,0,0,0,0,N/A
1041456,"February 1, 2018",Minnesota,Willmar,N/A,0,0,0,0,5,N/A
1040796,"January 31, 2018",Minnesota,"Saint James","620 2nd Ave S",0,0,1,0,0,N/A
1040802,"January 31, 2018",Minnesota,"Saint Paul","1000 block of 3rd St E",1,0,0,0,1,N/A
1040842,"January 31, 2018",Minnesota,Minneapolis,"1400 block of Plymouth Ave N",0,0,0,0,0,N/A
1040792,"January 31, 2018",Minnesota,Austin,"1400 block of 2nd Ave SW",0,0,0,0,3,N/A
1042636,"January 31, 2018",Minnesota,"Deer River","307 Main Ave W",0,0,0,0,2,N/A
1050021,"January 31, 2018",Minnesota,"Elk River","11000 block of 192nd Court",0,0,0,0,1,N/A
1040809,"January 30, 2018",Minnesota,Minneapolis,"2200 block of N Lyndale Ave",1,0,0,0,0,N/A
1039564,"January 29, 2018",Minnesota,"Saint Paul","664 Payne Ave",1,0,0,0,0,N/A
1043889,"January 29, 2018",Minnesota,"Minneapolis (Coon Rapids)","11689 Raven St NW",0,2,0,0,1,N/A
1044583,"January 28, 2018",Minnesota,"Minneapolis (Plymouth)","3855 Plymouth Blvd",0,0,0,0,0,N/A
1036499,"January 26, 2018",Minnesota,"Saint Paul","429 S Robert St",0,1,0,0,0,N/A
1040800,"January 25, 2018",Minnesota,Crosby,"600 block of Michigan Ave",0,0,0,0,1,N/A
1035080,"January 24, 2018",Minnesota,"Minneapolis (Bloomington)","5000 block of Old Shakopee Rd W",0,0,0,0,0,N/A
1036131,"January 24, 2018",Minnesota,"Saint Paul (Roseville)","1595 MN 36",0,0,0,0,0,N/A
1034369,"January 23, 2018",Minnesota,Crosby,"29000 block of MN 6",0,0,0,0,1,N/A
1033222,"January 22, 2018",Minnesota,"Saint Paul (Maplewood)","2728 Stillwater Rd E",0,0,1,0,0,N/A
1031714,"January 20, 2018",Minnesota,Minneapolis,"1700 block of 2nd Ave S",0,0,0,0,0,N/A
1031705,"January 20, 2018",Minnesota,Minneapolis,"E 58th St and Sander Dr",0,0,0,0,0,N/A
1031300,"January 20, 2018",Minnesota,Fairmont,"1200 block of Victoria St",0,0,1,0,0,N/A
1031716,"January 20, 2018",Minnesota,Minneapolis,N/A,0,1,0,0,0,N/A
1035064,"January 20, 2018",Minnesota,Badger,"301 N Main St",0,0,0,0,2,N/A
1031707,"January 20, 2018",Minnesota,"Saint Paul","Walsh St and Rose Ave E",0,0,0,0,0,N/A
1031726,"January 19, 2018",Minnesota,Minneapolis,"2900 block of 16th Ave S",0,0,0,0,0,N/A
1031735,"January 19, 2018",Minnesota,Rosemount,"16000 block of Fantasia Ave",0,0,0,0,0,N/A
1031738,"January 19, 2018",Minnesota,"Saint Paul (Eagan)","2745 Hwy 55",0,0,0,0,1,N/A
1031744,"January 19, 2018",Minnesota,"Saint Paul","570 block of Thomas Ave W",0,0,0,0,0,N/A
1031732,"January 19, 2018",Minnesota,"Saint Paul","800 block of Germain St",0,0,0,0,0,N/A
1031723,"January 19, 2018",Minnesota,"Saint Paul","Westminster St and Rose Ave E",0,0,0,0,0,N/A
1031149,"January 19, 2018",Minnesota,"Saint Paul","US-61 and Lower Afton Rd",0,0,0,0,0,N/A
1031544,"January 19, 2018",Minnesota,Stillwater,"100 block of Bayberry Avenue Ct",1,0,0,0,1,N/A
1031722,"January 19, 2018",Minnesota,Cambridge,"36800 block of Lily St NW",0,0,0,0,0,N/A
1031754,"January 18, 2018",Minnesota,"Minneapolis (Bloomington)","7900 Xerxes Ave",0,0,0,0,0,N/A
1031750,"January 18, 2018",Minnesota,"Saint Paul","1300 block of Birmingham St",0,0,0,0,0,N/A
1031771,"January 17, 2018",Minnesota,Minneapolis,"3500 block of N Sheridan Ave",0,0,0,0,0,N/A
1031769,"January 17, 2018",Minnesota,Minneapolis,"N 33rd Ave and N James Ave",0,0,0,0,0,N/A
1027265,"January 14, 2018",Minnesota,Rochester,"East River Road and 31st Street",1,0,0,0,1,N/A
1029409,"January 13, 2018",Minnesota,Rochester,"1900 block of 8 1/2 St SE",0,1,0,0,0,N/A
1026687,"January 13, 2018",Minnesota,"Minneapolis (Bloomington)","1321 E 78th S",0,3,0,0,2,N/A
1024275,"January 10, 2018",Minnesota,Minneapolis,"210 block of W 62nd St",0,0,0,0,0,N/A
1026020,"January 10, 2018",Minnesota,Baxter,"14441 Oakwood Dr N",0,1,0,0,0,N/A
1024284,"January 9, 2018",Minnesota,Minneapolis,"2400 block of Ogema Pl",0,0,0,0,0,N/A
1024276,"January 9, 2018",Minnesota,Minneapolis,"3700 block of N Logan Ave",0,1,0,0,0,N/A
1024292,"January 9, 2018",Minnesota,"Saint Paul","900 block of Lawson Ave E",0,0,0,0,0,N/A
1024301,"January 9, 2018",Minnesota,"Saint Paul","N Farrington St and Edmund Ave W",0,0,0,0,0,N/A
1024326,"January 9, 2018",Minnesota,Mahnomen,N/A,0,1,0,0,0,N/A
1024299,"January 9, 2018",Minnesota,"Saint Paul","Edgerton St and Cook Ave",0,0,0,0,0,N/A
1024293,"January 9, 2018",Minnesota,Minnetonka,"11300 block of Fairfield Rd",0,0,0,0,0,N/A
1024313,"January 8, 2018",Minnesota,Minneapolis,"1300 block of N 44th Ave",0,0,0,0,0,N/A
1024309,"January 8, 2018",Minnesota,Minneapolis,"2400 block of Ogema Pl",0,1,0,0,0,N/A
1024312,"January 8, 2018",Minnesota,"Saint Paul","Erie St and W Jefferson Ave",0,0,0,0,0,N/A
1022385,"January 7, 2018",Minnesota,Minneapolis,"500 block of 12th Ave SE",1,1,0,0,0,N/A
1024317,"January 7, 2018",Minnesota,Austin,"105 2nd St SE",0,0,0,0,2,N/A
1023065,"January 7, 2018",Minnesota,"Saint Paul","Rice St and Geranium Ave W",0,1,0,0,0,N/A
1021606,"January 5, 2018",Minnesota,Minneapolis,"S 5th St and Hennepin Ave",0,0,0,0,0,N/A
1021042,"January 5, 2018",Minnesota,"Saint Paul (Little Canada)","100 block of E County Rd C",0,0,0,0,0,N/A
1021609,"January 5, 2018",Minnesota,"Saint Paul","600 block of Clifford St",0,0,0,0,0,N/A
1021610,"January 5, 2018",Minnesota,"Saint Paul (Mendota Heights)","I-35E and Hwy 13",0,0,0,0,0,N/A
1021047,"January 4, 2018",Minnesota,"Saint Paul","500 block of Van Buren Ave",0,0,0,0,0,N/A
1018851,"January 1, 2018",Minnesota,Minneapolis,"Wentworth Ct E",0,0,0,0,0,N/A
1018854,"January 1, 2018",Minnesota,"Saint Paul","1500 block of Reaney Ave E",0,0,0,0,0,N/A
1018850,"January 1, 2018",Minnesota,Stillwater,"1100 block of Eagle Ridge Trail",0,0,0,0,0,N/A