Incident ID,Incident Date,State,City Or County,Address,Victims Killed,Victims Injured,Suspects Killed,Suspects Injured,Suspects Arrested,Operations
2491348,30-Dec-22,Minnesota,Minneapolis,Nicollet Ave and E 16th St,0,1,0,0,0,N/A
2491499,30-Dec-22,Minnesota,Minneapolis,601 Chicago Ave,1,0,0,0,1,N/A
2491497,30-Dec-22,Minnesota,Minneapolis,N 33rd Ave and N Morgan Ave,0,1,0,0,0,N/A
2490462,28-Dec-22,Minnesota,Saint Paul,George St E and State St,0,1,0,0,0,N/A
2490046,28-Dec-22,Minnesota,Minneapolis (Brooklyn Park),8700 block of Maplebrook Pkwy N,0,0,1,0,0,N/A
2490042,27-Dec-22,Minnesota,Saint Paul,500 block of W Lawson Ave,1,0,0,0,2,N/A
2490288,26-Dec-22,Minnesota,Rochester,5100 block of W River Rd NW,1,0,0,0,1,N/A
2488929,24-Dec-22,Minnesota,Rochester,500 block of 19th St NW,0,1,0,0,1,N/A
2487325,23-Dec-22,Minnesota,Minneapolis (Bloomington),60 E Broadway,1,1,0,0,3,N/A
2486004,21-Dec-22,Minnesota,Minneapolis,E 24th St and Nicollet Ave,1,0,0,0,1,N/A
2486420,21-Dec-22,Minnesota,Minneapolis,Cedar Ave and E Franklin Ave,0,1,0,0,0,N/A
2486007,20-Dec-22,Minnesota,Saint Paul,750 N Milton St,0,1,0,0,0,N/A
2484974,19-Dec-22,Minnesota,Saint Paul,600 block of Cook Ave,1,0,0,0,1,N/A
2484979,19-Dec-22,Minnesota,Lakeville,17500 block of Gillette Way,0,0,0,1,0,N/A
2483899,18-Dec-22,Minnesota,Minneapolis,3100 block of Dupont Ave N,1,0,0,0,1,N/A
2483618,18-Dec-22,Minnesota,Minneapolis,46th Ave S and E Lake St,0,1,0,0,0,N/A
2483604,18-Dec-22,Minnesota,Minneapolis,36th Ave N and Emerson Ave N,0,1,0,0,0,N/A
2483622,17-Dec-22,Minnesota,Minneapolis,12th Ave S and E Lake St,0,1,0,0,0,N/A
2483611,17-Dec-22,Minnesota,Saint Paul (Oakdale),1267 Geneva Ave N,0,2,0,0,0,N/A
2484134,17-Dec-22,Minnesota,Saint Paul,980 block of Saint Albans St N,0,1,0,0,0,N/A
2483534,16-Dec-22,Minnesota,Saint Paul,200 block of Fifth St E,1,0,0,0,1,N/A
2481771,15-Dec-22,Minnesota,Minneapolis,314 N 1st Ave,0,1,0,0,0,N/A
2481439,15-Dec-22,Minnesota,New Auburn,8200 block of 3rd St,0,0,1,0,0,N/A
2481130,14-Dec-22,Minnesota,Saint Paul,500 block of W Cottage Ave,0,1,0,0,0,N/A
2481128,14-Dec-22,Minnesota,Minneapolis,W 22nd St and Blaisdell Ave,0,1,0,0,0,N/A
2490312,13-Dec-22,Minnesota,Saint Paul,600 block of Cook Ave,0,1,0,0,0,N/A
2479609,12-Dec-22,Minnesota,Minneapolis,500 block of Knox Ave N,1,0,0,0,0,N/A
2479616,12-Dec-22,Minnesota,Saint Paul,55 Fifth St E,2,0,0,0,0,N/A
2479242,12-Dec-22,Minnesota,Minneapolis,Fremont Ave N and N 26th Ave,0,1,0,0,0,N/A
2478733,11-Dec-22,Minnesota,Minneapolis,2600 block of N Girard Ave,0,1,0,0,0,N/A
2478636,10-Dec-22,Minnesota,Minneapolis,1800 block of E Lake St,0,1,0,0,0,N/A
2478640,10-Dec-22,Minnesota,Lakeville,19300 Ritter Pkwy Trail,1,0,0,0,0,N/A
2478638,10-Dec-22,Minnesota,Minneapolis,Fremont Ave S and W Lake St,0,1,0,0,0,N/A
2477266,8-Dec-22,Minnesota,Minneapolis,Lowry Ave N and N 6th St,0,1,0,0,0,N/A
2477204,8-Dec-22,Minnesota,Minneapolis,1201 Banneker Ave N,1,0,0,0,1,N/A
2476060,7-Dec-22,Minnesota,Minneapolis,N Upton Ave and N Dowling Ave,0,1,0,0,0,N/A
2475321,6-Dec-22,Minnesota,Saint Paul,1500 block of Jessamine Ln,1,0,0,0,1,N/A
2475016,5-Dec-22,Minnesota,Saint Paul,1000 block of Hudson Rd,0,0,1,0,0,N/A
2567820,3-Dec-22,Minnesota,Rochester,2221 Parkview Ln SE,0,1,0,0,0,N/A
2474151,3-Dec-22,Minnesota,Minneapolis,355 Monroe St NE,0,0,1,0,0,N/A
2473983,3-Dec-22,Minnesota,Minneapolis,3rd Street and Lowry Ave N,0,1,0,0,0,N/A
2473200,2-Dec-22,Minnesota,Minneapolis,500 block of S 15th Ave,0,1,0,0,0,N/A
2471337,30-Nov-22,Minnesota,Burnsville,2000 block of E 117th St,0,1,0,0,0,N/A
2471673,30-Nov-22,Minnesota,Minneapolis,300 Broadway St NE,0,1,0,0,0,N/A
2469538,28-Nov-22,Minnesota,Minneapolis,12th Ave S and E Lake St,0,1,0,0,0,N/A
2469296,26-Nov-22,Minnesota,Minneapolis,600 block of Lowry Ave N,0,1,0,0,0,N/A
2468216,25-Nov-22,Minnesota,Saint Paul,N/A,0,1,0,0,0,N/A
2468574,25-Nov-22,Minnesota,Minneapolis (Plymouth),14300 block of 40th Place N,0,1,0,0,1,N/A
2477289,23-Nov-22,Minnesota,Minneapolis,2500 block of Portland Ave S,0,1,0,0,1,N/A
2466387,23-Nov-22,Minnesota,Minneapolis (Bloomington),8907 Penn Ave S,1,1,0,0,1,N/A
2465786,22-Nov-22,Minnesota,Minneapolis,5700 block of 24th Ave S,0,1,0,0,0,N/A
2465308,22-Nov-22,Minnesota,Red Wing,Levee Rd,0,0,0,1,0,N/A
2465035,21-Nov-22,Minnesota,Saint Paul (Woodbury),500 block of Lake View Dr,0,1,0,0,2,N/A
2465314,21-Nov-22,Minnesota,Battle Lake,41842 Foursquare Rd,1,0,1,0,0,N/A
2464260,21-Nov-22,Minnesota,Saint Paul,1200 block of Burr St N,0,1,0,0,0,N/A
2463570,19-Nov-22,Minnesota,Saint Paul,US-61,0,1,0,0,0,N/A
2464096,19-Nov-22,Minnesota,Rochester,310 31st St NE,1,0,0,0,0,N/A
2463899,19-Nov-22,Minnesota,Saint Paul,900 block of Jackson St,0,1,0,0,0,N/A
2462679,18-Nov-22,Minnesota,Minneapolis (Brooklyn Park),8447 Regent Ave N,1,1,0,0,1,N/A
2462672,18-Nov-22,Minnesota,Minneapolis,5400 block of 27th Ave S,0,1,0,0,0,N/A
2462029,17-Nov-22,Minnesota,Minneapolis,1000 block of N Newton Ave,0,1,0,0,0,N/A
2461896,17-Nov-22,Minnesota,Minneapolis,3700 block of Portland Ave,0,1,0,0,0,N/A
2461190,16-Nov-22,Minnesota,Minneapolis,N 4th St and N 22nd Ave,0,1,0,0,0,N/A
2460877,16-Nov-22,Minnesota,Minneapolis,1200 block of N 26th Ave,0,1,0,0,0,N/A
2460411,15-Nov-22,Minnesota,Minneapolis,800 block of N 21st Ave,0,1,0,0,0,N/A
2466279,15-Nov-22,Minnesota,Minneapolis (Robbinsdale),3730 Toledo Ave N,0,0,0,0,0,N/A
2459861,14-Nov-22,Minnesota,Minneapolis (Plymouth),9700 37th Pl N,1,0,0,0,2,N/A
2704131,13-Nov-22,Minnesota,Redwood Falls,N/A,0,1,0,0,0,N/A
2458807,13-Nov-22,Minnesota,Saint Paul,200 block of W 9th St,1,0,0,0,1,N/A
2458804,13-Nov-22,Minnesota,Minneapolis,E 45th St and Hiawatha Ave,0,1,0,0,0,N/A
2458584,12-Nov-22,Minnesota,Minneapolis,4700 block of N Lyndale Ave,1,0,0,0,0,N/A
2458579,12-Nov-22,Minnesota,Minneapolis,N 26th Ave and N Penn Ave,0,1,0,0,0,N/A
2458590,12-Nov-22,Minnesota,Saint Paul (Woodbury),Grand Oaks Trl and Grand Birch Ln,0,1,0,0,1,N/A
2459502,12-Nov-22,Minnesota,Saint Cloud,1400 9th Ave S,0,1,0,0,1,N/A
2464086,11-Nov-22,Minnesota,Minneapolis (Golden Valley),2400 Sandburg Ln,0,0,0,0,1,N/A
2456626,9-Nov-22,Minnesota,Minneapolis (Fridley),5200 block of 3rd St NE,0,1,0,0,0,N/A
2455574,8-Nov-22,Minnesota,Minneapolis (Brooklyn Park),6355 Zane Ave N,1,0,0,1,3,N/A
2455555,8-Nov-22,Minnesota,Minneapolis,Lowry Ave N and Queen Ave N,0,1,0,0,0,N/A
2455192,6-Nov-22,Minnesota,Minneapolis,800 block of 30th Ave N,0,1,0,0,0,N/A
2453854,5-Nov-22,Minnesota,Willmar,Johanna Ave SE and 3rd St SE,0,0,0,2,2,N/A
2454258,5-Nov-22,Minnesota,Sartell,1900 block of Cypress Cir,0,1,0,0,1,N/A
2453881,5-Nov-22,Minnesota,Minneapolis,5700 block of Sander Dr,0,1,0,0,0,N/A
2453859,5-Nov-22,Minnesota,Minneapolis,Queen Ave N and 40th St N,0,1,0,0,0,N/A
2488923,4-Nov-22,Minnesota,Saint Paul (White Bear Lake),Riviera Dr N,0,1,0,0,0,N/A
2453861,4-Nov-22,Minnesota,Minneapolis,1900 block of 1st Ave S,0,1,0,0,0,N/A
2451507,2-Nov-22,Minnesota,Saint Paul,Dale St N and Concordia Ave,0,1,0,0,0,N/A
2451479,2-Nov-22,Minnesota,Minneapolis,S 5th Ave and E 29th St,0,1,0,0,0,N/A
2450746,1-Nov-22,Minnesota,Saint Paul,Preble St and Minnehaha Ave E,0,0,1,0,0,N/A
2450230,1-Nov-22,Minnesota,Saint Paul (North Saint Paul),2300 block of Shoshone Rd,1,0,0,0,0,N/A
2450244,1-Nov-22,Minnesota,Minneapolis,2500 block of Ogema Pl,0,1,0,0,0,N/A
2450491,1-Nov-22,Minnesota,Minneapolis,3219 Penn Ave N,0,2,0,0,0,N/A
2450720,1-Nov-22,Minnesota,Minneapolis,3300 block of Penn Ave N,0,1,0,0,0,N/A
2447967,29-Oct-22,Minnesota,Saint Paul,Rice St and Como Ave,0,1,0,0,0,N/A
2447965,29-Oct-22,Minnesota,Minneapolis,N/A,0,1,0,0,0,N/A
2447941,29-Oct-22,Minnesota,Minneapolis,E Hennepin Ave and 4th St SE,0,2,0,0,0,N/A
2447510,28-Oct-22,Minnesota,Minneapolis,2200 block of E Lake St,0,3,0,0,0,N/A
2447561,28-Oct-22,Minnesota,Minneapolis,800 block of Portland Ave,0,1,0,0,0,N/A
2447962,28-Oct-22,Minnesota,Minneapolis,I-35 and Lake St,0,1,0,0,0,N/A
2447938,28-Oct-22,Minnesota,Minneapolis,2711 15th Ave S,1,0,0,0,0,N/A
2447570,27-Oct-22,Minnesota,Minneapolis,1800 block of 14th Ave S,0,1,0,0,0,N/A
2447535,27-Oct-22,Minnesota,Saint Paul,740 Rose Ave W,0,0,0,0,1,N/A
2446968,27-Oct-22,Minnesota,Minneapolis,N 26th Ave and Penn Ave N,0,1,0,0,0,N/A
2447520,27-Oct-22,Minnesota,Minneapolis (Brooklyn Park),5521 Brookdale Dr N,0,1,0,0,0,N/A
2446299,26-Oct-22,Minnesota,Minneapolis,1818 Lowry Ave N,0,1,0,0,0,N/A
2447528,26-Oct-22,Minnesota,Saint Cloud,N/A,0,0,0,0,1,N/A
2449514,26-Oct-22,Minnesota,Merrifield,N/A,1,0,0,0,1,N/A
2445983,26-Oct-22,Minnesota,Minneapolis,2000 block of E Franklin Ave,0,1,0,0,0,N/A
2445822,26-Oct-22,Minnesota,Saint Paul,800 block Burr St N,0,1,0,0,0,N/A
2445897,25-Oct-22,Minnesota,Saint Paul,500 block of Grotto St,0,1,0,0,0,N/A
2445229,25-Oct-22,Minnesota,Minneapolis,38th Ave N and N 6th St,0,1,0,0,0,N/A
2443804,24-Oct-22,Minnesota,Minneapolis,E Franklin Ave and Chicago Ave,0,1,0,0,0,N/A
2444181,24-Oct-22,Minnesota,Saint Cloud,455 Lincoln Ave NE,1,0,0,0,1,N/A
2443437,23-Oct-22,Minnesota,Minneapolis,N/A,0,1,0,0,0,N/A
2443432,23-Oct-22,Minnesota,Minneapolis,S 4th St and Hennepin Ave,0,1,0,0,0,N/A
2443190,22-Oct-22,Minnesota,Minneapolis,2200 block of 5th Ave N,0,1,0,0,0,N/A
2443708,22-Oct-22,Minnesota,Minneapolis (Brooklyn Park),8001 109th Ave N,0,1,0,0,0,N/A
2445296,22-Oct-22,Minnesota,Hills,N/A,0,1,0,0,0,N/A
2443509,22-Oct-22,Minnesota,Minneapolis,3330 block of N Colfax Ave,0,2,0,0,0,N/A
2443192,22-Oct-22,Minnesota,Minneapolis,3800 block of Penn Ave N,0,1,0,0,0,N/A
2442469,21-Oct-22,Minnesota,Minneapolis,N Girard Ave and N 27th Ave,0,1,0,0,0,N/A
2442462,21-Oct-22,Minnesota,Minneapolis,3100 block of Park Ave,0,1,0,0,0,N/A
2442465,21-Oct-22,Minnesota,Minneapolis,34th Ave N and N Morgan Ave,0,1,0,0,0,N/A
2442294,20-Oct-22,Minnesota,Princeton,410 6th Ave S,0,1,0,0,1,N/A
2445145,19-Oct-22,Minnesota,Saint Paul,1100 block of Sims Ave,0,1,0,0,0,N/A
2441181,19-Oct-22,Minnesota,Minneapolis,W Lake St and Lyndale Ave S,0,1,0,0,0,N/A
2440840,17-Oct-22,Minnesota,Byron,5000 block of 80th Ave SW,0,1,0,0,0,N/A
2438949,16-Oct-22,Minnesota,Minneapolis,1300 Lagoon Ave,1,0,0,0,0,N/A
2437925,15-Oct-22,Minnesota,Saint Paul,1500 block of University Ave W,0,2,0,0,0,N/A
2437712,14-Oct-22,Minnesota,Minneapolis,N 26th Ave and Penn Ave N,0,1,0,0,0,N/A
2437000,13-Oct-22,Minnesota,Minneapolis,Nicollet Ave and W 14th St,0,1,0,0,0,N/A
2435556,11-Oct-22,Minnesota,Saint Paul,Grotto St N and Edmund Ave W,1,0,0,0,0,N/A
2434201,10-Oct-22,Minnesota,Minneapolis,2900 block of Oliver Ave N,0,1,0,0,1,N/A
2434500,10-Oct-22,Minnesota,Saint Paul,100 block of York Ave,1,0,0,0,1,N/A
2434825,10-Oct-22,Minnesota,Minneapolis,2738 Pillsbury Ave,0,1,0,0,0,N/A
2434176,9-Oct-22,Minnesota,Minneapolis,400 block of N Oliver Ave,0,1,0,0,0,N/A
2433918,9-Oct-22,Minnesota,Minneapolis,3100 block of N Morgan Ave,0,1,0,0,0,N/A
2434445,9-Oct-22,Minnesota,Motley,N/A,1,0,0,0,0,N/A
2433912,9-Oct-22,Minnesota,Saint Paul,1800 block of Summit Ave,0,1,0,0,0,N/A
2436842,8-Oct-22,Minnesota,Duluth,100 block of W 1st St,0,1,0,0,1,N/A
2433585,8-Oct-22,Minnesota,Minneapolis,2500 block of Golden Valley Rd,0,0,0,0,0,N/A
2434441,7-Oct-22,Minnesota,Saint Paul,974 7th St W,0,1,0,0,0,N/A
2431637,6-Oct-22,Minnesota,Minneapolis,N Morgan Ave and N 30th Ave,1,0,0,0,1,N/A
2432590,6-Oct-22,Minnesota,Minneapolis (Coon Rapids),2340 Northdale Blvd NW,0,0,0,0,4,N/A
2441762,6-Oct-22,Minnesota,Minneapolis,424 Hennepin Ave,0,1,0,0,0,N/A
2430776,5-Oct-22,Minnesota,Minneapolis,N/A,0,1,0,0,0,N/A
2430781,4-Oct-22,Minnesota,Minneapolis,2300 block of N 26th Ave,0,1,0,0,0,N/A
2429511,3-Oct-22,Minnesota,Kenyon,Kenyon Blvd,0,1,0,0,0,N/A
2429237,3-Oct-22,Minnesota,Minneapolis,2600 block of Fremont Ave N,1,0,0,0,0,N/A
2429172,3-Oct-22,Minnesota,Minneapolis,2900 block of N Oliver Ave,0,1,0,0,1,N/A
2429175,3-Oct-22,Minnesota,Minneapolis,3000 block of Lyndale Ave S,0,1,0,0,0,N/A
2429168,3-Oct-22,Minnesota,Minneapolis,2400 block of N Vincent Ave,0,2,0,0,0,N/A
2428896,2-Oct-22,Minnesota,Minneapolis,916 W Broadway Ave,0,2,0,0,0,N/A
2428069,1-Oct-22,Minnesota,Minneapolis,N 2nd St and W Broadway Ave,0,1,0,0,0,N/A
2428670,1-Oct-22,Minnesota,Minneapolis,400 block of W Broadway Ave,0,1,0,0,0,N/A
2427863,30-Sep-22,Minnesota,North Branch,6600 block of Oak Ridge Ct,0,0,0,1,0,N/A
2426266,28-Sep-22,Minnesota,Minneapolis,Chicago Ave and S 2nd St,0,1,0,0,0,N/A
2426798,28-Sep-22,Minnesota,Minneapolis,700 block of N Washington Ave,0,1,0,0,0,N/A
2426766,28-Sep-22,Minnesota,Minneapolis (Brooklyn Park),7800 block of Tessman Dr,1,0,0,0,0,N/A
2425911,28-Sep-22,Minnesota,Saint Paul,619 Lafayette Rd,0,2,0,0,0,N/A
2425528,27-Sep-22,Minnesota,Saint Paul,1300 block of Whitebear Ave,0,1,0,0,0,N/A
2425181,27-Sep-22,Minnesota,Minneapolis,621 N 29th Ave,0,1,0,0,0,N/A
2426273,27-Sep-22,Minnesota,Detroit Lakes,25395 County Highway 6,1,0,1,0,0,N/A
2425029,27-Sep-22,Minnesota,Minneapolis,4100 block of 4th Ave S,1,0,0,0,0,N/A
2425073,27-Sep-22,Minnesota,Minneapolis,12th Ave S and E Lake St,0,1,0,0,0,N/A
2425031,27-Sep-22,Minnesota,Minneapolis,2900 block of N Colfax Ave,0,2,0,0,0,N/A
2425052,27-Sep-22,Minnesota,Minneapolis,2600 block of N Newton Ave,0,1,0,0,0,N/A
2424563,26-Sep-22,Minnesota,Minneapolis,2500 block of 18th Ave S,0,1,0,0,0,N/A
2424572,26-Sep-22,Minnesota,Minneapolis,N 27th Ave and N Aldrich Ave,0,1,0,0,0,N/A
2424245,26-Sep-22,Minnesota,Saint Paul,1500 block of Fellows Ln,0,1,0,0,1,N/A
2424163,26-Sep-22,Minnesota,Minneapolis,E 29th St and Bloomington Ave,0,1,0,0,0,N/A
2423521,25-Sep-22,Minnesota,Minneapolis,14th Ave S and E Lake St,0,1,0,0,0,N/A
2582863,24-Sep-22,Minnesota,Minneapolis (Blaine),585 Northtown Dr NE,0,1,0,0,1,N/A
2423534,24-Sep-22,Minnesota,Saint Paul,1600 White Bear Ave,0,3,0,0,0,N/A
2424063,24-Sep-22,Minnesota,Inver Grove Heights,2133 78th Ct E,1,0,0,0,1,N/A
2422490,23-Sep-22,Minnesota,Minneapolis,2600 block of N Oliver Ave,0,1,0,0,0,N/A
2422470,23-Sep-22,Minnesota,Minneapolis (Richfield),401 W 70th St,0,1,0,0,1,N/A
2421625,22-Sep-22,Minnesota,Minneapolis,W Broadway Ave and Fremont Ave N,0,3,0,0,0,N/A
2421530,22-Sep-22,Minnesota,Minneapolis,1845 Nicollet Ave,1,0,0,0,1,N/A
2421014,21-Sep-22,Minnesota,Minneapolis,3300 block of N 2nd St,0,1,0,0,0,N/A
2420572,21-Sep-22,Minnesota,Minneapolis,N/A,0,1,0,0,0,N/A
2420693,20-Sep-22,Minnesota,Mankato,1351 S Riverfront Dr,0,1,0,0,0,N/A
2545273,20-Sep-22,Minnesota,Winthrop,54000 block of 266th St,1,0,0,0,1,N/A
2420010,20-Sep-22,Minnesota,Minneapolis,3473 5th St NE,1,0,0,1,0,N/A
2418865,18-Sep-22,Minnesota,Saint Cloud,11th St S and 6th Ave S,0,1,0,0,0,N/A
2417732,18-Sep-22,Minnesota,Minneapolis,1618 Harmon Pl,1,0,0,0,1,N/A
2416867,17-Sep-22,Minnesota,Minneapolis,408 Hennepin Ave,0,1,0,0,1,N/A
2418529,17-Sep-22,Minnesota,Faribault,3rd Ave NE,0,0,0,1,1,N/A
2417069,17-Sep-22,Minnesota,Minneapolis,1845 Nicollet Ave,0,1,0,0,1,N/A
2416762,17-Sep-22,Minnesota,Minneapolis,Hennepin Ave and N 8th St,0,5,0,0,0,N/A
2417734,17-Sep-22,Minnesota,Minneapolis,E 54th St and Nokomis Ave,0,1,0,0,0,N/A
2416448,16-Sep-22,Minnesota,Mankato,115 Echo St,0,1,0,0,0,N/A
2416779,16-Sep-22,Minnesota,Minneapolis,1700 Girard Ave N,0,0,0,0,0,N/A
2415272,14-Sep-22,Minnesota,Minneapolis (Fridley),6500 block of NE Central Ave,0,1,0,0,0,N/A
2414551,13-Sep-22,Minnesota,Duluth,100 block of E 3rd St,0,2,0,0,0,N/A
2414185,13-Sep-22,Minnesota,Minneapolis,1800 block of Elliot Ave,0,1,0,0,0,N/A
2412908,12-Sep-22,Minnesota,Minneapolis,26th Ave N and Fremont Ave N,0,1,0,0,0,N/A
2412890,12-Sep-22,Minnesota,Minneapolis,2300 block of Ferrant Pl,0,1,0,0,0,N/A
2413633,12-Sep-22,Minnesota,Saint Paul,1000 block of Mounds Blvd,0,1,0,0,1,N/A
2412430,11-Sep-22,Minnesota,Minneapolis,N 39th Ave and N Girard Ave,0,1,0,0,0,N/A
2412419,11-Sep-22,Minnesota,Duluth,602 E 4th St,0,1,0,0,1,N/A
2412602,11-Sep-22,Minnesota,Minneapolis,E 21st St and Elliot Ave,0,2,0,0,0,N/A
2412209,10-Sep-22,Minnesota,Minneapolis (Brooklyn Park),1480 85th Ave N,0,1,0,0,0,N/A
2411090,9-Sep-22,Minnesota,Minneapolis,N/A,0,1,0,0,0,N/A
2410832,9-Sep-22,Minnesota,Saint Paul,2000 block of Creekside Way,0,1,0,0,0,N/A
2410720,9-Sep-22,Minnesota,Minneapolis,1429 Washington Ave S,1,1,0,2,2,N/A
2411901,9-Sep-22,Minnesota,Minneapolis,328 W Broadway Ave,1,3,0,0,0,N/A
2410839,8-Sep-22,Minnesota,Saint Paul,Arlington Ave E and Arkwright St N,0,1,0,0,0,N/A
2410704,8-Sep-22,Minnesota,Minneapolis,626 W Broadway Ave,0,4,0,0,0,N/A
2410714,8-Sep-22,Minnesota,Minneapolis,Knox Ave N and Plymouth Ave N,1,0,0,0,0,N/A
2409154,7-Sep-22,Minnesota,Minneapolis,5750 S 34th Ave,0,1,0,0,0,N/A
2408849,6-Sep-22,Minnesota,Avon,I-94,0,1,0,0,1,N/A
2409918,6-Sep-22,Minnesota,Hinckley,Lake Alma Rd,1,0,0,0,1,N/A
2408019,6-Sep-22,Minnesota,Minneapolis (Brooklyn Center),54th Ave N and N Logan Ave,0,1,0,0,0,N/A
2408142,6-Sep-22,Minnesota,Minneapolis,2501 Lyndale Ave S,0,1,0,0,0,N/A
2408420,6-Sep-22,Minnesota,Minneapolis,600 block of 23rd Ave NE,0,1,0,0,0,N/A
2407464,5-Sep-22,Minnesota,Minneapolis,N/A,0,1,0,0,0,N/A
2407441,5-Sep-22,Minnesota,Saint Paul,Como Ave and Snelling Ave,0,1,0,0,0,N/A
2406597,4-Sep-22,Minnesota,Saint Paul,951 Case Ave E,3,2,0,0,1,N/A
2406447,4-Sep-22,Minnesota,Lakeville,19100 block of Orchard Tr,0,1,0,0,0,N/A
2406157,4-Sep-22,Minnesota,Minneapolis,2600 block of Emerson Ave N,0,1,0,0,0,N/A
2405807,3-Sep-22,Minnesota,Minneapolis,Hennepin Ave and Lagoon Ave,0,2,0,0,0,N/A
2405810,3-Sep-22,Minnesota,Saint Paul,1000 block of Bush Ave,0,1,0,0,1,N/A
2406155,3-Sep-22,Minnesota,Saint Paul,1265 Snelling Ave N,0,1,0,0,0,N/A
2405141,2-Sep-22,Minnesota,Minneapolis,2900 block of 12th Ave S,0,1,0,0,0,N/A
2405020,2-Sep-22,Minnesota,Minneapolis,700 W Broadway Ave,0,4,0,0,0,N/A
2404208,1-Sep-22,Minnesota,Saint Paul,925 Grand Ave,0,1,0,0,0,N/A
2403962,1-Sep-22,Minnesota,Winona,850 block of E 12th St,1,0,0,0,0,N/A
2404216,1-Sep-22,Minnesota,Wyoming,26000 block of Finley Ave,1,1,0,0,0,N/A
2403915,31-Aug-22,Minnesota,Saint Paul,Manitoba Ave W and Rice St,1,0,0,0,0,N/A
2403267,31-Aug-22,Minnesota,Minneapolis,1700 block of E Lake St,0,2,0,0,0,N/A
2403282,31-Aug-22,Minnesota,Minneapolis,626 W Broadway Ave,0,1,0,0,0,N/A
2403273,31-Aug-22,Minnesota,Minneapolis,3000 block of Pleasant Ave,0,2,0,0,0,N/A
2402258,30-Aug-22,Minnesota,Minneapolis,S 10th St and Portland Ave,0,1,0,0,0,N/A
2400857,29-Aug-22,Minnesota,Minneapolis,2425 Cole Ave SE,1,0,0,0,1,N/A
2401387,29-Aug-22,Minnesota,Saint Paul,University Ave W and Western Ave N,0,2,0,0,0,N/A
2400325,28-Aug-22,Minnesota,Minneapolis,319 N 1st Ave N,0,1,0,0,0,N/A
2400317,28-Aug-22,Minnesota,Minneapolis,3000 block of Park Ave,0,1,0,0,0,N/A
2400309,28-Aug-22,Minnesota,Minneapolis,3500 block of Zenith Ave S,0,1,0,0,0,N/A
2399996,27-Aug-22,Minnesota,Saint Paul,S Dale St and Grand Ave,0,1,0,0,0,N/A
2398792,26-Aug-22,Minnesota,Saint Paul,1000 block of Hancock St,0,1,0,0,0,N/A
2398437,25-Aug-22,Minnesota,Saint Paul (Vadnais Heights),600 block of Belland Ave,0,1,0,0,1,N/A
2397400,24-Aug-22,Minnesota,Cass Lake,Facility Center Dr,0,1,0,0,0,N/A
2396346,23-Aug-22,Minnesota,Minneapolis,2300 block of Hennepin Ave,0,1,0,0,0,N/A
2395194,22-Aug-22,Minnesota,Eden Prairie,8301 Flying Cloud Dr,1,0,0,0,0,N/A
2395181,22-Aug-22,Minnesota,Minneapolis,E 24th St and 18th Ave S,0,1,0,0,0,N/A
2394096,21-Aug-22,Minnesota,Minneapolis,51st Ave N and N Bryant Ave,0,1,0,0,0,N/A
2557541,21-Aug-22,Minnesota,Saint Paul,655 Payne Ave,0,1,0,0,1,N/A
2393751,21-Aug-22,Minnesota,Minneapolis,N 26th Ave and N Irving Ave,0,1,0,0,0,N/A
2394400,21-Aug-22,Minnesota,Minneapolis,5114 North Mississippi Dr,0,2,0,0,0,N/A
2392325,19-Aug-22,Minnesota,Minneapolis,2200 block of 10th Ave S,0,1,0,1,0,N/A
2391402,18-Aug-22,Minnesota,Saint Paul,700 block of Sherburne Ave,0,1,0,0,1,N/A
2391473,18-Aug-22,Minnesota,Saint Paul,2200 block of Hillsdale Ave,0,1,0,0,0,N/A
2392341,18-Aug-22,Minnesota,Saint Paul,Milford St and Albemarle St,0,1,0,0,0,N/A
2391405,18-Aug-22,Minnesota,Rochester,1500 block of 10th St SE,0,1,0,0,0,N/A
2390691,17-Aug-22,Minnesota,Minneapolis,626 W Broadway Ave,0,1,0,0,0,N/A
2393443,17-Aug-22,Minnesota,Saint Paul,700 block of Sherburne Ave,0,1,0,0,1,N/A
2389669,16-Aug-22,Minnesota,Saint Paul,2000 block of California Ave E,1,0,1,0,0,N/A
2389721,16-Aug-22,Minnesota,Minneapolis,1410 Nicollet Ave,0,1,0,0,0,N/A
2389195,15-Aug-22,Minnesota,Saint Paul,738 Thomas Ave,0,1,0,0,0,N/A
2387264,14-Aug-22,Minnesota,Minneapolis,3744 Chicago Ave,1,1,0,0,0,N/A
2387288,14-Aug-22,Minnesota,Minneapolis,N/A,0,1,0,0,0,N/A
2387279,14-Aug-22,Minnesota,Minneapolis,Hennepin Ave and Lagoon Ave,0,1,0,0,0,N/A
2388058,14-Aug-22,Minnesota,Rochester,6251 20th St SE,0,1,0,0,0,N/A
2387573,14-Aug-22,Minnesota,Saint Paul (Apple Valley),13001 Pennock Ave,0,1,0,0,0,N/A
2387564,14-Aug-22,Minnesota,Minneapolis,4655 46th Ave S,0,1,0,0,0,N/A
2387247,13-Aug-22,Minnesota,Minneapolis (Brooklyn Park),8108 Zane Ave N,0,1,0,0,0,N/A
2385818,11-Aug-22,Minnesota,Minneapolis,2000 block of E Franklin Ave,0,1,0,0,0,N/A
2384130,10-Aug-22,Minnesota,Minneapolis,400 block of Cedar Ave,0,2,0,0,0,N/A
2383844,10-Aug-22,Minnesota,Minneapolis,523 W Broadway Ave,0,1,0,0,0,N/A
2384165,10-Aug-22,Minnesota,Minneapolis,Nicollet Mall and S 9th St,1,0,0,0,1,N/A
2527789,9-Aug-22,Minnesota,Moorhead,3300 block of 35th St S,0,1,0,0,0,N/A
2383318,9-Aug-22,Minnesota,Albert Lea,75463 160th St,1,0,0,0,1,N/A
2383167,9-Aug-22,Minnesota,Minneapolis,E 21st St and S 15th Ave,0,1,0,0,0,N/A
2383186,9-Aug-22,Minnesota,Minneapolis,1100 block of James Ave N,0,1,0,0,0,N/A
2383586,9-Aug-22,Minnesota,Minneapolis,2400 block of Bryant Ave N,0,2,0,0,0,N/A
2381313,7-Aug-22,Minnesota,Minneapolis,1100 block of Logan Ave N,0,2,0,0,0,N/A
2381393,7-Aug-22,Minnesota,Minneapolis,95 S 10th St,1,0,0,0,1,N/A
2381050,7-Aug-22,Minnesota,Minneapolis,2800 block of Fremont Ave S,0,2,0,0,0,N/A
2380975,7-Aug-22,Minnesota,Elk River (Otsego),12300 block of 72nd Ct NE,0,0,1,0,0,N/A
2380969,7-Aug-22,Minnesota,Minneapolis,2200 Lyndale Ave S,0,1,0,0,0,N/A
2380971,7-Aug-22,Minnesota,Minneapolis,E 38th St and Chicago Ave,1,0,0,0,0,N/A
2380084,5-Aug-22,Minnesota,Saint Paul,180 block of W Wayzata St,0,1,0,0,0,N/A
2379859,5-Aug-22,Minnesota,Minneapolis,500 block of University Ave SE,0,1,0,0,0,N/A
2380054,5-Aug-22,Minnesota,Minneapolis,Lake St E and 17th Ave S,0,1,0,0,0,N/A
2378976,3-Aug-22,Minnesota,Minneapolis,1500 block of S Washington Ave,0,1,0,0,0,N/A
2377261,2-Aug-22,Minnesota,Minneapolis,W 29th St and Nicollet Ave,1,0,0,0,0,N/A
2377207,2-Aug-22,Minnesota,Minneapolis,Nicollet Mall and 5th St S,1,0,0,0,1,N/A
2376524,2-Aug-22,Minnesota,Minneapolis,2700 block of Russell Ave N,0,1,0,0,0,N/A
2376658,2-Aug-22,Minnesota,Minneapolis,600 block of W Broadway Ave,0,3,0,0,0,N/A
2376504,1-Aug-22,Minnesota,Minneapolis (Brooklyn Park),5805 73rd Ave N,1,0,0,0,0,N/A
2375433,1-Aug-22,Minnesota,Minneapolis,I-35W and E 28th St,0,3,0,0,0,N/A
2375169,31-Jul-22,Minnesota,Minneapolis (Brooklyn Center),5400 block of 68th Ave N,1,0,0,0,1,N/A
2374766,31-Jul-22,Minnesota,Saint Paul,300 block of Cedar St,0,1,0,0,0,N/A
2375182,31-Jul-22,Minnesota,Minneapolis,3900 block of Dupont Ave N,0,1,0,0,0,N/A
2375179,31-Jul-22,Minnesota,Minneapolis,49th Ave N and N Oliver Ave,0,1,0,0,0,N/A
2373652,30-Jul-22,Minnesota,Rochester,US-63 and US-52,0,0,1,0,0,N/A
2374656,30-Jul-22,Minnesota,Saint Paul,Maryland Ave E,0,1,0,0,0,N/A
2374647,30-Jul-22,Minnesota,Minneapolis,2300 block of Jefferson St NE,0,1,0,0,0,N/A
2374294,30-Jul-22,Minnesota,Saint Paul,1100 block of Barclay St,0,1,0,0,0,N/A
2374292,30-Jul-22,Minnesota,Minneapolis,700 NE Lowry Ave,0,1,0,0,0,N/A
2373852,29-Jul-22,Minnesota,Minneapolis,4100 block of Snelling Ave,1,0,0,0,0,N/A
2373385,28-Jul-22,Minnesota,Minneapolis,5500 block of Nicollet Ave,0,1,0,0,0,N/A
2372299,28-Jul-22,Minnesota,Minneapolis,330 N 1st Ave,1,2,0,0,1,N/A
2371726,27-Jul-22,Minnesota,Minneapolis,900 block of N Sheridan Ave,0,1,0,0,0,N/A
2371710,27-Jul-22,Minnesota,Minneapolis (Brooklyn Park),7900 block of Quail Ave N,0,1,0,0,0,N/A
2372347,27-Jul-22,Minnesota,Aitkin,N/A,1,0,0,0,1,N/A
2371379,27-Jul-22,Minnesota,Minneapolis,1100 block of 24th Ave N,0,1,0,0,0,N/A
2371738,27-Jul-22,Minnesota,Saint Paul,Cedar St and 5th St E,0,1,0,0,0,N/A
2371724,27-Jul-22,Minnesota,Minneapolis,N/A,0,1,0,0,0,N/A
2371716,27-Jul-22,Minnesota,Minneapolis,626 W Broadway Ave,0,1,0,0,0,N/A
2370164,26-Jul-22,Minnesota,Minneapolis,715 N Oliver Ave,1,0,0,0,0,N/A
2370650,26-Jul-22,Minnesota,Saint Paul,Sims Ave and Payne Ave,0,1,0,0,0,N/A
2370388,26-Jul-22,Minnesota,Janesville,N Main St and E 1st St,0,1,0,0,1,N/A
2369725,25-Jul-22,Minnesota,Minneapolis,E 19th St and Chicago Ave,0,1,0,0,0,N/A
2370188,25-Jul-22,Minnesota,Minneapolis (Brooklyn Park),7100 Zane Ave N,0,1,0,0,1,N/A
2369104,25-Jul-22,Minnesota,Minneapolis (Brooklyn Park),7900 block of Zane Ave N,0,1,0,0,0,N/A
2368196,24-Jul-22,Minnesota,Minneapolis,N/A,0,1,0,0,0,N/A
2370362,23-Jul-22,Minnesota,Minneapolis,S 7th St and Hennepin Ave,0,1,0,0,0,N/A
2368404,23-Jul-22,Minnesota,Minneapolis,1615 N Dowling Ave,0,1,0,0,0,N/A
2368205,23-Jul-22,Minnesota,Minneapolis,E 28th St and Minnehaha Ave,0,1,0,0,0,N/A
2366935,21-Jul-22,Minnesota,Minneapolis,N Dowling Ave and N Lyndale Ave,0,1,0,0,0,N/A
2365132,20-Jul-22,Minnesota,Minneapolis,616 45th Ave N,0,1,0,0,0,N/A
2364574,20-Jul-22,Minnesota,Minneapolis,2200 Lyndale Ave S,0,1,0,0,0,N/A
2364566,20-Jul-22,Minnesota,Minneapolis,1428 Nicollet Ave,0,1,0,0,0,N/A
2365971,19-Jul-22,Minnesota,New Ulm,1324 5th N St,1,0,0,0,0,N/A
2364785,19-Jul-22,Minnesota,Saint Cloud,800 block of 11th St S,0,1,0,0,0,N/A
2362298,17-Jul-22,Minnesota,Minneapolis,E 19th St and Nicollet Ave,0,2,0,0,0,N/A
2361799,17-Jul-22,Minnesota,Minneapolis,215 65th Ave N,0,1,0,0,0,N/A
2364725,16-Jul-22,Minnesota,Mankato,N 2nd St and E Mulberry St,0,1,0,0,1,N/A
2360991,16-Jul-22,Minnesota,Minneapolis,500 block of 1st Ave N,0,3,0,0,0,N/A
2365996,16-Jul-22,Minnesota,Minneapolis,N 21st Ave and N Bryant Ave,1,0,0,0,0,N/A
2360489,15-Jul-22,Minnesota,Minneapolis,90 Hennepin Ave,0,1,0,0,0,N/A
2361042,15-Jul-22,Minnesota,Minneapolis,Lowry Ave N and N Girard Ave,0,1,0,0,0,N/A
2361040,15-Jul-22,Minnesota,Minneapolis,N Emerson Ave and N 35th St,0,1,0,0,0,N/A
2360669,15-Jul-22,Minnesota,Minneapolis,Nicollet Ave and W 14th St,0,1,0,0,0,N/A
2359598,14-Jul-22,Minnesota,Minneapolis,904 21st Ave S,0,0,1,0,0,N/A
2359840,14-Jul-22,Minnesota,Minneapolis,Lowry Ave N and Penn Ave N,0,1,0,0,0,N/A
2359698,14-Jul-22,Minnesota,Duluth,800 block of E 2nd St,0,1,0,0,1,N/A
2358856,13-Jul-22,Minnesota,Minneapolis,1818 Lowry Ave N,0,4,0,0,0,N/A
2357662,12-Jul-22,Minnesota,Minneapolis,1200 Knox Ave N,0,1,0,0,0,N/A
2358103,12-Jul-22,Minnesota,South Saint Paul,500 block of 10th Ave S,0,1,0,0,1,N/A
2357145,11-Jul-22,Minnesota,Minneapolis,49th Ave N and Emerson Ave N,0,1,0,0,0,N/A
2355855,10-Jul-22,Minnesota,Saint Paul (Apple Valley),900 block of Oriole Dr,1,0,0,2,2,N/A
2355482,10-Jul-22,Minnesota,Minneapolis,2501 Cedar Ave S,1,0,0,0,1,N/A
2356086,10-Jul-22,Minnesota,Minneapolis,3000 block of S 15th Ave,0,2,0,0,0,N/A
2355529,10-Jul-22,Minnesota,Minneapolis,1900 block of Columbus Ave,0,1,0,0,0,N/A
2355484,9-Jul-22,Minnesota,Minneapolis,2400 block of 17th Ave S,0,1,0,0,0,N/A
2351978,6-Jul-22,Minnesota,Minneapolis,E 26th St and 17th Ave S,0,1,0,0,0,N/A
2352651,6-Jul-22,Minnesota,Saint Paul,1080 Maryland Ave,0,1,0,0,1,N/A
2352349,6-Jul-22,Minnesota,Saint Cloud,6th Ave S and 11th St S,0,4,0,0,3,N/A
2351158,5-Jul-22,Minnesota,Minneapolis,3900 block of S 5th Ave,0,2,0,0,0,N/A
2350189,5-Jul-22,Minnesota,Saint Paul,Como Ave and Rice St,0,2,0,0,0,N/A
2352024,5-Jul-22,Minnesota,Minneapolis,2nd St and 11th Ave S,0,1,0,0,0,N/A
2351011,5-Jul-22,Minnesota,Minneapolis,10 E 18th St,1,1,0,0,0,N/A
2351961,5-Jul-22,Minnesota,Minneapolis (Brooklyn Park),5800 block of 73rd Ave N,0,1,0,0,0,N/A
2351366,5-Jul-22,Minnesota,Minneapolis,E Lake St and S 15th Ave,0,1,0,0,0,N/A
2350033,4-Jul-22,Minnesota,Minneapolis,724 Sibley St NE,0,7,0,0,0,N/A
2350147,4-Jul-22,Minnesota,Minneapolis,1800 block of Nicollet Ave,0,2,0,0,0,N/A
2349459,4-Jul-22,Minnesota,Minneapolis,1300 block of N Irving Ave,0,2,0,0,0,N/A
2349116,4-Jul-22,Minnesota,Minneapolis,500 E Lake St,0,1,0,0,0,N/A
2347596,3-Jul-22,Minnesota,Minneapolis,5th St SE and 14th Ave SE,0,2,0,0,0,N/A
2347592,3-Jul-22,Minnesota,Minneapolis,N/A,0,1,0,0,0,N/A
2347590,3-Jul-22,Minnesota,Minneapolis,N/A,0,1,0,0,0,N/A
2347585,2-Jul-22,Minnesota,Duluth,N 16th Ave E and E 1st St,1,0,0,0,1,N/A
2347146,1-Jul-22,Minnesota,Minneapolis,2700 block of Emerson Ave N,0,1,0,0,0,N/A
2346170,1-Jul-22,Minnesota,Minneapolis,E 38th St and 4th Ave S,0,1,0,0,0,N/A
2346060,1-Jul-22,Minnesota,Saint Paul,600 block of Dale St N,1,0,0,0,1,N/A
2351375,1-Jul-22,Minnesota,Saint Paul (Maplewood),1316 Pearson Dr,1,0,0,0,0,N/A
2344768,30-Jun-22,Minnesota,Minneapolis,800 block of Hennepin Ave,0,1,0,0,0,N/A
2343891,29-Jun-22,Minnesota,Minneapolis,E 24th St and 14th Ave S,0,1,0,0,0,N/A
2343896,28-Jun-22,Minnesota,Minneapolis,1300 block of NE 2nd St,0,1,0,0,0,N/A
2343588,28-Jun-22,Minnesota,Saint Paul (Oakdale),5677 Hadley Avenue N,0,1,0,0,0,N/A
2343907,28-Jun-22,Minnesota,Minneapolis,N Lyndale Ave and N 18th Ave,0,2,0,0,0,N/A
2341619,27-Jun-22,Minnesota,Minneapolis,2613 Stevens Ave,1,0,0,0,1,N/A
2342880,27-Jun-22,Minnesota,Saint Paul,1500 block of N Woodbridge St,0,1,0,0,0,N/A
2341635,27-Jun-22,Minnesota,Minneapolis,Golden Valley Rd and Russell Ave N,0,1,0,0,0,N/A
2343019,27-Jun-22,Minnesota,Minneapolis (Brooklyn Park),7100 block of 72nd Ln N,0,1,0,0,0,N/A
2340628,26-Jun-22,Minnesota,Minneapolis,N 8th St and Hennepin Ave,0,1,0,0,0,N/A
2340358,25-Jun-22,Minnesota,Minneapolis,Lowry Ave N and N Aldrich Ave,1,0,0,0,0,N/A
2340378,25-Jun-22,Minnesota,Minneapolis,24 8th St S,0,1,0,0,0,N/A
2340347,25-Jun-22,Minnesota,Minneapolis,SE Main St and 6th Ave SE,0,4,0,0,0,N/A
2342890,25-Jun-22,Minnesota,Minneapolis,E Lake St and Bloomington Ave,0,1,0,0,0,N/A
2339445,23-Jun-22,Minnesota,Wadena (county),N/A,0,1,0,0,0,N/A
2337275,22-Jun-22,Minnesota,Minneapolis,920 E Lake St,0,1,0,0,0,N/A
2337755,22-Jun-22,Minnesota,Saint Michael,599 Central Ave,0,0,0,1,0,N/A
2337113,22-Jun-22,Minnesota,Minneapolis,5700 block of 33rd Ave S,0,1,0,0,0,N/A
2338346,22-Jun-22,Minnesota,Duluth,300 block of S Lake Ave,0,1,0,0,2,N/A
2336302,21-Jun-22,Minnesota,Minneapolis,4100 block of Pillsbury Ave,0,1,0,0,0,N/A
2336783,21-Jun-22,Minnesota,Saint Paul,Morton St W and Hall Ave,0,1,0,0,0,N/A
2334667,19-Jun-22,Minnesota,Minneapolis,528 Hennepin Ave,0,1,0,0,0,N/A
2334671,19-Jun-22,Minnesota,Minneapolis,501 E Hennepin Ave,0,1,0,0,0,N/A
2334664,19-Jun-22,Minnesota,Minneapolis,N/A,0,1,0,0,0,N/A
2335579,19-Jun-22,Minnesota,Minneapolis (Brooklyn Park),83rd Ave N and Kentucky Ave N,0,1,0,0,0,N/A
2334195,18-Jun-22,Minnesota,Duluth,113 W 1st St,0,1,0,0,0,N/A
2334830,18-Jun-22,Minnesota,Minneapolis,4100 block of Chicago Ave,0,1,0,0,0,N/A
2334801,18-Jun-22,Minnesota,Minneapolis,W 24th St and Lyndale Ave S,0,1,0,0,0,N/A
2333533,17-Jun-22,Minnesota,Saint Paul,1000 Otto Ave,0,3,0,0,0,N/A
2333624,17-Jun-22,Minnesota,Minneapolis (Brooklyn Center),5400 block of N Queen Ave,0,1,0,0,1,N/A
2332732,16-Jun-22,Minnesota,Minneapolis,Lowry Ave N and N Logan Ave,0,1,0,0,0,N/A
2332739,16-Jun-22,Minnesota,Minneapolis,1818 Lowry Ave N,0,1,0,0,1,N/A
2331534,15-Jun-22,Minnesota,Minneapolis,115 S 4th St,0,1,0,0,0,N/A
2330744,14-Jun-22,Minnesota,Minneapolis,3000 block of N Bryant Ave,0,1,0,0,0,N/A
2330034,14-Jun-22,Minnesota,Minneapolis,1309 Girard Ave N,1,0,0,0,1,N/A
2330003,13-Jun-22,Minnesota,Minneapolis,2100 block of Aldrich Ave N,0,1,0,0,0,N/A
2329153,12-Jun-22,Minnesota,Minneapolis,4401 Nicollet Ave,0,1,0,0,0,N/A
2328152,11-Jun-22,Minnesota,Minneapolis,1500 block of Nicollet Ave,1,1,0,0,0,N/A
2328159,11-Jun-22,Minnesota,Minneapolis (Brooklyn Park),6282 Boone Ave N,0,2,0,0,0,N/A
2327239,10-Jun-22,Minnesota,Saint Paul,899 Rice St,0,1,0,0,0,N/A
2327233,10-Jun-22,Minnesota,Minneapolis,Pratt St and W Minnehaha Pkwy,1,0,0,0,0,N/A
2328577,9-Jun-22,Minnesota,Osseo,317 2nd Ave NW,0,0,0,0,1,N/A
2326885,9-Jun-22,Minnesota,Minneapolis (Plymouth),9605 36th Ave N,1,0,0,0,1,N/A
2326945,9-Jun-22,Minnesota,Minneapolis,1800 block of N Sheridan Ave,1,0,0,0,0,N/A
2326892,8-Jun-22,Minnesota,Minneapolis (Brooklyn Center),6500 N Humboldt Ave,0,0,0,0,2,N/A
2324470,8-Jun-22,Minnesota,Minneapolis,E 32nd St and Bloomington Ave S,0,1,0,0,0,N/A
2322705,6-Jun-22,Minnesota,Minneapolis,2400 Nicollet Ave,0,1,0,0,0,N/A
2322904,6-Jun-22,Minnesota,Minneapolis (Coon Rapids),9401 Springbrook Dr NW,2,1,0,0,0,N/A
2322989,6-Jun-22,Minnesota,Minneapolis,1900 block of 4th Ave S,0,1,0,0,0,N/A
2322056,5-Jun-22,Minnesota,Minneapolis,1122 Lowry Ave N,0,1,0,0,0,N/A
2321879,5-Jun-22,Minnesota,Minneapolis,1382 Willow St,1,0,0,0,0,N/A
2322050,5-Jun-22,Minnesota,Minneapolis,23rd Ave N and N Sheridan Ave,0,1,0,0,0,N/A
2321926,5-Jun-22,Minnesota,Minneapolis,2300 block of N Emerson Ave,0,1,0,0,0,N/A
2322538,5-Jun-22,Minnesota,Saint Cloud,805 13th St S,0,2,0,0,0,N/A
2321226,4-Jun-22,Minnesota,Saint Paul,Arundel St and Aurora Ave,0,1,0,0,2,N/A
2321930,4-Jun-22,Minnesota,Minneapolis (Brooklyn Park),6400 block of Zane Ave N,0,1,0,0,0,N/A
2321212,4-Jun-22,Minnesota,Minneapolis (Columbia Heights),4700 block of NE Central Ave,0,1,0,0,1,N/A
2321210,4-Jun-22,Minnesota,Minneapolis,2500 block of Cedar Ave S,1,0,0,0,0,N/A
2320448,4-Jun-22,Minnesota,Minneapolis,N 37th Ave and Penn Ave N,0,2,0,0,0,N/A
2323592,3-Jun-22,Minnesota,Medford,217 1st St NW,1,0,1,0,0,N/A
2321130,3-Jun-22,Minnesota,Pine Point,N/A,0,1,0,0,0,N/A
2320437,3-Jun-22,Minnesota,Minneapolis,1721 University Ave SE,0,1,0,0,0,N/A
2321026,3-Jun-22,Minnesota,Saint Paul,721 E 7th St,1,0,0,0,0,N/A
2319903,3-Jun-22,Minnesota,Minneapolis,800 block of Hennepin Ave,0,1,0,0,1,N/A
2320442,3-Jun-22,Minnesota,Minneapolis,700 W Broadway Ave,0,1,0,0,0,N/A
2319304,2-Jun-22,Minnesota,Grand Rapids,800 NW Conifer Dr,0,0,0,0,1,N/A
2319969,2-Jun-22,Minnesota,Minneapolis,Penn Ave N and W Broadway Ave,0,2,0,0,0,N/A
2319513,2-Jun-22,Minnesota,Minneapolis,3600 block of Penn Ave N,0,2,0,0,0,N/A
2319518,2-Jun-22,Minnesota,Minneapolis,421 W Broadway Ave,0,1,0,0,0,N/A
2319496,2-Jun-22,Minnesota,Minneapolis,Bloomington Ave S and 27th St E,0,1,0,0,0,N/A
2319525,2-Jun-22,Minnesota,Minneapolis,800 block of 24th Ave NE,0,1,0,0,0,N/A
2319547,1-Jun-22,Minnesota,Minneapolis,N/A,0,1,0,0,0,N/A
2319543,1-Jun-22,Minnesota,Saint Paul,100 block of Iowa Ave W,0,1,0,0,0,N/A
2319527,1-Jun-22,Minnesota,Minneapolis (Brooklyn Park),5800 block of 73rd Ave N,0,1,0,0,0,N/A
2318133,1-Jun-22,Minnesota,Minneapolis,800 block of Newton Ave N,0,2,0,0,0,N/A
2317896,1-Jun-22,Minnesota,Minneapolis,2800 Delaware St SE,0,1,0,0,0,N/A
2317550,31-May-22,Minnesota,Minneapolis,3100 block of N James Ave,0,1,0,0,0,N/A
2317548,31-May-22,Minnesota,Minneapolis,1600 Fremont Ave N,0,1,0,0,0,N/A
2317170,31-May-22,Minnesota,Morristown,100 block of 2nd St SE,1,0,0,0,1,N/A
2317545,31-May-22,Minnesota,Minneapolis,3800 block of N Sheridan Ave,0,1,0,0,0,N/A
2317695,30-May-22,Minnesota,Minneapolis (Brooklyn Center),5700 block of N Logan Ave,0,1,0,0,0,N/A
2316409,30-May-22,Minnesota,Minneapolis,3000 block of S 15th Ave,0,1,0,0,0,N/A
2317685,30-May-22,Minnesota,Minneapolis (Brooklyn Center),Earle Brown Dr and Summit Dr N,0,1,0,0,0,N/A
2316046,30-May-22,Minnesota,Minneapolis,400 block of N 29th Ave,0,1,0,0,0,N/A
2315721,29-May-22,Minnesota,Minneapolis,N 26th Ave and W Broadway Ave,0,1,0,0,0,N/A
2315747,29-May-22,Minnesota,Saint Paul,6th St E and Cedar St,0,1,0,1,2,N/A
2315724,29-May-22,Minnesota,Minneapolis,E 29th St and Bloomington Ave,0,1,0,0,0,N/A
2317620,28-May-22,Minnesota,Minneapolis,1900 block of S 7th St,0,1,0,0,0,N/A
2317138,28-May-22,Minnesota,Minneapolis,101 W Grant St,0,1,0,0,0,N/A
2314057,27-May-22,Minnesota,Minneapolis,3300 block of 40th Ave S,0,1,0,0,0,N/A
2315884,27-May-22,Minnesota,Karlstad,N/A,0,2,0,0,0,N/A
2314059,27-May-22,Minnesota,Minneapolis,N/A,0,1,0,0,0,N/A
2314064,27-May-22,Minnesota,Saint Paul,457 Central Ave W,0,1,0,0,0,N/A
2312101,25-May-22,Minnesota,Minneapolis,3111 Emerson Ave N,0,1,0,0,0,N/A
2312487,25-May-22,Minnesota,Minneapolis,800 block of E 38th St,0,1,0,0,0,N/A
2311385,24-May-22,Minnesota,Saint Cloud,1200 block of 10th Ave S,1,0,0,0,1,N/A
2310276,24-May-22,Minnesota,Minneapolis,2700 block of Bloomington Ave,0,1,0,0,0,N/A
2309961,23-May-22,Minnesota,Minneapolis,E Lake St and 14th Ave S,0,1,0,0,0,N/A
2310290,23-May-22,Minnesota,Minneapolis,N/A,0,1,0,0,0,N/A
2310284,23-May-22,Minnesota,Minneapolis,N Dowling Ave and N Lyndale Ave,0,1,0,0,0,N/A
2309320,23-May-22,Minnesota,Minneapolis,4320 N Newton Ave,0,0,0,0,0,N/A
2308714,22-May-22,Minnesota,Minneapolis,2200 block of N Ilion Ave,1,0,0,0,0,N/A
2308478,21-May-22,Minnesota,Minneapolis,N/A,0,1,0,0,0,N/A
2308261,21-May-22,Minnesota,Minneapolis,E Franklin Ave and Chicago Ave,0,1,0,0,1,N/A
2308469,21-May-22,Minnesota,Saint Paul,900 block of St Albans St N,0,1,0,0,0,N/A
2308275,21-May-22,Minnesota,Minneapolis,800 block of N Thomas Ave,0,1,0,0,0,N/A
2308471,21-May-22,Minnesota,Minneapolis (Brooklyn Park),5600 block of 69th Ave N,0,1,0,0,0,N/A
2308179,20-May-22,Minnesota,Minneapolis,800 block of Elwood Ave N,0,1,0,0,1,N/A
2307574,20-May-22,Minnesota,Saint Paul,Sherburne Ave and N Mackubin St,1,0,0,0,1,N/A
2309465,20-May-22,Minnesota,Mound,Shoreline Dr and Bartlett Blvd,1,0,0,0,1,N/A
2307577,20-May-22,Minnesota,Saint Paul,5th St E and Cedar St,1,0,0,0,1,N/A
2307572,19-May-22,Minnesota,Saint Paul,Matilda St and Maryland Ave W,1,0,0,0,0,N/A
2306950,19-May-22,Minnesota,Minneapolis (Robbinsdale),36th Ave N and Bottineau Blvd,2,0,0,0,0,N/A
2306012,18-May-22,Minnesota,Minneapolis,5100 block of N Bryant Ave,0,1,0,0,0,N/A
2305176,17-May-22,Minnesota,Minneapolis,1100 block of N Morgan Ave,0,1,0,0,0,N/A
2304826,17-May-22,Minnesota,Minneapolis,2125 Glenwood Ave,0,1,0,0,0,N/A
2303589,16-May-22,Minnesota,Hopkins,9904 Excelsior Blvd,0,1,0,0,1,N/A
2303287,16-May-22,Minnesota,Minneapolis,N/A,0,1,0,0,0,N/A
2303826,16-May-22,Minnesota,Minneapolis,916 W Broadway Ave,0,1,0,0,0,N/A
2304282,16-May-22,Minnesota,Saint Paul,1100 block of Virginia St,0,1,0,0,0,N/A
2302671,15-May-22,Minnesota,Minneapolis,13th Ave SE and SE Brook Ave,0,1,0,0,0,N/A
2302480,14-May-22,Minnesota,Minneapolis,Bryant Ave and Broadway Ave,2,0,0,0,0,N/A
2303602,14-May-22,Minnesota,Newport,1700 block of 8th Ave,0,1,0,0,2,N/A
2302483,14-May-22,Minnesota,Minneapolis (Edina),6200 block of France Ave,0,1,0,0,0,N/A
2301321,13-May-22,Minnesota,Minneapolis,5900 block of Diamond Lake Ln,0,1,0,0,0,N/A
2301312,13-May-22,Minnesota,Minneapolis,627 W Broadway Ave,0,1,0,0,0,N/A
2301305,13-May-22,Minnesota,Minneapolis,I-94 and W Broadway Ave,0,1,0,0,0,N/A
2301327,12-May-22,Minnesota,Minneapolis,N 26th Ave and N Oliver Ave,0,1,0,0,0,N/A
2300558,12-May-22,Minnesota,Minneapolis,4700 block of Lyndale Ave S,0,1,0,0,0,N/A
2312058,12-May-22,Minnesota,Hill City,200 block of N Pine St,1,0,0,0,1,N/A
2299322,11-May-22,Minnesota,Minneapolis,N/A,0,1,0,0,0,N/A
2298035,9-May-22,Minnesota,Minneapolis,N 26th Ave and N Irving Ave,0,1,0,0,0,N/A
2298661,9-May-22,Minnesota,Albert Lea,2000 Tiger Ln,0,0,0,0,1,N/A
2297337,8-May-22,Minnesota,South Saint Paul,1900 block of Conver Ave,1,0,0,0,1,N/A
2296998,8-May-22,Minnesota,Minneapolis,626 W Broadway Ave,0,2,0,0,0,N/A
2297509,8-May-22,Minnesota,Byron,5700 block of County Rd 105 NW,1,0,0,0,1,N/A
2296137,7-May-22,Minnesota,Minneapolis,801 W Lake St,0,2,0,0,0,N/A
2296620,7-May-22,Minnesota,Minneapolis,N 12th Ave and N Oliver Ave,0,1,0,0,0,N/A
2295731,5-May-22,Minnesota,Saint Paul,500 block of E Minnehaha Ave,0,1,0,0,0,N/A
2295728,5-May-22,Minnesota,Saint Paul,University Ave and Arundel St,0,2,0,0,0,N/A
2293988,4-May-22,Minnesota,Saint Paul,700 block of Edmund Ave,1,0,0,0,1,N/A
2294626,4-May-22,Minnesota,Duluth,11 E Superior St,0,0,0,0,1,N/A
2294730,4-May-22,Minnesota,Minneapolis,4600 block of N Lyndale Ave,0,1,0,0,0,N/A
2293743,3-May-22,Minnesota,Minneapolis (Brooklyn Park),Regent Ave and Brooklyn Blvd,0,1,0,0,3,N/A
2293183,2-May-22,Minnesota,Rochester,400 block of 11th St SE,0,1,0,0,2,N/A
2292881,2-May-22,Minnesota,Minneapolis,2700 block of Pillsbury Ave S,0,1,0,0,1,N/A
2291980,1-May-22,Minnesota,Albert Lea,1300 block of Louis St,0,1,0,0,1,N/A
2291685,1-May-22,Minnesota,Minneapolis,1000 block of 26th Ave SE,0,2,0,0,0,N/A
2293211,1-May-22,Minnesota,Minneapolis,N/A,0,1,0,0,0,N/A
2290777,29-Apr-22,Minnesota,Minneapolis,E Franklin Ave and Chicago Ave,0,1,0,0,0,N/A
2290768,29-Apr-22,Minnesota,Minneapolis,3300 block of N James Ave,1,0,0,0,0,N/A
2290595,29-Apr-22,Minnesota,Minneapolis,2400 block of N Emerson Ave,1,0,0,0,1,N/A
2292768,29-Apr-22,Minnesota,Wadena,32210 595th Ave,1,0,1,0,0,N/A
2290619,29-Apr-22,Minnesota,Minneapolis (Brooklyn Park),6601 Xylon Ave N,0,0,0,0,1,N/A
2290628,28-Apr-22,Minnesota,Minneapolis,2200 block of N James Ave,1,0,0,0,1,N/A
2290587,28-Apr-22,Minnesota,Bowlus,45th St and 110th Ave,0,0,1,1,0,N/A
2289432,27-Apr-22,Minnesota,Minneapolis,N 33rd Ave and N Knox Ave,1,0,0,0,0,N/A
2288933,26-Apr-22,Minnesota,Lake Lillian,10900 block of SE 165th Ave,1,0,0,0,0,N/A
2288153,26-Apr-22,Minnesota,Saint Paul,200 block of Bates Ave,1,0,0,0,1,N/A
2288390,26-Apr-22,Minnesota,Minneapolis,E 18th St and Nicollet Ave,0,1,0,0,0,N/A
2286719,24-Apr-22,Minnesota,Saint Paul,Lexington Pkwy N and Hague Ave,0,1,0,0,0,N/A
2285807,23-Apr-22,Minnesota,Minneapolis,2800 block of S 5th Ave,0,1,0,0,0,N/A
2285733,23-Apr-22,Minnesota,Anoka,78 W Main St,0,1,0,0,0,N/A
2286397,23-Apr-22,Minnesota,Minneapolis,2911 Hennepin Ave,1,0,0,0,2,N/A
2285727,23-Apr-22,Minnesota,Minneapolis,Portland Ave and E 41st St,1,0,0,0,1,N/A
2285836,23-Apr-22,Minnesota,Saint Cloud,6000 block of Cape W Ct,0,1,0,0,0,N/A
2285176,22-Apr-22,Minnesota,Saint Paul,500 block of Galtier St,0,1,0,0,0,N/A
2285153,22-Apr-22,Minnesota,Minneapolis,2400 block of Cole Ave SE,0,1,0,0,0,N/A
2283817,21-Apr-22,Minnesota,Minneapolis,1400 block of Park Ave,0,1,0,0,0,N/A
2283350,20-Apr-22,Minnesota,Minneapolis,5100 block of N Bryant Ave,1,0,0,0,0,N/A
2283358,20-Apr-22,Minnesota,Saint Paul,1540 6th St E,0,0,0,0,1,N/A
2283609,20-Apr-22,Minnesota,Minneapolis,500 Malcolm Ave SE,0,1,0,0,0,N/A
2283389,20-Apr-22,Minnesota,Chisholm,201 Central Ave SW,0,0,1,0,0,N/A
2284389,20-Apr-22,Minnesota,Minneapolis,3036 University Ave SE,0,1,0,0,1,N/A
2283535,20-Apr-22,Minnesota,Duluth,715 E 12th St,4,0,1,0,0,N/A
2282234,18-Apr-22,Minnesota,Lynd,N/A,1,0,0,0,0,N/A
2281010,17-Apr-22,Minnesota,Minneapolis,2900 block of 14th Ave S,1,0,0,0,0,N/A
2281278,17-Apr-22,Minnesota,Saint Paul,620 block of Selby Ave,0,1,0,0,1,N/A
2281227,17-Apr-22,Minnesota,Osseo (Maple Grove),Garland Ln N and 95th Ave N,0,0,1,0,0,N/A
2282222,17-Apr-22,Minnesota,Hinckley,Cedar Creek Rd,0,2,0,0,0,N/A
2280526,15-Apr-22,Minnesota,Minneapolis,341 Hennepin Ave,1,0,0,0,0,N/A
2279722,15-Apr-22,Minnesota,Minneapolis,320 Cedar Ave South,0,2,0,0,0,N/A
2280785,15-Apr-22,Minnesota,Minneapolis,3000 block of 64th Ave N,0,1,0,0,0,N/A
2278923,14-Apr-22,Minnesota,Saint Paul,700 block of Victoria St,0,1,0,0,0,N/A
2278911,14-Apr-22,Minnesota,Minneapolis,2100 block of Glenwood Ave,0,1,0,0,0,N/A
2278114,13-Apr-22,Minnesota,Minneapolis,33rd St E and Chicago Ave S,0,1,0,0,0,N/A
2278068,13-Apr-22,Minnesota,Minneapolis (Robbinsdale),3864 Lakeland Ave N,0,0,1,0,0,N/A
2278030,13-Apr-22,Minnesota,Minneapolis,2300 block of Ilion Ave N,0,1,0,0,0,N/A
2278931,13-Apr-22,Minnesota,Saint Paul,Beaumont St E and N Bedford St,0,1,0,0,0,N/A
2276663,12-Apr-22,Minnesota,Minneapolis,630 22nd Ave S,0,1,0,0,0,N/A
2275974,11-Apr-22,Minnesota,Saint Paul (West Saint Paul),400 block of Roeller Ave,0,1,0,0,0,N/A
2427607,11-Apr-22,Minnesota,Faribault,Babcock Ave,0,1,0,0,0,N/A
2275756,11-Apr-22,Minnesota,Minneapolis,5700 block of Chicago Ave,0,1,0,0,0,N/A
2275490,11-Apr-22,Minnesota,Minneapolis,925 30th Ave S,0,1,0,0,0,N/A
2278841,10-Apr-22,Minnesota,Duluth,Thompson Hill Rd and Ormsby Rd,0,1,0,0,1,N/A
2275457,10-Apr-22,Minnesota,Minneapolis,3600 block of N Aldrich Ave,0,1,0,0,0,N/A
2275440,10-Apr-22,Minnesota,Pelican Rapids,N/A,0,1,0,0,1,N/A
2275453,10-Apr-22,Minnesota,Minneapolis (Blaine),10601 Naples St NE,0,1,0,0,0,N/A
2274640,9-Apr-22,Minnesota,Minneapolis,N 2nd St and N 23rd Ave,0,1,0,0,0,N/A
2274447,8-Apr-22,Minnesota,Minneapolis (Brooklyn Park),5800 block of 73rd Ave N,0,2,0,0,0,N/A
2273195,7-Apr-22,Minnesota,Minneapolis,3000 block of N Logan Ave,0,1,0,0,0,N/A
2273187,7-Apr-22,Minnesota,Minneapolis,2300 block of N Queen Ave,0,1,0,0,0,N/A
2273192,7-Apr-22,Minnesota,Minneapolis,1100 block of N 21st Ave,1,0,0,0,1,N/A
2272594,6-Apr-22,Minnesota,Minneapolis,2400 block of 17th Ave S,1,1,0,0,0,N/A
2271877,6-Apr-22,Minnesota,Burnsville,14220 Grand Ave,0,1,0,0,0,N/A
2271519,5-Apr-22,Minnesota,Saint Paul,2900 block of W Owasso Blvd,0,1,1,0,0,N/A
2271293,4-Apr-22,Minnesota,Minneapolis,515 15th Ave S,0,2,0,0,0,N/A
2269923,4-Apr-22,Minnesota,Minneapolis,1300 Yale Pl,0,1,0,0,0,N/A
2269392,3-Apr-22,Minnesota,Minneapolis,315 N 1st Ave N,0,3,0,0,1,N/A
2269368,3-Apr-22,Minnesota,Minneapolis,528 Hennepin Ave,0,1,0,0,1,N/A
2269326,2-Apr-22,Minnesota,Minneapolis,700 W Broadway Ave,0,1,0,0,0,N/A
2269418,2-Apr-22,Minnesota,Minneapolis,2400 block of Elliot Ave,1,0,0,0,0,N/A
2268333,1-Apr-22,Minnesota,Saint Paul,1208 Hewitt Ave,0,0,1,0,0,N/A
2282230,1-Apr-22,Minnesota,Saint Paul (Roseville),Rice St and County B Rd W,0,1,0,0,0,N/A
2267509,31-Mar-22,Minnesota,Minneapolis (Brooklyn Park),7601 Jolly Ln,0,1,0,0,0,N/A
2268315,31-Mar-22,Minnesota,Saint Paul,444 Maryland Ave W,1,0,0,1,1,N/A
2266855,30-Mar-22,Minnesota,Minneapolis,N 29th Ave and N Bryant Ave,0,1,0,1,2,N/A
2266320,30-Mar-22,Minnesota,Saint Paul,304 E Wheelock Pkwy E,0,2,0,0,0,N/A
2266506,30-Mar-22,Minnesota,Minneapolis,700 W Broadway Ave,0,1,0,0,0,N/A
2266860,30-Mar-22,Minnesota,Minneapolis,W 29th St and Colfax Ave S,0,1,0,0,0,N/A
2264923,28-Mar-22,Minnesota,Minneapolis,2400 block of Elliot Ave,1,0,0,0,0,N/A
2264964,28-Mar-22,Minnesota,Minneapolis,S 5th Ave and E Franklin Ave,1,0,0,0,0,N/A
2264151,27-Mar-22,Minnesota,Minneapolis,3400 block of N Freemont Ave,0,2,0,0,0,N/A
2264473,27-Mar-22,Minnesota,Minneapolis,N/A,0,1,0,0,0,N/A
2263057,25-Mar-22,Minnesota,Saint Paul,1100 University Ave W,0,1,0,0,0,N/A
2263645,25-Mar-22,Minnesota,Minneapolis,3800 block of Chicago Ave,1,0,0,0,0,N/A
2265172,25-Mar-22,Minnesota,Saint Paul (Arden Hills),4703 US-10,1,0,0,0,1,N/A
2262392,24-Mar-22,Minnesota,Minneapolis,Nicollet Ave and E 16th St,0,1,0,0,0,N/A
2262386,24-Mar-22,Minnesota,Minneapolis,Hennepin Ave and 8th St S,0,1,0,0,0,N/A
2262737,24-Mar-22,Minnesota,Minneapolis,3900 block of 3rd Ave NE,1,0,0,0,1,N/A
2261690,23-Mar-22,Minnesota,Breckenridge,400 block of 8th St N,1,0,0,0,0,N/A
2261531,23-Mar-22,Minnesota,Minneapolis,4800 block of 4th Ave S,0,1,0,0,0,N/A
2259236,21-Mar-22,Minnesota,Minneapolis,2nd Ave S and E Lake St,0,1,0,0,0,N/A
2263082,21-Mar-22,Minnesota,Fulda,N/A,0,1,0,0,0,N/A
2258522,20-Mar-22,Minnesota,Minneapolis,107 N 3rd Ave,0,1,0,0,0,N/A
2258481,20-Mar-22,Minnesota,Saint Paul,700 block of Marshall Ave,0,1,0,0,0,N/A
2258473,20-Mar-22,Minnesota,Saint Paul,1100 block of Marion St,0,1,0,0,0,N/A
2258631,20-Mar-22,Minnesota,Minneapolis (Coon Rapids),9425 Foley Blvd NW,0,1,0,0,0,N/A
2258117,19-Mar-22,Minnesota,Minneapolis,3700 block of Chicago Ave,0,2,0,0,0,N/A
2257164,18-Mar-22,Minnesota,Minneapolis,701 W Broadway Ave,0,1,0,0,0,N/A
2257160,18-Mar-22,Minnesota,Minneapolis,3601 Penn Ave N,0,1,0,0,0,N/A
2256992,18-Mar-22,Minnesota,Minneapolis,1907 Colfax Ave S,1,0,0,0,1,N/A
2256134,17-Mar-22,Minnesota,Minneapolis,2700 block of 17th Ave S,0,1,0,0,0,N/A
2255174,15-Mar-22,Minnesota,Saint Paul,394 Eichenwald St,0,1,0,0,1,N/A
2254159,15-Mar-22,Minnesota,Minneapolis,N 7th St and N Lyndale Ave,0,1,0,0,0,N/A
2253363,14-Mar-22,Minnesota,Minneapolis,1500 block of Lasalle Ave,0,1,0,0,1,N/A
2252724,13-Mar-22,Minnesota,Naytahwaush,N/A,0,0,0,1,1,N/A
2253422,13-Mar-22,Minnesota,Rochester,6 1/2 St SE and 3rd Ave SE,0,1,0,0,1,N/A
2251743,11-Mar-22,Minnesota,Saint Paul,480 Snelling Ave S,0,1,0,0,0,N/A
2265673,9-Mar-22,Minnesota,Minneapolis (Fridley),51 81st Ave NE,0,0,0,0,1,N/A
2250741,9-Mar-22,Minnesota,Minneapolis,2100 block of N 4th St,0,1,0,0,0,N/A
2249631,8-Mar-22,Minnesota,Avon,300 block of Char Ave NE,0,1,0,0,1,N/A
2249394,8-Mar-22,Minnesota,Minneapolis,2300 block of Jefferson St NE,0,1,0,0,1,N/A
2247617,6-Mar-22,Minnesota,Minneapolis,2720 Blaisdell Ave,1,3,0,0,0,N/A
2247483,5-Mar-22,Minnesota,Saint Paul,857 Grand Ave,0,1,0,1,0,N/A
2246745,4-Mar-22,Minnesota,Minneapolis,E 25th St and 3rd Ave S,0,1,0,0,0,N/A
2246619,4-Mar-22,Minnesota,Minneapolis,25th Ave N and 3rd St N,0,1,0,0,0,N/A
2246677,3-Mar-22,Minnesota,Saint Paul,600 block of Blair Ave,1,0,0,0,1,N/A
2246040,3-Mar-22,Minnesota,Minneapolis (Brooklyn Park),6321 Zane Ave N,0,1,0,0,0,N/A
2242939,27-Feb-22,Minnesota,Minneapolis,E 34th St and 10th Ave S,1,1,0,0,0,N/A
2242950,26-Feb-22,Minnesota,Saint Paul,White Bear Ave and Arlington Ave,0,2,0,0,0,N/A
2242381,25-Feb-22,Minnesota,Minneapolis,Lowry Ave N and Emerson Ave N,0,1,0,0,0,N/A
2241901,25-Feb-22,Minnesota,Minneapolis,900 block of Penn Ave N,0,1,0,0,0,N/A
2241346,24-Feb-22,Minnesota,Minneapolis,E 34th St and Bloomington Ave,0,1,0,0,0,N/A
2241295,24-Feb-22,Minnesota,Minneapolis (Brooklyn Park),6600 block of 83rd Ct N,0,1,0,0,1,N/A
2241348,24-Feb-22,Minnesota,Minneapolis,Cedar Ave S and E 26th St,0,1,0,0,0,N/A
2239961,22-Feb-22,Minnesota,Minneapolis,3300 block of 25th Ave S,0,0,1,0,0,N/A
2238575,21-Feb-22,Minnesota,Saint Paul,488 Humboldt Ave,1,3,0,0,4,N/A
2240360,21-Feb-22,Minnesota,Saint Paul,2350 Territorial Rd,0,1,0,0,1,N/A
2237741,19-Feb-22,Minnesota,Minneapolis (Golden Valley),Duluth St and Regent Ave N,0,1,0,0,0,N/A
2237746,19-Feb-22,Minnesota,Minneapolis,2100 block of Lyndale Ave S,0,2,0,0,0,N/A
2237743,19-Feb-22,Minnesota,Minneapolis,Marquette Ave and 7th St S,0,2,0,0,0,N/A
2236991,18-Feb-22,Minnesota,Minneapolis,N/A,0,1,0,0,0,N/A
2236198,17-Feb-22,Minnesota,Saint Paul,Old Hudson Rd and N Flandrau St,0,1,0,0,1,N/A
2235692,16-Feb-22,Minnesota,Saint Paul,1050 Payne Ave,1,0,0,0,1,N/A
2234790,15-Feb-22,Minnesota,Minneapolis,3600 block of N 4th St,1,0,0,0,0,N/A
2234018,14-Feb-22,Minnesota,Minneapolis,627 W Broadway Ave,0,1,0,0,0,N/A
2234025,14-Feb-22,Minnesota,Minneapolis (Brooklyn Park),N/A,0,1,0,0,0,N/A
2233587,14-Feb-22,Minnesota,Minneapolis,4300 block of Minnehaha Ave,0,1,0,0,0,N/A
2232934,13-Feb-22,Minnesota,Saint Paul,Ross Ave and Earl St,0,1,0,0,1,N/A
2232908,13-Feb-22,Minnesota,Minneapolis,5100 block of James Ave N,0,2,0,0,0,N/A
2232575,12-Feb-22,Minnesota,Minneapolis,2400 block of Ogema Pl,0,1,0,0,0,N/A
2261009,12-Feb-22,Minnesota,Minneapolis,700 NE Lowry Ave,0,1,0,0,0,N/A
2232431,12-Feb-22,Minnesota,Eden Valley,Hwy 55,0,0,1,0,0,N/A
2231065,10-Feb-22,Minnesota,Minneapolis,N 21st Ave and N Sheridan Ave,2,0,0,0,1,N/A
2230154,9-Feb-22,Minnesota,Minneapolis,N Girard Ave and N 37th Ave,0,1,0,0,0,N/A
2245148,9-Feb-22,Minnesota,Saint Paul,200 block of Front Ave,1,0,0,0,1,N/A
2230386,9-Feb-22,Minnesota,Minneapolis,Penn Ave and Golden Valley Rd,1,0,0,0,1,N/A
2229884,9-Feb-22,Minnesota,Minneapolis,N/A,0,1,0,0,0,N/A
2230602,9-Feb-22,Minnesota,Minneapolis,2900 block of Cedar Ave S,0,1,0,0,0,N/A
2228596,7-Feb-22,Minnesota,Minneapolis,I-94 and 49th Ave N,0,1,0,0,0,N/A
2228808,7-Feb-22,Minnesota,Minneapolis (Brooklyn Center),I-94 and 57th Ave N,0,1,0,0,0,N/A
2229186,7-Feb-22,Minnesota,Saint Paul,7th St E and Flandrau St,0,1,0,0,0,N/A
2228207,6-Feb-22,Minnesota,Minneapolis,N/A,0,1,0,0,0,N/A
2228582,6-Feb-22,Minnesota,Minneapolis,1221 S Washington Ave,0,1,0,0,0,N/A
2227660,5-Feb-22,Minnesota,Saint Paul,568 Snelling Ave N,0,1,0,0,2,N/A
2227656,5-Feb-22,Minnesota,Minneapolis,W 28th St and Pleasant Ave,0,1,0,0,0,N/A
2227658,5-Feb-22,Minnesota,Minneapolis,3800 block of Grand Ave S,0,0,1,0,0,N/A
2226804,4-Feb-22,Minnesota,Minneapolis (Fridley),7178 University Ave NE,0,2,0,0,1,N/A
2226905,4-Feb-22,Minnesota,Minneapolis (Edina),N/A,0,1,0,0,0,N/A
2227925,3-Feb-22,Minnesota,Minneapolis (Brooklyn Center),7200 block of Unity Ave,0,2,0,0,0,N/A
2225972,3-Feb-22,Minnesota,Saint Paul,Dale St N and Jessamine Ave W,0,1,0,0,0,N/A
2226833,3-Feb-22,Minnesota,Saint Paul,N/A,0,0,1,0,0,N/A
2225157,2-Feb-22,Minnesota,Minneapolis,Elliot Ave and E Franklin Ave,0,1,0,0,0,N/A
2225133,2-Feb-22,Minnesota,Minneapolis,1117 S Marquette Ave,0,0,1,0,0,N/A
2225128,1-Feb-22,Minnesota,Saint Paul,700 block of Winslow Ave,1,0,0,0,3,N/A
2224047,1-Feb-22,Minnesota,Minneapolis,408 Hennepin Ave,0,1,0,0,0,N/A
2224205,1-Feb-22,Minnesota,Minneapolis (Richfield),7450 Penn Ave S,1,2,0,0,2,N/A
2223040,30-Jan-22,Minnesota,Minneapolis,N 5th Ave and Penn Ave N,0,1,0,0,0,N/A
2222739,29-Jan-22,Minnesota,Minneapolis,300 block of S 3rd St,0,1,0,0,0,N/A
2222741,29-Jan-22,Minnesota,Minneapolis,Chicago Ave and S 7th St,0,1,0,0,0,N/A
2222723,29-Jan-22,Minnesota,Minneapolis,3800 block of 155th St W,0,1,0,0,0,N/A
2222173,28-Jan-22,Minnesota,Minneapolis,Nicollet Ave and W 14th St,0,1,0,0,0,N/A
2221465,27-Jan-22,Minnesota,Minneapolis,800 block of N 5th St,0,1,0,0,0,N/A
2223616,27-Jan-22,Minnesota,Minneapolis (Crystal),5117 49th Ave N,1,0,1,0,0,N/A
2220711,26-Jan-22,Minnesota,Minneapolis,1100 block of N 12th Ave,0,1,0,0,0,N/A
2221382,26-Jan-22,Minnesota,Saint Paul,629 Rice St,0,1,0,0,0,N/A
2221387,26-Jan-22,Minnesota,Saint Paul,70 block of Hatch Ave W,0,1,0,0,0,N/A
2219994,25-Jan-22,Minnesota,Minneapolis,N/A,0,1,0,0,0,N/A
2219263,24-Jan-22,Minnesota,Minneapolis,3100 block of 12th Ave S,0,1,0,0,0,N/A
2218137,23-Jan-22,Minnesota,Saint Paul,140 Snelling Ave N,0,1,0,0,1,N/A
2217651,22-Jan-22,Minnesota,Minneapolis,1015 N 4th Ave,0,2,0,0,0,N/A
2217369,22-Jan-22,Minnesota,Saint Paul,43 Lyton Pl,1,0,0,0,1,N/A
2217090,21-Jan-22,Minnesota,Minneapolis,N/A,0,1,0,0,0,N/A
2216998,21-Jan-22,Minnesota,Minneapolis,2911 Hennepin Ave,0,1,0,0,0,N/A
2216239,20-Jan-22,Minnesota,Minneapolis,N Lyndale Ave and N 35th Ave,0,1,0,0,0,N/A
2216974,20-Jan-22,Minnesota,Minneapolis,515 S 15th Ave,1,2,0,0,0,N/A
2216959,20-Jan-22,Minnesota,Minneapolis,I-394,0,1,0,0,0,N/A
2214940,18-Jan-22,Minnesota,Minneapolis,I-94 and La Salle Ave,0,1,0,0,0,N/A
2214948,18-Jan-22,Minnesota,Minneapolis,Lowry Ave N and N James Ave,0,1,0,0,0,N/A
2214529,18-Jan-22,Minnesota,Saint Paul,300 block of Blair Ave,1,0,0,0,1,N/A
2213692,17-Jan-22,Minnesota,Minneapolis,N 8th Ave and N Newton Ave,0,1,0,0,0,N/A
2213676,17-Jan-22,Minnesota,Minneapolis,E 15th St and Nicollet Ave,0,1,0,0,0,N/A
2214002,17-Jan-22,Minnesota,Minneapolis,2200 block of N 2nd St,0,1,0,0,0,N/A
2213006,16-Jan-22,Minnesota,Minneapolis,N/A,0,1,0,0,0,N/A
2213003,16-Jan-22,Minnesota,Minneapolis,Plymouth Ave and Lyndale Ave N,0,1,0,0,0,N/A
2213259,16-Jan-22,Minnesota,Cook,N/A,0,1,0,0,1,N/A
2213272,16-Jan-22,Minnesota,Minneapolis (Brooklyn Park),6300 block of Boone Ave N,0,1,0,0,0,N/A
2223572,11-Jan-22,Minnesota,Saint Paul,1379 Phalen Blvd,0,1,0,0,0,N/A
2209281,11-Jan-22,Minnesota,Minneapolis,3200 block of N Oliver Ave,0,1,0,0,0,N/A
2209634,11-Jan-22,Minnesota,Saint Paul,2300 block of Hampden Ave W,0,1,0,0,2,N/A
2208579,10-Jan-22,Minnesota,Minneapolis,E 19th St and Nicollet Ave,0,1,0,0,0,N/A
2208576,10-Jan-22,Minnesota,Saint Paul,502 Prior Ave N,1,0,0,0,1,N/A
2207477,9-Jan-22,Minnesota,Minneapolis,N/A,0,1,0,0,0,N/A
2207461,8-Jan-22,Minnesota,Minneapolis,4200 block of 11th Ave S,1,0,0,0,0,N/A
2206620,7-Jan-22,Minnesota,Minneapolis,16th Ave S and E 22nd St,0,1,0,0,0,N/A
2206630,6-Jan-22,Minnesota,Minneapolis,3200 block of Emerson Ave N,0,1,0,0,0,N/A
2205480,6-Jan-22,Minnesota,Minneapolis,Hennepin Ave and 1st St S,0,1,0,0,0,N/A
2205181,5-Jan-22,Minnesota,Minneapolis,3800 block of 18th Ave S,0,1,0,0,0,N/A
2204030,3-Jan-22,Minnesota,Minneapolis,N/A,0,1,0,0,0,N/A
2203979,3-Jan-22,Minnesota,Saint Paul,Nebraska Ave E and Bradley St,0,1,0,0,0,N/A
2203207,2-Jan-22,Minnesota,Minneapolis,N Dowling Ave and N 6th St,0,1,0,0,0,N/A