"Incident ID","Incident Date",State,"City Or County",Address,"Victims Killed","Victims Injured","Suspects Killed","Suspects Injured","Suspects Arrested",Operations
483440,"December 28, 2015",Minnesota,"Sturgeon Lake",N/A,0,0,0,0,4,N/A
473804,"December 27, 2015",Minnesota,Duluth,"300 block of West Faribault Street",1,0,0,0,0,N/A
474143,"December 26, 2015",Minnesota,Stewartville,"300 block of 5th Avenue S.E.",0,0,0,0,0,N/A
475149,"December 26, 2015",Minnesota,Minneapolis,"2700 block of Lowry Avenue N.",0,0,0,0,0,N/A
472411,"December 23, 2015",Minnesota,Brainerd,"10th Avenue N.E. and I Street",0,0,0,0,1,N/A
474001,"December 22, 2015",Minnesota,"Saint Cloud","1100 block of 13th Street S.",0,2,0,0,0,N/A
469048,"December 20, 2015",Minnesota,Rochester,"863 21st Avenue SE",0,1,0,0,1,N/A
469135,"December 19, 2015",Minnesota,"Minneapolis (Brooklyn Center)","2900 block of Northway Dr",0,1,0,0,0,N/A
489897,"December 19, 2015",Minnesota,Stillwater,"1100 block of Meadowview Drive",0,1,0,0,1,N/A
475620,"December 18, 2015",Minnesota,Moorhead,"1300 block of 3rd Avenue N.",0,0,0,0,1,N/A
467000,"December 16, 2015",Minnesota,"La Crescent","525 South Ninth Street",0,1,0,0,1,N/A
465632,"December 13, 2015",Minnesota,Rochester,N/A,0,1,0,0,0,N/A
465207,"December 13, 2015",Minnesota,"Minneapolis (Fridley)","755 53rd Avenue N.E.",0,0,0,0,1,N/A
465967,"December 13, 2015",Minnesota,Rochester,"128 11th Avenue S.E.",0,0,0,0,1,N/A
463829,"December 10, 2015",Minnesota,"Saint Paul","271 Forbes Avenue",2,1,0,0,1,N/A
463008,"December 9, 2015",Minnesota,Tofte,"7192 W Highway 61",1,0,0,0,1,N/A
465658,"December 8, 2015",Minnesota,Minneapolis,"34th and Fremont Avenue N.",1,0,0,0,0,N/A
465436,"December 7, 2015",Minnesota,Minneapolis,"19th and Newton Avenue",0,1,0,0,0,N/A
460668,"December 6, 2015",Minnesota,Minneapolis,"N. 3rd Street",0,1,0,0,5,N/A
465969,"December 6, 2015",Minnesota,Stewartville,"2200 block of Petersen Drive N.W.",0,0,0,0,0,N/A
459897,"December 5, 2015",Minnesota,Moorhead,"605 24th Ave. S",0,1,0,0,0,N/A
465960,"December 5, 2015",Minnesota,Rochester,"6600 block of Simpson Road S.E.",0,0,0,0,1,N/A
458729,"December 3, 2015",Minnesota,Rochester,"5455 W River Road",1,0,0,0,0,N/A
456796,"December 1, 2015",Minnesota,"Red Wing","408 West Avenue",0,1,0,0,1,N/A
456794,"November 29, 2015",Minnesota,"Minneapolis (Brooklyn Center)",N/A,0,0,0,0,1,N/A
455601,"November 29, 2015",Minnesota,"Squaw Lake","Natures Lake Path",1,0,0,0,1,N/A
457898,"November 28, 2015",Minnesota,Minneapolis,"3300 block of Logan Avenue N.",1,0,0,0,1,N/A
456799,"November 25, 2015",Minnesota,Baxter,"14000 block of Lyndale Drive",0,0,0,0,3,N/A
455254,"November 24, 2015",Minnesota,Minneapolis,N/A,0,0,0,0,0,N/A
452638,"November 24, 2015",Minnesota,Minneapolis,"700 block of 40th Ave NE",0,0,1,0,0,N/A
452120,"November 23, 2015",Minnesota,Minneapolis,"Morgan Avenue North",0,5,0,0,4,N/A
452648,"November 22, 2015",Minnesota,Minneapolis,"E. Franklin and 23rd Avenue S.",2,1,0,0,0,N/A
455975,"November 22, 2015",Minnesota,Onamia,"45000 block of Highway 169",0,0,0,0,2,N/A
452754,"November 19, 2015",Minnesota,Rochester,"1517 16th Street S.W.",0,0,0,0,1,N/A
450278,"November 19, 2015",Minnesota,Minneapolis,"1500 block of Plymouth Avenue",0,2,0,0,0,N/A
450309,"November 17, 2015",Minnesota,Rochester,"3500 block of 18th Avenue N.W.",0,0,0,0,0,N/A
450330,"November 17, 2015",Minnesota,Minneapolis,"3900 block of Emerson Avenue N.",1,0,0,0,0,N/A
450312,"November 16, 2015",Minnesota,Minneapolis,"2823 15th Avenue S.",2,0,0,0,0,N/A
450327,"November 16, 2015",Minnesota,Rochester,"4500 18th Avenue N.W.",0,0,0,0,0,N/A
449170,"November 16, 2015",Minnesota,Barnum,"4000 block of Co Hwy 4",0,0,0,0,1,N/A
447812,"November 15, 2015",Minnesota,Minneapolis,"1600 block of Plymouth Avenue N.",0,0,1,0,0,N/A
447893,"November 14, 2015",Minnesota,Holdingford,"14211 County Road 17",0,1,0,0,0,N/A
447816,"November 14, 2015",Minnesota,Minneapolis,"Golden Valley Road and Upton Avenue N.",0,0,0,0,1,N/A
450689,"November 14, 2015",Minnesota,Minneapolis,"1000 block of Westminster Street",1,0,0,0,1,N/A
448389,"November 14, 2015",Minnesota,"Detroit Lakes",N/A,0,1,0,0,0,N/A
448155,"November 13, 2015",Minnesota,Oronoco,N/A,0,1,0,0,0,N/A
452657,"November 13, 2015",Minnesota,"Red Lake Falls","County Road 13",0,0,0,0,1,N/A
448434,"November 9, 2015",Minnesota,"Saint Paul","Stinson Street",0,0,0,0,2,N/A
445357,"November 8, 2015",Minnesota,Aurora,"117 Main Street N.",1,0,0,0,1,N/A
444575,"November 8, 2015",Minnesota,Litchfield,"23200 block of County State Highway 1",0,1,0,0,0,N/A
443805,"November 7, 2015",Minnesota,Holloway,N/A,0,1,0,0,0,N/A
443809,"November 7, 2015",Minnesota,"Saint Paul","1100 block of University Avenue West",1,0,0,0,1,N/A
443807,"November 7, 2015",Minnesota,"Saint Paul (Maplewood)","2200 block of Hazel St",1,0,0,0,3,N/A
445737,"November 6, 2015",Minnesota,"Saint Paul","275 Lexington Parkway N.",0,0,0,0,0,N/A
447855,"November 2, 2015",Minnesota,Minneapolis,"29th and Irving Avenue",0,0,0,0,1,N/A
443112,"November 2, 2015",Minnesota,Byron,"800 block of 20th St NE",0,0,0,0,1,N/A
446234,"November 2, 2015",Minnesota,"Detroit Lakes","19085 County Highway 131",0,0,0,0,2,N/A
441430,"November 1, 2015",Minnesota,Hutchinson,"500 block of Harmony Lane",0,1,1,0,0,N/A
441218,"November 1, 2015",Minnesota,"Minneapolis (Brooklyn Park)","9200 block of Trinity Gardens",0,0,0,0,1,N/A
441191,"October 31, 2015",Minnesota,Dilworth,"202 5th Street N.W.",0,0,0,0,2,N/A
439159,"October 29, 2015",Minnesota,Rochester,"1700 block of 1st Avenue S.E.",0,0,0,0,0,N/A
438121,"October 28, 2015",Minnesota,Duluth,"Northwoods Ln and Pequaywan Lake Rd",0,1,0,0,0,N/A
438166,"October 26, 2015",Minnesota,Minneapolis,"4320 Newton Avenue N.",0,0,0,0,1,N/A
443101,"October 24, 2015",Minnesota,"Le Center","200 block of S. Montgomery Avenue",0,0,0,0,2,N/A
436416,"October 22, 2015",Minnesota,"Inver Grove Heights","Claude Avenue",0,0,0,0,1,N/A
434836,"October 22, 2015",Minnesota,Minneapolis,"5300 block of Morgan Avenue",0,1,0,0,0,N/A
438204,"October 21, 2015",Minnesota,Rochester,"1618 Marion Road S.E.",0,2,0,0,0,N/A
438129,"October 21, 2015",Minnesota,"Saint Paul","1540 6th Street E.",0,0,0,0,1,N/A
436002,"October 20, 2015",Minnesota,Rochester,"1800 43rd Street N.W.",0,0,0,0,1,N/A
432991,"October 19, 2015",Minnesota,Minneapolis,"Lake Street and Pleasant Avenue",1,0,0,0,0,N/A
432637,"October 18, 2015",Minnesota,"Saint Cloud","1406 6th Avenue N.",1,0,0,0,1,N/A
432999,"October 18, 2015",Minnesota,Winona,"1200 block of Gilmore Avenue",1,0,0,1,2,N/A
434459,"October 18, 2015",Minnesota,"Saint Paul","Beaumont and Bedford Street",1,0,0,0,3,N/A
432993,"October 18, 2015",Minnesota,Minneapolis,"3700 block of 1st Avenue S.",1,0,0,0,3,N/A
432980,"October 15, 2015",Minnesota,"Saint Paul","Earl Street and York Avenue",1,0,0,0,2,N/A
431225,"October 15, 2015",Minnesota,Minneapolis,"27th and Lyndale Avenue",1,0,0,0,0,N/A
431229,"October 14, 2015",Minnesota,Minneapolis,"30th Avenue N. and Emerson Avenue",1,0,0,0,1,N/A
431101,"October 14, 2015",Minnesota,Rice,"11000 US 10 NW",1,0,0,0,0,N/A
431239,"October 14, 2015",Minnesota,"Saint Paul (Eagan)","4510 Erin Dr",0,1,0,0,1,N/A
431219,"October 14, 2015",Minnesota,"Saint Paul","Cypress St and Reaney Ave",1,0,0,0,0,N/A
431092,"October 13, 2015",Minnesota,Minneapolis,"Park Avenue S. and E. Lake Street",1,0,0,0,1,N/A
433501,"October 11, 2015",Minnesota,Aitken,"32596 State Hwy 47",0,0,0,0,0,N/A
430753,"October 11, 2015",Minnesota,Mankato,"Balcerzak Drive and Monks Avenue",0,0,0,0,4,N/A
438211,"October 10, 2015",Minnesota,"Red Wing",N/A,0,0,0,0,1,N/A
428400,"October 8, 2015",Minnesota,Shakopee,"1501 E. 1st Avenue",1,0,0,0,1,N/A
430686,"October 7, 2015",Minnesota,Windom,"46300 block of County Road 3",1,0,0,0,0,N/A
426445,"October 5, 2015",Minnesota,"Saint Paul","700 block of Rose Avenue",0,1,0,0,0,N/A
426439,"October 5, 2015",Minnesota,"Saint Paul","Orange Avenue and Walsh Street",1,0,0,0,0,N/A
424602,"October 1, 2015",Minnesota,Chaska,"3600 block of County Road 140",0,2,0,0,1,N/A
424377,"September 30, 2015",Minnesota,Mora,"500 block of Watkins Street",0,0,1,0,0,N/A
434462,"September 30, 2015",Minnesota,"Spring Valley",N/A,0,0,0,0,1,N/A
422384,"September 29, 2015",Minnesota,"Saint Paul","1800 block of Case Avenue",1,0,0,0,1,N/A
425028,"September 29, 2015",Minnesota,Minneapolis,"2600 block of Irving Avenue N.",1,0,0,0,0,N/A
422398,"September 28, 2015",Minnesota,Cambridge,"621 3rd Avenue SW",0,1,0,0,2,N/A
421895,"September 27, 2015",Minnesota,"Fergus Falls",I-94,0,0,1,0,0,N/A
422828,"September 27, 2015",Minnesota,Emily,"Co Rd 1 and Caraway Rd",0,1,0,0,0,N/A
422383,"September 26, 2015",Minnesota,"Saint Paul",N/A,0,0,0,0,0,N/A
420217,"September 25, 2015",Minnesota,Owatonna,"140 32nd Avenue N.W.",0,1,0,0,1,N/A
422338,"September 25, 2015",Minnesota,Minneapolis,"1800 block of Newton Avenue N.",1,1,0,0,0,N/A
420220,"September 25, 2015",Minnesota,Minneapolis,"2200 block of 10th Avenue S.",2,0,0,0,1,N/A
421765,"September 24, 2015",Minnesota,"Albert Lea","1510 Academy Avenue",1,0,0,0,0,N/A
420215,"September 24, 2015",Minnesota,"Saint Paul","657 Canton St",0,0,1,0,0,N/A
418971,"September 22, 2015",Minnesota,Minneapolis,"5000 block of Johnson St NE",0,1,0,0,0,N/A
418988,"September 22, 2015",Minnesota,"Anoka (Ramsey)","Minnesota Highway 47",0,0,0,0,1,N/A
422420,"September 20, 2015",Minnesota,Rochester,"108 16th Street S.E.",0,0,0,0,1,N/A
422278,"September 20, 2015",Minnesota,"Albert Lea","300 W. Clark Street",0,1,0,0,0,N/A
417451,"September 19, 2015",Minnesota,"Saint Cloud","800 block of 8th Street S.",0,0,0,0,2,N/A
417174,"September 18, 2015",Minnesota,Minneapolis,"2507 Bryant Avenue N.",0,0,0,0,0,N/A
416182,"September 17, 2015",Minnesota,"Saint Paul","1000 block of East Sixth Street",1,0,0,0,1,N/A
417431,"September 16, 2015",Minnesota,Rochester,"2500 block of Mayfair Street S.E.",0,0,0,0,1,N/A
418239,"September 15, 2015",Minnesota,Moorhead,"12th Avenue and 18th Street S.",0,0,0,0,1,N/A
413401,"September 13, 2015",Minnesota,Rochester,"800 block of 21st Avenue S.W.",0,0,0,0,2,N/A
413090,"September 12, 2015",Minnesota,Brandon,"18862 Tower Hill Rd SW",1,0,1,0,0,N/A
412529,"September 12, 2015",Minnesota,Minneapolis,"1st Ave. and N. 5th St.",0,6,0,0,3,N/A
412539,"September 12, 2015",Minnesota,Minneapolis,"1200 block of 22nd Ave. N.",1,3,0,0,0,N/A
413398,"September 12, 2015",Minnesota,"Saint Paul","1282 Hilltop Ct",1,0,0,0,1,N/A
413729,"September 10, 2015",Minnesota,Moorhead,"900 block of 13th Street S.",0,0,0,0,3,N/A
412250,"September 8, 2015",Minnesota,"Albert Lea","212 Burr Oak Drive",0,0,0,0,0,N/A
412040,"September 7, 2015",Minnesota,Excelsior,"Channel Drive",4,0,1,0,0,N/A
422452,"September 6, 2015",Minnesota,"Red Wing",N/A,0,0,0,0,2,N/A
409056,"September 6, 2015",Minnesota,"Saint Paul","Lawson Avenue E.",0,1,0,0,0,N/A
408526,"September 5, 2015",Minnesota,Duluth,"First Avenue W. and First Street",0,0,0,0,1,N/A
412395,"September 5, 2015",Minnesota,Minneapolis,"Lake Street and Park Avenue",0,1,0,0,0,N/A
407980,"September 4, 2015",Minnesota,Minneapolis,"Hennepin Avenue",0,1,0,0,2,N/A
407984,"September 4, 2015",Minnesota,Perham,"470th Ave",0,1,0,0,1,N/A
413174,"September 4, 2015",Minnesota,Minneapolis,"45th Avenue N. and Lyndale Avenue N.",0,0,0,0,2,N/A
408445,"September 4, 2015",Minnesota,Minneapolis,"3900 block of Garfield Avenue S.",0,0,0,0,1,N/A
407356,"September 2, 2015",Minnesota,"Saint Paul","University and Western",0,1,0,0,3,N/A
405949,"August 31, 2015",Minnesota,Rochester,"2313 Park Lane S.E.",1,2,0,0,1,N/A
405275,"August 30, 2015",Minnesota,Minneapolis,"26th and Irving Avenue N",1,0,0,0,0,N/A
412460,"August 29, 2015",Minnesota,Rochester,"Silver Lake Drive",0,0,0,0,0,N/A
405944,"August 28, 2015",Minnesota,"Saint Paul","400 block of Jessamine Ave E",0,0,1,0,0,N/A
401884,"August 26, 2015",Minnesota,"Minneapolis (Brooklyn Center)","5000 block of Drew Ave N",0,4,0,0,0,N/A
403486,"August 26, 2015",Minnesota,"Minneapolis (Brooklyn Park)","62nd Avenue N. and West Broadway",0,0,0,0,0,N/A
400444,"August 23, 2015",Minnesota,Duluth,"6400 block of Arnold Road",1,0,0,0,0,N/A
400549,"August 23, 2015",Minnesota,"Saint Paul (Maplewood)","1700 block of Woodland Ln",1,0,0,0,1,N/A
399759,"August 22, 2015",Minnesota,Cohasset,"400 block of Second Street N.W.",0,0,1,0,0,N/A
400918,"August 22, 2015",Minnesota,"Osseo (Maple Grove)","12575 Elm Creek Blvd N",0,2,0,0,1,N/A
398412,"August 19, 2015",Minnesota,Brewster,"652 Second Avenue",1,0,0,0,0,N/A
399867,"August 19, 2015",Minnesota,"Saint Cloud","800 block of 14th Avenue S.",0,0,0,0,0,N/A
398207,"August 18, 2015",Minnesota,Minneapolis,"100 block of North Third Street",0,3,0,0,0,N/A
399866,"August 18, 2015",Minnesota,"Saint Cloud","700 block of 14th Avenue S.",0,0,0,0,0,N/A
399756,"August 17, 2015",Minnesota,"Saint Paul","100 block of Winnifred Street",0,0,0,0,1,N/A
399873,"August 16, 2015",Minnesota,Rochester,N/A,0,0,0,0,1,N/A
399717,"August 14, 2015",Minnesota,Bemidji,"8300 Haven Ln NE",0,0,0,0,1,N/A
399868,"August 14, 2015",Minnesota,Rochester,"17 N. Broadway Avenue",0,0,0,0,1,N/A
393325,"August 10, 2015",Minnesota,"Saint Paul","900 block of Thomas Avenue",0,1,0,0,0,N/A
391382,"August 9, 2015",Minnesota,Rochester,"1500 block of Fourth Avenue Southeast",0,1,0,0,0,N/A
393288,"August 9, 2015",Minnesota,Plummer,"13227 190th Ave SE",0,1,0,0,1,N/A
392728,"August 8, 2015",Minnesota,"Minneapolis (Edina)","7500 block of Cahill Rd",0,0,0,1,0,N/A
391389,"August 8, 2015",Minnesota,Rochester,"1618 Marion Road",0,1,0,0,0,N/A
393457,"August 7, 2015",Minnesota,Rochester,"21st Avenue and 8 1/2 Street Southeast",0,0,0,0,0,N/A
392249,"August 6, 2015",Minnesota,"Saint Cloud","4th Street N and 29th Avenue N",0,1,0,0,0,N/A
393444,"August 6, 2015",Minnesota,Minneapolis,"1001 Marquette Avenue South",0,0,0,0,1,N/A
387067,"August 3, 2015",Minnesota,"Saint Paul","1500 block of Ames Avenue",1,0,0,0,1,N/A
387051,"August 2, 2015",Minnesota,"Saint Paul","Mississippi River Boulevard and Summit Avenue",0,0,0,0,0,N/A
387045,"July 31, 2015",Minnesota,"Saint Paul","Mississippi River Boulevard and Summit Avenue",0,0,1,0,3,N/A
386395,"July 29, 2015",Minnesota,Madison,"2426 256th St",1,0,1,0,0,N/A
387043,"July 29, 2015",Minnesota,"Minneapolis (Bloomington)","11100 block of Xavier Road",0,0,0,0,1,N/A
386201,"July 28, 2015",Minnesota,Rochester,"1300 block of 43rd Street NW",0,0,0,0,1,N/A
386100,"July 28, 2015",Minnesota,Duluth,"100 block of West 5th Street",0,1,0,0,0,N/A
384494,"July 27, 2015",Minnesota,Minneapolis,"34th and Morgan Avenue N.",1,1,0,0,1,N/A
389017,"July 26, 2015",Minnesota,"East Grand Forks",N/A,0,0,0,0,1,N/A
381836,"July 25, 2015",Minnesota,Minneapolis,"Franklin and Chicago Avenue",2,0,0,0,1,N/A
381839,"July 25, 2015",Minnesota,Minneapolis,"1st Avenue and 4th Street",0,0,0,1,0,N/A
381778,"July 25, 2015",Minnesota,Minneapolis,"14th Avenue SE and 4th Street SE",0,1,0,0,0,N/A
387736,"July 24, 2015",Minnesota,Rochester,"100 block of 11th Avenue Southeast",0,1,0,0,0,N/A
381785,"July 24, 2015",Minnesota,"Saint Paul","200 block of Stinson Street",0,0,0,0,0,N/A
381788,"July 23, 2015",Minnesota,Chaska,"Highway 41 and 2nd Street",0,0,0,0,1,N/A
381775,"July 23, 2015",Minnesota,"Minneapolis (Plymouth)","10205 6th Ave N",0,0,1,0,0,N/A
381858,"July 22, 2015",Minnesota,Rochester,"3811 14th Avenue NW",0,1,0,0,4,N/A
382260,"July 22, 2015",Minnesota,Rochester,"200 block of 13th Street Northwest",0,0,0,0,2,N/A
382253,"July 22, 2015",Minnesota,Rochester,"800 block of Sixth Avenue Southeast",0,0,0,0,2,N/A
380746,"July 20, 2015",Minnesota,"Saint Paul","1146 Mackubin Street",0,0,0,0,1,N/A
452677,"July 19, 2015",Minnesota,Minneapolis,N/A,0,0,0,0,1,N/A
380639,"July 18, 2015",Minnesota,"Saint Paul","Rice Street and University Avenue",0,1,0,0,2,N/A
381777,"July 18, 2015",Minnesota,"Albert Lea","2105 South Shore Drive",0,0,0,0,0,N/A
378943,"July 17, 2015",Minnesota,Rochester,"1237 Marion Rd SE",0,0,0,0,1,N/A
378323,"July 17, 2015",Minnesota,"Minneapolis (Brooklyn Center)","5700 block of N Logan Ave",0,2,0,0,0,N/A
376924,"July 16, 2015",Minnesota,Minneapolis,"2300 block of Thomas Avenue North",1,1,0,0,0,N/A
382278,"July 15, 2015",Minnesota,Rochester,"5601 N. Broadway Avenue",0,0,0,0,0,N/A
374954,"July 13, 2015",Minnesota,Austin,"805 8th Ave NW",0,1,0,0,0,N/A
373565,"July 12, 2015",Minnesota,Minneapolis,"5900 block of Camden Ave N",0,1,0,0,0,N/A
374156,"July 11, 2015",Minnesota,Rochester,"Marion Road",0,0,0,0,1,N/A
373075,"July 10, 2015",Minnesota,Minneapolis,"3500 block of Lyndale Avenue North",1,0,0,0,0,N/A
373071,"July 10, 2015",Minnesota,"Minneapolis (Richfield)","77th St and Nicollet Ave",0,3,0,0,0,N/A
373122,"July 10, 2015",Minnesota,"Fergus Falls",N/A,0,0,0,0,1,N/A
372693,"July 9, 2015",Minnesota,Crookston,"708 3rd Ave NE",1,0,0,0,1,N/A
372429,"July 9, 2015",Minnesota,Crookston,"700 block of Third Avenue Northeast",1,0,0,0,1,N/A
370915,"July 7, 2015",Minnesota,Moorhead,"1014 19th Street S",0,1,0,0,2,N/A
369677,"July 5, 2015",Minnesota,Minneapolis,"Broadway and 4th Street",0,3,0,0,0,N/A
369689,"July 5, 2015",Minnesota,Minneapolis,"4000 block of Camden Avenue N.",0,1,0,0,0,N/A
369687,"July 5, 2015",Minnesota,Minneapolis,"Bryant Avenue N.",0,1,0,0,0,N/A
369668,"July 5, 2015",Minnesota,Minneapolis,"North 3rd Street and 2nd Avenue North",0,3,0,0,0,N/A
369663,"July 5, 2015",Minnesota,Minneapolis,"North 4th Street and Hennepin Avenue",1,1,0,0,1,N/A
371319,"July 4, 2015",Minnesota,Rosemount,N/A,0,0,0,0,1,N/A
369707,"July 4, 2015",Minnesota,Rochester,"700 block of Sixth Street Southeast",0,0,0,0,1,N/A
373761,"July 3, 2015",Minnesota,"Albert Lea (Oakland)","87387 245th St",0,1,0,0,0,N/A
367540,"July 2, 2015",Minnesota,"Minneapolis (Coon Rapids)","2501 Coon Rapids Blvd NW",1,0,0,0,1,N/A
368312,"July 2, 2015",Minnesota,"Minneapolis (Brooklyn Park)","85th Ave N and Douglas Dr N",0,1,0,0,0,N/A
374957,"July 2, 2015",Minnesota,Ely,"Central Avenue and East Harvey Street",0,0,0,0,1,N/A
367552,"June 28, 2015",Minnesota,"Fish Lake Twp",N/A,0,0,0,0,1,N/A
363176,"June 23, 2015",Minnesota,Moorhead,"1318 34th Avenue S",0,0,0,1,0,N/A
362628,"June 21, 2015",Minnesota,"Saint Paul","1450 University Ave",0,0,0,0,1,N/A
362324,"June 20, 2015",Minnesota,"Eden Prairie","Eden Prairie Road",0,0,0,1,1,N/A
362322,"June 19, 2015",Minnesota,Felton,N/A,0,1,0,0,1,N/A
362228,"June 18, 2015",Minnesota,Minneapolis,"2800 block of Bryant Avenue North",0,1,0,0,0,N/A
362137,"June 18, 2015",Minnesota,Minneapolis,"730 E 22nd Street",0,2,0,0,1,N/A
364587,"June 18, 2015",Minnesota,Bemidji,"700 block of 9th Street NW",0,0,0,0,1,N/A
362040,"June 16, 2015",Minnesota,Minneapolis,"3800 block of Fremont Avenue North",1,0,0,0,0,N/A
362292,"June 15, 2015",Minnesota,"Fort Ripley","263rd St",0,0,0,0,3,N/A
357473,"June 13, 2015",Minnesota,Minneapolis,"28th Street and Portland Avenue South",0,1,0,0,0,N/A
357468,"June 13, 2015",Minnesota,Bemidji,"677 Anne Street NW",1,0,0,0,1,N/A
357466,"June 12, 2015",Minnesota,Minneapolis,"3300 block of Colfax Avenue N",1,0,0,0,0,N/A
364601,"June 12, 2015",Minnesota,Franklin,"County Road 51",0,1,0,0,0,N/A
359851,"June 12, 2015",Minnesota,Franklin,"Co Rd 5",0,0,0,1,0,N/A
364606,"June 11, 2015",Minnesota,Cloquet,"Sahlman Avenue",0,0,0,0,1,N/A
357480,"June 9, 2015",Minnesota,"Saint Cloud","1200 Division St E",1,0,0,0,1,N/A
357078,"June 7, 2015",Minnesota,Minneapolis,"400 block of Cedar Avenue S",1,0,0,0,0,N/A
359919,"June 6, 2015",Minnesota,"Douglas Twp",N/A,0,0,0,0,1,N/A
354276,"June 6, 2015",Minnesota,Minneapolis,"North Hillside and North Ilion Avenue",0,2,0,0,0,N/A
352911,"June 5, 2015",Minnesota,Duluth,"Rehbein Rd",0,0,0,0,2,N/A
352906,"June 4, 2015",Minnesota,"Saint Paul","University Avenue and Dale Street",0,1,0,0,0,N/A
354273,"June 3, 2015",Minnesota,Minneapolis,"15th and Irving Avenue",1,0,0,0,0,N/A
351907,"May 31, 2015",Minnesota,Aitkin,"Grandview Dr",1,0,0,0,0,N/A
353558,"May 31, 2015",Minnesota,Austin,N/A,0,1,0,0,0,N/A
349927,"May 31, 2015",Minnesota,Minneapolis,"Bryant and Lowry Avenue",0,1,0,0,0,N/A
349924,"May 31, 2015",Minnesota,"Maple Grove","17000 block of 89th Place North",0,1,0,0,1,N/A
349932,"May 29, 2015",Minnesota,Maplewood,"1700 Rice Street",0,0,1,0,0,N/A
349492,"May 28, 2015",Minnesota,Minneapolis,"21st Avenue North and North Bryant Avenue",0,0,0,1,2,N/A
349502,"May 28, 2015",Minnesota,Minneapolis,"Knox Avenue N. and 12th Avenue N.",0,0,0,0,2,N/A
347599,"May 26, 2015",Minnesota,"Forest Lake","816 Lake Street",0,1,0,0,0,N/A
349366,"May 26, 2015",Minnesota,Randall,"22034 30th Avenue",0,1,0,0,1,N/A
347584,"May 25, 2015",Minnesota,Minneapolis,"2700 block of 3rd Ave. N.",1,2,0,0,0,N/A
347566,"May 25, 2015",Minnesota,Minneapolis,"500 block of 14th Avenue Southeast",0,1,0,0,0,N/A
348781,"May 22, 2015",Minnesota,"Maple Grove","9200 block of Woodhall Bay",0,0,0,0,1,N/A
352332,"May 20, 2015",Minnesota,"Saint Paul","640 Jackson Street",0,0,0,0,1,N/A
343764,"May 17, 2015",Minnesota,Duluth,"Seventh Avenue East and Ninth Street",0,0,0,0,0,N/A
345898,"May 17, 2015",Minnesota,Aitkin,"2100 block of North 4th Street",1,0,0,0,0,N/A
343320,"May 15, 2015",Minnesota,Rochester,"101 E Center Street",0,1,0,0,1,N/A
345881,"May 15, 2015",Minnesota,Winona,"1500 block of West King Street",1,0,1,0,0,N/A
340516,"May 12, 2015",Minnesota,Onigum,"8700 block of Midway Drive NW",2,0,0,0,0,N/A
339166,"May 11, 2015",Minnesota,Oakdale,"828 Greenway Avenue N",0,0,0,0,2,N/A
340609,"May 10, 2015",Minnesota,"Saint Paul (New Brighton)","1400 block of 20th Ave NW",0,1,0,0,1,N/A
345884,"May 10, 2015",Minnesota,Winona,"950 block of West Third Street",0,0,0,0,1,N/A
339169,"May 10, 2015",Minnesota,Minneapolis,"W Lake Street and Pillsbury Avenue",1,0,0,0,0,N/A
337737,"May 9, 2015",Minnesota,"Saint Michael","4570 Mayfield Avenue NE",2,0,0,0,1,N/A
337012,"May 8, 2015",Minnesota,"Minneapolis (Fridley)","I-694 and University Ave NE",0,0,1,0,0,N/A
339713,"May 7, 2015",Minnesota,"Saint Paul","577 Smith Avenue",0,0,0,0,1,N/A
336333,"May 7, 2015",Minnesota,Minneapolis,"2100 block of 3rd Avenue South",1,0,0,0,1,N/A
334990,"May 3, 2015",Minnesota,Minneapolis,"4100 block of Fremont Avenue North",1,0,0,0,0,N/A
335038,"April 30, 2015",Minnesota,Balaton,"1600 block of 180th Avenue",2,0,0,0,0,N/A
333315,"April 29, 2015",Minnesota,"Saint Paul","Desoto Street",0,0,0,0,1,N/A
331428,"April 26, 2015",Minnesota,"Osseo (Maple Grove)","12400 James Deane Pkwy",1,0,0,0,0,N/A
329910,"April 25, 2015",Minnesota,"Saint Paul","4300 Glumack Drive",0,0,0,1,0,N/A
329934,"April 24, 2015",Minnesota,"Saint Cloud","400 block of 3rd Ave S",0,0,0,0,0,N/A
329986,"April 24, 2015",Minnesota,"Eden Prairie",N/A,0,0,0,0,1,N/A
328638,"April 23, 2015",Minnesota,Duluth,"Lake Avenue and Fifth Street",0,0,0,0,1,N/A
329996,"April 23, 2015",Minnesota,Rochester,"1400 block of Fourth Avenue Southeast",0,0,0,0,0,N/A
329984,"April 23, 2015",Minnesota,"North Branch","3800 block of Timber Lane",0,0,0,0,1,N/A
328655,"April 22, 2015",Minnesota,"Saint Paul","Baker Street and Livington Avenue",0,0,0,0,0,N/A
326915,"April 19, 2015",Minnesota,"Albert Lea","East Front Street and South Newton Avenue",0,0,0,0,1,N/A
331420,"April 18, 2015",Minnesota,Mahnomen,N/A,0,0,0,0,1,N/A
326997,"April 17, 2015",Minnesota,"Saint Paul","Seventh and Chestnut Street",0,0,0,0,1,N/A
325669,"April 17, 2015",Minnesota,"Norwood Young America","520 N Reform St N",0,0,0,1,1,N/A
327002,"April 17, 2015",Minnesota,Rochester,"3208 U.S. Highway 52 North",0,0,0,0,2,N/A
325672,"April 16, 2015",Minnesota,Minneapolis,"3700 block of Hubbard Ave N",0,0,0,1,1,N/A
323868,"April 14, 2015",Minnesota,"Saint Paul","Case Avenue and Jessie Street",0,0,0,0,1,N/A
323892,"April 13, 2015",Minnesota,Minneapolis,"2300 block of Russell Avenue North",1,0,0,0,0,N/A
323840,"April 13, 2015",Minnesota,"Albert Lea","77667 235th Street",0,0,0,0,0,N/A
323845,"April 12, 2015",Minnesota,Brainerd,"1100 block of Pine Street",0,0,0,0,1,N/A
322147,"April 11, 2015",Minnesota,Minneapolis,"2400 block of Portland Avenue",1,0,0,0,1,N/A
319637,"April 8, 2015",Minnesota,Minneapolis,"4500 block of Penn Avenue North",2,0,0,0,2,N/A
318184,"April 5, 2015",Minnesota,"Saint Paul","800 block of Pierce Butler",1,0,0,0,1,N/A
319367,"April 1, 2015",Minnesota,"Columbia Heights","4200 block of Third Street Northeast",0,0,0,0,1,N/A
316227,"March 31, 2015",Minnesota,Minneapolis,"2200 block of 13th Avenue South",1,0,0,0,0,N/A
316232,"March 30, 2015",Minnesota,Rochester,"1900 block of 19th Avenue Northwest",0,0,0,0,0,N/A
316450,"March 30, 2015",Minnesota,Burnsville,N/A,0,0,0,0,0,N/A
316443,"March 30, 2015",Minnesota,"Saint Paul","North Chatsworth Street and Lafond Avenue",0,0,0,1,1,N/A
316451,"March 29, 2015",Minnesota,"Brooklyn Center","2900 block of County Road 10",0,1,0,0,0,N/A
314299,"March 28, 2015",Minnesota,Rochester,"500 block of 14th Street Southeast",0,1,0,0,0,N/A
315281,"March 28, 2015",Minnesota,"Minneapolis (Bloomington)","1901 Killebrew Dr",0,1,0,0,1,N/A
313647,"March 27, 2015",Minnesota,Minneapolis,"North 10th Street and Currie Avenue",1,0,0,0,1,N/A
314648,"March 26, 2015",Minnesota,Rochester,"5000 block of 48th Street Northeast",0,0,0,0,0,N/A
314285,"March 25, 2015",Minnesota,"Saint Paul","200 block of East Congress Street",0,0,0,0,8,N/A
332106,"March 25, 2015",Minnesota,Blaine,N/A,0,0,0,0,0,N/A
310121,"March 19, 2015",Minnesota,"Saint Paul","600 block of Minnehaha Avenue East",0,0,0,0,8,N/A
310165,"March 19, 2015",Minnesota,"Saint Paul","Seventh and Arcade Street",0,0,0,0,2,N/A
310103,"March 18, 2015",Minnesota,"Saint Paul","800 block of Sims Avenue",0,3,0,0,0,N/A
314644,"March 18, 2015",Minnesota,Rochester,"1600 block of Marion Road",0,0,0,0,1,N/A
310206,"March 18, 2015",Minnesota,Mazeppa,"County Rd 12",0,0,0,0,2,N/A
308581,"March 17, 2015",Minnesota,"Saint Paul","1100 block of Lane Place",0,1,0,0,0,N/A
309808,"March 17, 2015",Minnesota,Minneapolis,"505 Nicollet Ave",0,1,0,0,0,N/A
308072,"March 16, 2015",Minnesota,"Saint Paul","411 White Bear Avenue",0,0,1,0,0,N/A
308089,"March 15, 2015",Minnesota,Bemidji,"400 block of Adams Avenue Southwest",0,0,0,0,6,N/A
308087,"March 14, 2015",Minnesota,"Cass Lake","Littlers Road Southeast",0,0,0,0,0,N/A
310464,"March 13, 2015",Minnesota,Farmington,"205th Street and Colorado Avenue",0,0,0,0,1,N/A
308086,"March 13, 2015",Minnesota,"Albert Lea","601 Giles Place",0,0,0,0,0,N/A
307094,"March 11, 2015",Minnesota,"Norwood Young America","920 Preserve Blvd",1,0,1,0,0,N/A
303589,"March 9, 2015",Minnesota,Minneapolis,"11307 Robinson Dr",0,1,1,0,0,N/A
302335,"March 7, 2015",Minnesota,Minneapolis,"2500 block of 4th Street Northeast",1,0,0,0,1,N/A
304434,"March 6, 2015",Minnesota,Chatfield,"401 James Street NE",0,0,0,0,1,N/A
302341,"March 5, 2015",Minnesota,Rochester,"1200 block of 4 1/2 Street Northwest",0,0,0,0,1,N/A
302030,"March 5, 2015",Minnesota,"Saint Paul","500 block of Rice Street",0,1,0,0,1,N/A
300779,"March 2, 2015",Minnesota,"Columbia Heights","4100 block of Washington Street Northeast",0,1,0,0,0,N/A
300021,"March 2, 2015",Minnesota,Minnetonka,"5400 block of Byscane Lane",0,1,0,0,1,N/A
300665,"March 2, 2015",Minnesota,Rochester,"Bandel Road and 55th Street Northwest",0,0,0,0,0,N/A
300016,"March 2, 2015",Minnesota,Minneapolis,"318 2nd Avenue North",0,2,0,0,0,N/A
302051,"March 2, 2015",Minnesota,Onamia,"17674 Ookwemin Loop",1,0,0,0,2,N/A
299098,"February 28, 2015",Minnesota,Minneapolis,"2700 block of East Lake Street",0,2,0,0,0,N/A
298207,"February 26, 2015",Minnesota,"Saint Paul","275 Lexington Parkway N",0,0,0,0,2,N/A
296647,"February 23, 2015",Minnesota,Bagley,"11000 block of Ebro Dr",0,0,0,0,3,N/A
295733,"February 21, 2015",Minnesota,Minneapolis,"1100 block of 24th Avenue North",0,1,0,0,1,N/A
411760,"February 19, 2015",Minnesota,"Cottage Grove","8455 E. Point Douglas Road",0,1,0,0,1,N/A
295171,"February 18, 2015",Minnesota,Minneapolis,"2300 block of Lincoln Avenue Northeast",0,0,0,0,1,N/A
723238,"February 13, 2015",Minnesota,Winona,N/A,0,1,0,0,1,N/A
294545,"February 12, 2015",Minnesota,Duluth,N/A,1,0,0,0,0,N/A
292261,"February 11, 2015",Minnesota,Minneapolis,"3600 block of Sheridan Avenue N.",0,0,0,0,0,N/A
289470,"February 6, 2015",Minnesota,Rochester,"937 41st Street Northwest",0,0,0,0,0,N/A
288201,"February 4, 2015",Minnesota,Jordan,"500 block of Syndicate St",0,0,1,0,0,N/A
288328,"February 3, 2015",Minnesota,Minneapolis,"300 South Fourth Street",0,0,0,0,1,N/A
287784,"February 2, 2015",Minnesota,Mankato,"601 Maywood Avenue",1,0,0,0,0,N/A
287796,"February 1, 2015",Minnesota,Minneapolis,"7th Avenue North and Washington Avenue",0,1,0,0,0,N/A
287826,"January 31, 2015",Minnesota,Rochester,"307 S. Broadway",0,1,0,0,0,N/A
289605,"January 30, 2015",Minnesota,Duluth,"First Avenue East and Third Street",0,0,0,0,3,N/A
289609,"January 30, 2015",Minnesota,Duluth,"800 block of Upham Road",0,0,0,0,1,N/A
284511,"January 26, 2015",Minnesota,Minneapolis,"2100 block of Fairview Avenue",0,0,1,0,0,N/A
284504,"January 26, 2015",Minnesota,"Minneapolis (New Hope)","4401 Xylon Avenue North",0,2,1,0,0,N/A
283783,"January 25, 2015",Minnesota,Eagan,"1794 Silver Bell Circle",1,0,0,0,0,N/A
283778,"January 24, 2015",Minnesota,Mahtomedi,"Highway 244 and 75th Street North",1,0,0,0,1,N/A
282243,"January 22, 2015",Minnesota,Blaine,"100 block of 92nd Avenue",0,0,0,1,1,N/A
285079,"January 22, 2015",Minnesota,Minneapolis,"7141 N 42nd Ave",0,1,0,0,0,N/A
282360,"January 21, 2015",Minnesota,"Albert Lea","1000 block of Gene Avenue",0,0,0,0,0,N/A
285384,"January 20, 2015",Minnesota,Hollandale,"206 S. Central Avenue",0,0,0,0,0,N/A
282381,"January 18, 2015",Minnesota,"Saint Paul (Mounds View)",N/A,0,0,0,1,0,N/A
300934,"January 17, 2015",Minnesota,"Saint Paul","1800 block of Conway Street",0,0,0,0,0,N/A
282375,"January 17, 2015",Minnesota,Bethel,"124 Main Street NW",0,0,0,0,1,N/A
285405,"January 16, 2015",Minnesota,"Coon Rapids","Coon Rapids Boulevard and Egret Boulevard",0,0,0,0,1,N/A
279544,"January 15, 2015",Minnesota,"Minneapolis (Bloomington)","5800 block of W 99th St",0,0,1,0,0,N/A
278305,"January 14, 2015",Minnesota,"Cottage Grove","8100 block of Harkness Road",0,0,0,0,1,N/A
278294,"January 14, 2015",Minnesota,"Saint Paul","261 E. University Avenue",0,0,1,0,0,N/A
281279,"January 12, 2015",Minnesota,"Saint Paul","McLean Avenue",0,0,0,0,1,N/A
275305,"January 6, 2015",Minnesota,Stewartville,"100 block of Second Avenue Northeast",0,0,0,0,1,N/A
275283,"January 6, 2015",Minnesota,Duluth,"Becks Road",0,0,0,0,1,N/A
274735,"January 4, 2015",Minnesota,Brainerd,"800 block of Juniper Street",1,1,0,0,2,N/A
273625,"January 3, 2015",Minnesota,"Saint Paul","George Street",0,2,0,0,0,N/A
272971,"January 2, 2015",Minnesota,"Saint Paul","Lyton Place and Park Street",0,1,0,0,1,N/A