Incident ID,Incident Date,State,City Or County,Address,Victims Killed,Victims Injured,Suspects Killed,Suspects Injured,Suspects Arrested,Operations
2201172,31-Dec-21,Minnesota,Minneapolis (Bloomington),60 E Broadway,0,2,0,0,1,N/A
2201272,31-Dec-21,Minnesota,Saint Paul (Maplewood),N/A,0,1,0,0,0,N/A
2201244,31-Dec-21,Minnesota,Minneapolis,2400 block of Dupont Ave N,0,0,1,1,0,N/A
2200448,30-Dec-21,Minnesota,Cambridge,MN-95 and Adams St S,0,1,0,0,0,N/A
2200437,30-Dec-21,Minnesota,Burnsville,12500 block of Nicolet Ave,1,0,0,0,0,N/A
2200536,29-Dec-21,Minnesota,Minneapolis,N/A,0,1,0,0,0,N/A
2199817,29-Dec-21,Minnesota,Virginia,500 block of 12th St S,0,1,0,0,0,N/A
2200000,29-Dec-21,Minnesota,Saint Paul,1379 Phalen Blvd,0,1,0,0,0,N/A
2199525,29-Dec-21,Minnesota,Minneapolis,412 Cedar Lake Rd S,0,1,0,0,1,N/A
2200003,29-Dec-21,Minnesota,Minneapolis,1525 S 4th St,0,1,0,0,0,N/A
2199529,28-Dec-21,Minnesota,Saint Paul,590 block of Blair Ave,1,0,0,0,1,N/A
2199543,28-Dec-21,Minnesota,Saint Paul,340 block of 7th St W,0,1,0,0,0,N/A
2198508,27-Dec-21,Minnesota,Moorhead,900 block of 23rd Ave S,0,1,0,0,0,N/A
2198500,27-Dec-21,Minnesota,Minneapolis,3700 block of Park Ave S,1,0,0,0,1,N/A
2198547,27-Dec-21,Minnesota,Saint Paul,945 Rice St,1,0,0,0,1,N/A
2199303,27-Dec-21,Minnesota,Minneapolis (Edina),France Ave S and W 65th St,0,1,0,0,0,N/A
2198503,26-Dec-21,Minnesota,Minneapolis (Brooklyn Park),8400 block of Sheridan Ave,0,1,0,0,0,N/A
2197410,26-Dec-21,Minnesota,Minneapolis (Robbinsdale),3700 block of Lake Dr,2,0,0,0,1,N/A
2196127,24-Dec-21,Minnesota,Minneapolis,N Oliver Ave and N 30th Ave,0,1,0,0,0,N/A
2196134,24-Dec-21,Minnesota,Minneapolis,W 22nd St and S Lyndale Ave,0,1,0,0,0,N/A
2196105,23-Dec-21,Minnesota,Minneapolis,4800 block of S 5th Ave,0,1,0,0,0,N/A
2196136,23-Dec-21,Minnesota,Austin,1201 W Oakland Ave,0,0,1,0,0,N/A
2195615,22-Dec-21,Minnesota,Minneapolis (Blaine),8800 block of Jackson St NE,0,1,0,0,0,N/A
2193517,20-Dec-21,Minnesota,Minneapolis,2700 block of Longfellow Ave,1,0,0,0,0,N/A
2194221,20-Dec-21,Minnesota,Minneapolis,3600 block of Aldrich Ave N,0,1,0,0,0,N/A
2193949,20-Dec-21,Minnesota,Minneapolis,2100 block of Dupont Ave N,0,1,0,0,0,N/A
2193526,20-Dec-21,Minnesota,Minneapolis,Bryant Ave N and 36 Ave N,0,1,0,0,0,N/A
2192877,19-Dec-21,Minnesota,Mapleton,100 block of 4th Ave SE,0,1,0,0,1,N/A
2192593,18-Dec-21,Minnesota,Saint Paul,1084 Larpenteur Ave W,0,1,0,0,0,N/A
2192586,18-Dec-21,Minnesota,Saint Paul (Eagan),1969 Silver Bell Rd,1,0,0,0,1,N/A
2191900,17-Dec-21,Minnesota,Minneapolis,45 8th St S,0,1,0,0,0,N/A
2192025,16-Dec-21,Minnesota,Rogers,13550 Commerce Blvd,0,1,0,0,1,N/A
2191877,16-Dec-21,Minnesota,Willmar,400 15th Ave SW,0,0,0,1,1,N/A
2189323,13-Dec-21,Minnesota,Minneapolis (Brooklyn Park),N/A,0,1,0,0,0,N/A
2189064,13-Dec-21,Minnesota,Saint Cloud,1000 block of 5th Ave S,0,1,1,0,0,N/A
2187697,12-Dec-21,Minnesota,Minneapolis,4400 block of N Bryant Ave,1,1,0,0,0,N/A
2188649,12-Dec-21,Minnesota,Saint Paul,W Minnehaha Ave and N Victoria St,0,1,0,0,0,N/A
2187685,11-Dec-21,Minnesota,Minneapolis,1800 block of Penn Ave N,0,3,0,0,1,N/A
2187744,11-Dec-21,Minnesota,Minneapolis,3700 block of Bloomington Ave,0,1,0,0,0,N/A
2189393,11-Dec-21,Minnesota,Saint Paul,1200 White Bear Ave N,0,1,0,0,0,N/A
2187710,11-Dec-21,Minnesota,Minneapolis,601 University Ave SE,0,1,0,0,0,N/A
2187549,10-Dec-21,Minnesota,Kettle River,3600 block of Heiskari Rd,1,0,0,0,1,N/A
2186042,8-Dec-21,Minnesota,Hopkins,800 block of Old Settlers Trl,0,1,0,0,0,N/A
2185874,8-Dec-21,Minnesota,Saint Paul,270 Larpenteur Ave W,0,0,0,0,1,N/A
2184223,7-Dec-21,Minnesota,Minneapolis,1525 S 4th St,0,1,0,0,0,N/A
2184215,7-Dec-21,Minnesota,Minneapolis,3131 S 19th Ave,0,0,0,0,0,N/A
2184229,6-Dec-21,Minnesota,Minneapolis,2500 block of 10th Ave S,0,2,0,0,0,N/A
2183008,5-Dec-21,Minnesota,Saint Paul (West Saint Paul),433 Mendota Rd E,0,2,0,0,1,N/A
2183371,5-Dec-21,Minnesota,Minneapolis (Brooklyn Park),8200 block of Zane Ave N,0,1,0,0,0,N/A
2182281,4-Dec-21,Minnesota,Minneapolis,N/A,0,1,0,0,0,N/A
2182275,4-Dec-21,Minnesota,Minneapolis,36th Ave N and Penn Ave N,0,1,0,0,0,N/A
2182252,4-Dec-21,Minnesota,Minneapolis,408 Hennepin Ave,0,1,0,0,0,N/A
2182224,4-Dec-21,Minnesota,Saint Paul,100 block of Litchfield St W,0,1,0,0,0,N/A
2182671,4-Dec-21,Minnesota,Minneapolis,Chicago Ave S and 28th St E,0,1,0,0,0,N/A
2182285,3-Dec-21,Minnesota,Minneapolis,N/A,0,1,0,0,0,N/A
2244252,3-Dec-21,Minnesota,Saint Paul (West Saint Paul),1030 Dodd Rd,0,1,0,0,2,N/A
2180165,1-Dec-21,Minnesota,Minneapolis,626 W Broadway Ave,1,0,0,0,0,N/A
2180167,1-Dec-21,Minnesota,Minneapolis,3100 block of N Logan Ave,1,1,0,0,0,N/A
2179515,30-Nov-21,Minnesota,Saint Paul (Maplewood),2800 block of White Bear Ave,0,1,0,0,1,N/A
2179531,30-Nov-21,Minnesota,Minneapolis,20th Ave S and Riverside Ave,0,1,0,0,0,N/A
2179526,30-Nov-21,Minnesota,Minneapolis,E 35th St and Hiawatha Ave,0,1,0,0,0,N/A
2177575,29-Nov-21,Minnesota,Minneapolis,2501 Cedar Ave S,0,1,0,0,0,N/A
2177348,28-Nov-21,Minnesota,Saint Paul (Mounds View),2577 Mounds View Blvd,0,0,1,0,0,N/A
2176988,28-Nov-21,Minnesota,Forest Lake,7000 block of N Shore Trail,0,0,1,0,0,N/A
2177358,28-Nov-21,Minnesota,Minneapolis,4500 block of S 5th Ave,0,1,0,0,0,N/A
2177351,28-Nov-21,Minnesota,Minneapolis,Chicago Ave S and Franklin Ave E,0,1,0,0,0,N/A
2177009,27-Nov-21,Minnesota,Minneapolis,528 Hennepin Ave,0,1,0,0,0,N/A
2176986,27-Nov-21,Minnesota,Minneapolis,200 block of Portland Ave,0,1,0,0,0,N/A
2177002,27-Nov-21,Minnesota,Minneapolis,N/A,0,2,0,0,0,N/A
2175782,26-Nov-21,Minnesota,Minneapolis,2600 block of 3rd St N,0,1,0,0,0,N/A
2175776,26-Nov-21,Minnesota,Minneapolis,1450 W Lake St,0,1,0,0,0,N/A
2175762,25-Nov-21,Minnesota,Minneapolis (Brooklyn Park),8000 block of Florida Ave,1,0,0,0,1,N/A
2175897,25-Nov-21,Minnesota,Minneapolis,N/A,0,1,0,0,0,N/A
2174323,24-Nov-21,Minnesota,Minneapolis,1800 block of E Lake St,0,1,0,0,0,N/A
2174794,24-Nov-21,Minnesota,Minneapolis,2400 block of Pleasant Ave,0,1,0,0,0,N/A
2174802,24-Nov-21,Minnesota,Minneapolis,Minnehaha Ave S and 20th Ave S,0,1,0,0,0,N/A
2174314,23-Nov-21,Minnesota,Cottage Grove,8700 block of Ironwood Ave,0,1,0,0,1,N/A
2174333,23-Nov-21,Minnesota,Minneapolis,N 29th Ave and N Colfax Ave,0,1,0,0,0,N/A
2173320,22-Nov-21,Minnesota,Saint Paul (White Bear Lake),3500 Century Ave N,0,1,0,0,0,N/A
2172243,21-Nov-21,Minnesota,Hopkins,1010 Lake St NE,0,1,0,0,1,N/A
2172471,21-Nov-21,Minnesota,Saint Paul (West Saint Paul),1445 S Robert St,0,1,0,0,1,N/A
2171747,20-Nov-21,Minnesota,Saint Paul,190 Larpenteur Ave,0,1,0,0,1,N/A
2172433,20-Nov-21,Minnesota,Minneapolis (Brooklyn Park),7500 block of Brooklyn Blvd,0,1,0,0,0,N/A
2171943,20-Nov-21,Minnesota,Saint Paul,1000 block of York Ave,1,0,0,0,3,N/A
2172982,20-Nov-21,Minnesota,Elgin,County Rd 24 NE and 65th St NE,0,1,0,0,0,N/A
2171678,20-Nov-21,Minnesota,Champlin,11100 block of Yates Ave N,0,1,0,0,1,N/A
2171741,19-Nov-21,Minnesota,Minneapolis,N 26th Ave and N Morgan Ave,0,2,0,0,0,N/A
2169835,17-Nov-21,Minnesota,Minneapolis,1300 block of S 7th St,1,0,0,0,0,N/A
2167839,15-Nov-21,Minnesota,Minneapolis,1840 Penn Ave N,0,1,0,0,0,N/A
2167151,15-Nov-21,Minnesota,Minneapolis,2000 block of 21st Ave S,0,1,0,0,0,N/A
2166528,14-Nov-21,Minnesota,Minneapolis,5200 block of Bryant Ave N,0,1,0,0,0,N/A
2167156,14-Nov-21,Minnesota,Minneapolis (Columbia Heights),4700 block of Central Ave NE,0,1,0,0,0,N/A
2166408,13-Nov-21,Minnesota,Fisher,US-2 and 380th Ave SW,0,1,0,0,0,N/A
2166553,13-Nov-21,Minnesota,Minneapolis,1505 Central Ave NE,0,1,0,0,0,N/A
2166398,13-Nov-21,Minnesota,Saint Paul (Roseville),2100 Dale St N,0,1,0,0,0,N/A
2165420,12-Nov-21,Minnesota,Minneapolis,W Broadway Ave and N Lyndale Ave,1,0,0,0,1,N/A
2166406,12-Nov-21,Minnesota,Dassel (Kingston),72000 block of Csah 27,0,1,0,0,0,N/A
2164863,11-Nov-21,Minnesota,Minneapolis (Brooklyn Center),5600 block of N Girard Ave,1,0,0,0,1,N/A
2164595,11-Nov-21,Minnesota,Saint Paul,295 Rice St,0,0,0,0,0,N/A
2164786,10-Nov-21,Minnesota,Minneapolis,E Lake St and Portland Ave,0,1,0,0,0,N/A
2163542,9-Nov-21,Minnesota,Minneapolis,2501 Cedar Ave S,0,1,0,0,0,N/A
2163482,9-Nov-21,Minnesota,Minneapolis,1400 block of E Lake St,0,1,0,0,0,N/A
2163553,9-Nov-21,Minnesota,Saint Paul,2416 11th Ave,0,0,0,0,0,N/A
2162292,8-Nov-21,Minnesota,Minneapolis,2900 block of Pillsbury Ave,0,1,0,0,0,N/A
2162630,8-Nov-21,Minnesota,Minneapolis,N/A,0,1,0,0,0,N/A
2163336,8-Nov-21,Minnesota,Oklee,Elm St,0,1,0,0,1,N/A
2161432,7-Nov-21,Minnesota,Minneapolis,2200 Lyndale Ave S,0,2,0,0,1,N/A
2161869,7-Nov-21,Minnesota,Minneapolis (Brooklyn Park),8100 block of Zane Ave N,0,1,0,0,0,N/A
2161430,7-Nov-21,Minnesota,Minneapolis,2200 block of W Broadway Ave,0,1,0,0,0,N/A
2161428,6-Nov-21,Minnesota,Minneapolis,5000 block of Camden Ave N,0,1,0,0,0,N/A
2161425,6-Nov-21,Minnesota,Minneapolis,1500 block of Nicollet Ave,0,1,0,0,0,N/A
2160948,6-Nov-21,Minnesota,Minneapolis,2400 block of 18th Ave S,0,2,0,0,0,N/A
2160782,6-Nov-21,Minnesota,Minneapolis,21st Ave S and Riverside Ave,0,1,0,0,0,N/A
2159337,4-Nov-21,Minnesota,Minneapolis,E Franklin Ave and Chicago Ave,1,0,0,0,0,N/A
2159399,3-Nov-21,Minnesota,Saint Paul,Edmund Ave W and St Albans St N,0,1,0,0,0,N/A
2158547,3-Nov-21,Minnesota,Minneapolis,N/A,0,1,0,0,0,N/A
2158145,3-Nov-21,Minnesota,Saint Paul,1400 block of St Clair Ave,0,1,0,0,0,N/A
2157360,2-Nov-21,Minnesota,Minneapolis,Lowry Ave N and Dupont Ave N,0,1,0,0,1,N/A
2157357,2-Nov-21,Minnesota,Minneapolis,N/A,0,1,0,0,0,N/A
2158137,2-Nov-21,Minnesota,Minneapolis (Brooklyn Park),7400 block of Brooklyn Blvd,0,1,0,0,0,N/A
2160767,1-Nov-21,Minnesota,Eden Prairie,7780 Flying Cloud Dr,1,0,0,1,1,N/A
2155355,31-Oct-21,Minnesota,Minneapolis,3600 block of N Fremont Ave,1,0,0,0,0,N/A
2155859,31-Oct-21,Minnesota,Minneapolis,2600 block of Bloomington Ave,0,1,0,0,0,N/A
2503820,30-Oct-21,Minnesota,Inver Grove Heights,N/A,0,1,0,0,1,N/A
2151835,27-Oct-21,Minnesota,Osseo (Maple Grove),11960 73rd Ave N,0,1,0,0,1,N/A
2151271,26-Oct-21,Minnesota,Minneapolis,1800 block of Chicago Ave,0,3,0,0,0,N/A
2151263,26-Oct-21,Minnesota,Minneapolis,2400 block of Ogema Pl,0,1,0,0,0,N/A
2153943,25-Oct-21,Minnesota,Farmington,5430 183rd St W,2,0,0,0,1,N/A
2149548,24-Oct-21,Minnesota,Minneapolis,3800 block of Columbus Ave S,0,1,0,0,0,N/A
2149293,23-Oct-21,Minnesota,Minneapolis,1500 block of E Lake St,0,2,0,0,0,N/A
2150202,22-Oct-21,Minnesota,Glenville,11172 755th Ave,0,1,0,0,0,N/A
2148254,22-Oct-21,Minnesota,Saint Paul,White Bear Ave and Idaho Ave E,0,1,0,0,0,N/A
2148248,22-Oct-21,Minnesota,Saint Paul,589 Dale St N,0,1,0,0,0,N/A
2148058,21-Oct-21,Minnesota,Minneapolis,2600 block of Bloomington Ave,0,2,0,0,0,N/A
2148056,21-Oct-21,Minnesota,Minneapolis,2100 block of N Vincent Ave,0,1,0,0,0,N/A
2145493,19-Oct-21,Minnesota,Minneapolis,3700 block of N Girard Ave,0,1,0,0,0,N/A
2145393,19-Oct-21,Minnesota,Minneapolis,2200 block of N 6th St,0,1,0,0,0,N/A
2146221,19-Oct-21,Minnesota,Minneapolis,E 40th St and Columbus Ave,0,1,0,0,0,N/A
2341833,19-Oct-21,Minnesota,Byron,N/A,0,0,0,1,1,N/A
2143915,18-Oct-21,Minnesota,Minneapolis,S 8th St and Nicollet Ave,0,1,0,0,0,N/A
2143867,17-Oct-21,Minnesota,Hopkins,320 Blake Rd N,1,0,0,0,0,N/A
2143434,17-Oct-21,Minnesota,Minneapolis,1830 Stevens Ave,0,1,0,0,0,N/A
2143322,17-Oct-21,Minnesota,Minneapolis,E Lake St and S 5th Ave,0,1,0,0,0,N/A
2142621,16-Oct-21,Minnesota,Brookston,9999 Eklund Rd,2,0,1,0,0,N/A
2142761,16-Oct-21,Minnesota,Minneapolis,N 29th Ave and Dupont Ave N,0,1,0,0,0,N/A
2142992,16-Oct-21,Minnesota,Minneapolis,Cedar Ave S and E 26th St,0,2,0,0,0,N/A
2142893,16-Oct-21,Minnesota,Minneapolis,N/A,0,1,0,0,0,N/A
2141258,14-Oct-21,Minnesota,Minneapolis,45th Ave N and N Irving Ave,0,1,0,0,0,N/A
2141245,14-Oct-21,Minnesota,Minneapolis,400 block of W Broadway Ave,0,1,0,0,0,N/A
2142090,14-Oct-21,Minnesota,Minneapolis,2000 3rd Ave S,0,1,0,0,0,N/A
2142087,14-Oct-21,Minnesota,Minneapolis,1818 Lowry Ave N,0,1,0,0,0,N/A
2142092,14-Oct-21,Minnesota,Minneapolis,814 E Franklin Ave,1,4,0,0,0,N/A
2141279,13-Oct-21,Minnesota,Saint Paul,200 block of W Fuller Ave,0,1,0,0,0,N/A
2141268,13-Oct-21,Minnesota,Minneapolis,Clinton Ave and E 35th St,0,1,0,0,0,N/A
2140505,13-Oct-21,Minnesota,Minneapolis,2937 5th Ave S,1,0,0,0,0,N/A
2140133,13-Oct-21,Minnesota,Minneapolis,E 34th St and Chicago Ave,0,1,0,0,0,N/A
2140126,13-Oct-21,Minnesota,Minneapolis,S 6th St and 21st Ave S,0,1,0,0,0,N/A
2140099,13-Oct-21,Minnesota,Minneapolis,700 block of Tyler St NE,0,1,0,0,0,N/A
2139514,12-Oct-21,Minnesota,Minneapolis,3500 block of Bryant Ave N,0,1,0,0,0,N/A
2140110,12-Oct-21,Minnesota,Minneapolis,500 E Lake St,0,1,0,0,0,N/A
2138491,11-Oct-21,Minnesota,Minneapolis,Nicollet Ave and E Franklin Ave,0,1,0,0,0,N/A
2138809,11-Oct-21,Minnesota,Minneapolis,W 35th St and Girard Ave S,0,1,0,0,0,N/A
2137230,10-Oct-21,Minnesota,Saint Paul,501 Blair Ave,0,1,0,0,0,N/A
2137198,10-Oct-21,Minnesota,Saint Paul,214 7th St W,1,12,0,3,3,N/A
2138087,10-Oct-21,Minnesota,Minneapolis,2300 block of S 9th St,0,1,0,0,0,N/A
2136092,8-Oct-21,Minnesota,Saint Paul,Rice St and Larpenteur Ave,0,1,0,0,1,N/A
2135410,7-Oct-21,Minnesota,Saint Paul,500 block of Sims Ave,0,1,0,0,0,N/A
2136085,7-Oct-21,Minnesota,Nisswa,23684 Co Rd 4,1,0,0,0,1,N/A
2135505,7-Oct-21,Minnesota,Minneapolis,Nicollet Ave and E 15th St,0,1,0,0,0,N/A
2133137,5-Oct-21,Minnesota,Saint Paul,922 Thomas Ave W,0,4,0,0,1,N/A
2132430,4-Oct-21,Minnesota,Minneapolis,Hennepin Ave and S 8th St,0,1,0,0,0,N/A
2132882,4-Oct-21,Minnesota,Minneapolis (Blaine),10500 block of Quincy Blvd NE,0,0,0,1,0,N/A
2132656,4-Oct-21,Minnesota,Minneapolis,626 W Broadway Ave,0,4,0,0,0,N/A
2131445,3-Oct-21,Minnesota,Saint Paul (Lauderdale),2520 Larpenteur Ave,0,1,0,0,0,N/A
2132249,3-Oct-21,Minnesota,Rochester,2000 block of Chardonnay Ln NW,0,2,0,0,0,N/A
2131942,3-Oct-21,Minnesota,Rochester,12 Arena Dr SE,1,0,0,0,0,N/A
2131067,2-Oct-21,Minnesota,Minneapolis,1515 S 4th St,0,1,0,0,0,N/A
2130819,2-Oct-21,Minnesota,Minneapolis,3400 block of Johnson St NE,0,1,0,0,0,N/A
2131074,2-Oct-21,Minnesota,Minneapolis,N/A,0,1,0,0,0,N/A
2131455,2-Oct-21,Minnesota,Saint Paul,I-94,0,1,0,0,0,N/A
2130304,1-Oct-21,Minnesota,Minneapolis,1301 W Broadway Ave,0,1,0,0,0,N/A
2130909,1-Oct-21,Minnesota,Duluth,N Central Ave and Cody St,0,0,0,0,1,N/A
2130167,1-Oct-21,Minnesota,Saint Paul,900 block of Edmund Ave W,0,1,0,0,0,N/A
2130911,1-Oct-21,Minnesota,Minneapolis,4600 N Aldrich Ave,1,0,0,0,0,N/A
2130827,1-Oct-21,Minnesota,Watkins,150th St,1,0,0,0,0,N/A
2130188,30-Sep-21,Minnesota,Minneapolis (Brooklyn Park),6200 block of 78th Ave N,0,1,0,0,0,N/A
2128598,29-Sep-21,Minnesota,Minneapolis (Brooklyn Center),6950 Brooklyn Blvd,1,0,0,0,0,N/A
2128417,29-Sep-21,Minnesota,Minneapolis,1100 block of Knox Ave N,1,0,0,0,0,N/A
2128448,29-Sep-21,Minnesota,Minneapolis,N 12th Ave and N Humboldt Ave,0,1,0,0,0,N/A
2128912,29-Sep-21,Minnesota,Minneapolis,4100 block of E 54th St,0,1,0,0,0,N/A
2128023,28-Sep-21,Minnesota,Minneapolis,2700 block of Bloomington Ave,1,3,0,0,0,N/A
2127979,28-Sep-21,Minnesota,Duluth,Commonwealth Ave and Idaho St,0,0,0,1,1,N/A
2127468,28-Sep-21,Minnesota,Saint Paul,30 block of Winnipeg Ave W,1,0,0,0,1,N/A
2162109,27-Sep-21,Minnesota,Minneapolis,Chicago Ave S and Franklin Ave E,0,1,0,0,0,N/A
2127944,26-Sep-21,Minnesota,Glenville,11859 800th Ave,0,1,0,0,1,N/A
2126165,26-Sep-21,Minnesota,Saint Cloud,300 block of 6th Ave S,0,1,0,0,0,N/A
2126082,26-Sep-21,Minnesota,Minneapolis,2400 block of Portland Ave,0,2,0,0,0,N/A
2126079,26-Sep-21,Minnesota,Minneapolis,505 W Broadway Ave,0,1,0,0,0,N/A
2125869,26-Sep-21,Minnesota,Minneapolis,814 E Franklin Ave,0,1,0,0,0,N/A
2127277,26-Sep-21,Minnesota,Saint Paul,825 Jefferson Ave,0,1,0,0,0,N/A
2125700,25-Sep-21,Minnesota,Minneapolis,2740 Minnehaha Ave,1,0,0,0,0,N/A
2125706,25-Sep-21,Minnesota,Minneapolis,1801 Stevens Ave S,1,0,0,0,0,N/A
2125708,25-Sep-21,Minnesota,Minneapolis,Pillsbury Ave S and W Lake St,0,1,0,0,0,N/A
2124785,24-Sep-21,Minnesota,Minneapolis,2900 block of N Sheridan Ave,0,1,0,0,0,N/A
2124807,24-Sep-21,Minnesota,Saint Paul,1200 block of Westminster St,1,0,0,1,1,N/A
2124787,23-Sep-21,Minnesota,Minneapolis,E Lake St and 17th Ave S,0,1,0,0,0,N/A
2123746,23-Sep-21,Minnesota,Minneapolis,5100 block of N Logan Ave,0,1,0,0,0,N/A
2123507,23-Sep-21,Minnesota,Saint Paul,1785 Suburban Ave,1,0,0,0,1,N/A
2123546,22-Sep-21,Minnesota,Saint Paul (Mounds View),5200 block of Pinewood Ct,0,0,0,0,0,N/A
2122552,22-Sep-21,Minnesota,Bemidji,2965 Pine Ridge Ave NW,0,1,0,0,0,N/A
2123544,21-Sep-21,Minnesota,Hastings,19000 block of Lena Ave,0,0,0,0,1,N/A
2120763,20-Sep-21,Minnesota,Saint Paul,1900 block of Arlington Ave E,0,1,0,0,1,N/A
2120888,19-Sep-21,Minnesota,Minneapolis (Brooklyn Park),8440 Regent Ave N,0,1,0,0,0,N/A
2119654,19-Sep-21,Minnesota,Minneapolis,N 7th St and N 1st Ave,0,3,0,0,2,N/A
2119661,19-Sep-21,Minnesota,Minneapolis,10th Ave S and E 24th St,0,2,0,0,0,N/A
2119669,18-Sep-21,Minnesota,Minneapolis,N/A,0,1,0,0,0,N/A
2119134,18-Sep-21,Minnesota,Minneapolis,2500 block of E Lake St,0,1,0,0,0,N/A
2119543,18-Sep-21,Minnesota,Minneapolis,Girard Ave S and W Lake St,0,2,0,0,0,N/A
2119546,18-Sep-21,Minnesota,Minneapolis,2nd St and 11th Ave S,0,1,0,0,0,N/A
2119644,18-Sep-21,Minnesota,Minneapolis,27th Ave S and E 29th St,0,1,0,0,0,N/A
2119422,18-Sep-21,Minnesota,Saint Paul,800 block of Rice St,0,1,0,0,1,N/A
2119376,18-Sep-21,Minnesota,Minneapolis,N Bryant Ave and N 22nd Ave,0,1,0,0,0,N/A
2118468,17-Sep-21,Minnesota,Saint Paul (Little Canada),2400 block of Rice St,0,1,0,0,0,N/A
2117916,16-Sep-21,Minnesota,Minneapolis,621 N 29th Ave,0,1,0,0,0,N/A
2117747,16-Sep-21,Minnesota,Minneapolis,1900 block of Chicago Ave,0,1,0,0,0,N/A
2117923,15-Sep-21,Minnesota,Waite Park,1004 2nd St S,0,2,0,0,0,N/A
2116762,15-Sep-21,Minnesota,Minneapolis,1810 3rd Ave S,1,0,0,0,0,N/A
2116787,14-Sep-21,Minnesota,Minneapolis,W 31st St and Lyndale Ave S,0,1,0,0,0,N/A
2116412,14-Sep-21,Minnesota,Minneapolis,500 block of N 49th Ave,1,0,0,0,0,N/A
2115123,13-Sep-21,Minnesota,Minneapolis,2000 block of S 5th Ave,0,1,0,0,0,N/A
2115947,12-Sep-21,Minnesota,Saint Paul,7th St W and N Walnut St,4,0,0,0,1,N/A
2115135,12-Sep-21,Minnesota,Minneapolis,2400 block of Ogema Pl,0,1,0,0,0,N/A
2114327,12-Sep-21,Minnesota,Long Prairie,500 block of 2nd Ave SE,1,2,0,0,0,N/A
2114178,12-Sep-21,Minnesota,Minneapolis,300 block of SE 3rd Ave,0,1,0,0,0,N/A
2114198,12-Sep-21,Minnesota,Minneapolis,2411 24th Ave S,1,0,0,0,0,N/A
2112774,10-Sep-21,Minnesota,Minneapolis (Richfield),7450 Penn Ave S,0,0,0,0,1,N/A
2112939,10-Sep-21,Minnesota,Minneapolis,2125 Glenwood Ave,0,1,0,0,0,N/A
2113813,10-Sep-21,Minnesota,Moorhead,3000 block of 17th St S,1,0,0,0,1,N/A
2112159,9-Sep-21,Minnesota,Minneapolis,2125 Glenwood Ave,1,0,0,1,1,N/A
2111931,9-Sep-21,Minnesota,Minneapolis,2025 Emerson Ave N,1,0,0,0,1,N/A
2112143,9-Sep-21,Minnesota,Minneapolis,707 N 42nd Ave,1,2,0,0,0,N/A
2111929,8-Sep-21,Minnesota,Minneapolis (New Hope),W Broadway and 62nd Ave N,0,1,0,0,0,N/A
2111019,8-Sep-21,Minnesota,Minneapolis,N Aldrich Ave and N 8th Ave,1,0,0,0,1,N/A
2110691,7-Sep-21,Minnesota,Minneapolis (Brooklyn Park),6500 block of Zane Ave N,0,1,0,0,0,N/A
2109319,5-Sep-21,Minnesota,Bemidji,11000 block of Chokecherry Dr NE,1,0,0,0,0,N/A
2107782,4-Sep-21,Minnesota,Minneapolis,S 9th St and Park Ave,0,1,0,0,0,N/A
2108529,4-Sep-21,Minnesota,Minneapolis,W 47th St and Lyndale Ave S,0,1,0,0,0,N/A
2108523,4-Sep-21,Minnesota,Minneapolis,12th Ave S and E Lake St,0,1,0,0,0,N/A
2114385,3-Sep-21,Minnesota,Dalton,Bankers Dr and Co Hwy 37,0,0,0,0,1,N/A
2107337,2-Sep-21,Minnesota,Minneapolis,N Dowling Ave and Emerson Ave N,0,1,0,0,0,N/A
2106510,2-Sep-21,Minnesota,Minneapolis,1127 W Broadway Ave,0,1,0,0,0,N/A
2107166,2-Sep-21,Minnesota,Minneapolis,600 block of W Broadway Ave,0,1,0,0,0,N/A
2106312,1-Sep-21,Minnesota,Bemidji,900 block of 26th St NW,0,0,0,0,3,N/A
2106309,1-Sep-21,Minnesota,Saint Paul,Beaumont St E and Burr St N,0,1,0,0,0,N/A
2105176,1-Sep-21,Minnesota,Minneapolis,626 W Broadway Ave,0,1,0,0,0,N/A
2106724,1-Sep-21,Minnesota,Moorhead,1100 block of 19th St S,0,1,0,0,0,N/A
2104649,30-Aug-21,Minnesota,Minneapolis,Portland Ave and E 32nd St,0,0,0,0,1,N/A
2102936,29-Aug-21,Minnesota,Saint Paul,Raspberry Island,1,0,0,0,1,N/A
2102934,29-Aug-21,Minnesota,Saint Paul,472 Jackson St,1,0,0,0,4,N/A
2103849,29-Aug-21,Minnesota,Princeton,10126 55th St,1,0,0,0,0,N/A
2103206,29-Aug-21,Minnesota,Saint Paul,E 7th St and Mounds Blvd,1,0,0,0,1,N/A
2103209,29-Aug-21,Minnesota,Minneapolis,N Dowling Ave,1,0,0,0,1,N/A
2102955,29-Aug-21,Minnesota,Minneapolis,I-35W and SE Washington Ave,0,1,0,0,0,N/A
2103352,29-Aug-21,Minnesota,Minneapolis,3700 block of Columbus Ave S,0,1,0,0,0,N/A
2102941,28-Aug-21,Minnesota,Saint Paul (Maplewood),Larpenteur Ave E and Howard St N,1,0,0,0,0,N/A
2102947,28-Aug-21,Minnesota,Minneapolis,Central Ave NE and Lowry Ave NE,0,1,0,0,0,N/A
2102944,28-Aug-21,Minnesota,Saint Paul,629 Rice St,0,1,0,0,0,N/A
2102758,28-Aug-21,Minnesota,Minneapolis,First Ave N and Fifth St N,0,1,0,0,0,N/A
2101808,27-Aug-21,Minnesota,Saint Paul,N Milton St and Concordia Ave,0,1,0,0,0,N/A
2104762,27-Aug-21,Minnesota,Rochester,1100 block of 2nd Street SW,0,0,0,0,1,N/A
2101009,26-Aug-21,Minnesota,Saint Paul,N Milton St and Thomas Ave W,0,1,0,0,0,N/A
2100578,26-Aug-21,Minnesota,Minneapolis,3006 Lyndale Ave,0,7,0,0,0,N/A
2099269,24-Aug-21,Minnesota,Minneapolis,2399 17th Ave S,0,1,0,0,0,N/A
2098498,23-Aug-21,Minnesota,Saint Paul,800 block of Albemarle St,1,0,0,0,1,N/A
2098496,23-Aug-21,Minnesota,Saint Paul (White Bear Lake),3500 block of Emerald Dr,0,1,0,0,0,N/A
2099292,23-Aug-21,Minnesota,Saint Paul,900 block of Jenks Ave E,0,0,0,1,1,N/A
2099303,23-Aug-21,Minnesota,Saint Paul,1200 block of Dayton Ave,0,1,0,0,0,N/A
2097486,22-Aug-21,Minnesota,Minneapolis,2125 Glenwood Ave,0,1,0,0,0,N/A
2097216,22-Aug-21,Minnesota,Minneapolis,28th St and Pillsbury Ave,0,1,0,0,0,N/A
2097230,22-Aug-21,Minnesota,Scandia,23000 block of Manning Trail N,0,0,0,0,1,N/A
2098018,22-Aug-21,Minnesota,Saint Cloud,6th St N and 10th Ave N,0,0,0,0,1,N/A
2097190,22-Aug-21,Minnesota,Minneapolis,315 N Washington Ave,1,0,0,0,0,N/A
2097927,22-Aug-21,Minnesota,Minneapolis,2700 block of N Fremont Ave,0,2,0,0,0,N/A
2097200,21-Aug-21,Minnesota,Minneapolis (Brooklyn Center),I-94 and 53rd Ave N,1,0,0,0,1,N/A
2096074,20-Aug-21,Minnesota,Minneapolis,2800 block of Pillsbury Ave S,0,1,0,0,0,N/A
2098014,20-Aug-21,Minnesota,Austin,400 block of 3rd Ave SE,0,0,0,0,1,N/A
2095986,19-Aug-21,Minnesota,Rochester,N/A,0,1,0,0,0,N/A
2095807,19-Aug-21,Minnesota,Saint Paul,400 block of Minnehaha Ave E,0,1,0,0,1,N/A
2094418,18-Aug-21,Minnesota,Saint Paul (Mounds View),2500 block of County Rd I,1,0,0,0,0,N/A
2093723,17-Aug-21,Minnesota,Minneapolis (Brooklyn Park),5700 Brookdale Dr N,1,0,0,0,0,N/A
2093728,17-Aug-21,Minnesota,Minneapolis,N Logan Ave and N 30th Ave,0,1,0,0,0,N/A
2093716,17-Aug-21,Minnesota,Minneapolis,N Colfax Ave and 36th Ave N,0,1,0,0,0,N/A
2092150,16-Aug-21,Minnesota,Saint Paul,1084 Larpenteur Ave W,1,0,0,0,1,N/A
2091854,15-Aug-21,Minnesota,Minneapolis,100 W Lake St,1,0,0,0,0,N/A
2091860,15-Aug-21,Minnesota,Minneapolis,2500 block of 12th Ave S,0,1,0,0,0,N/A
2092290,15-Aug-21,Minnesota,Minneapolis,2318 29th Ave S,0,1,0,0,0,N/A
2091872,14-Aug-21,Minnesota,Minneapolis,400 block of 14th Ave SE,0,1,0,0,0,N/A
2092294,14-Aug-21,Minnesota,Minneapolis,1200 block of 4th St SE,0,2,0,0,0,N/A
2090456,13-Aug-21,Minnesota,Minneapolis,320 Cedar Ave S,0,1,0,0,0,N/A
2090445,13-Aug-21,Minnesota,Minneapolis,2600 block of Cedar Ave,0,1,0,0,0,N/A
2090468,13-Aug-21,Minnesota,Saint Paul,30 block of Front Ave,0,1,0,0,0,N/A
2090458,13-Aug-21,Minnesota,Saint Paul,N/A,0,1,0,0,0,N/A
2089933,13-Aug-21,Minnesota,Bena,N/A,1,0,0,0,0,N/A
2089420,11-Aug-21,Minnesota,Minneapolis (Brooklyn Park),6500 block of 67th Ave N,0,0,0,0,1,N/A
2090189,11-Aug-21,Minnesota,Saint Cloud,1000 9th Ave S,0,2,0,0,1,N/A
2092275,11-Aug-21,Minnesota,Minneapolis,3600 block of Knox Ave N,1,0,0,0,1,N/A
2087365,10-Aug-21,Minnesota,Duluth,15th Ave E and Superior St,0,1,0,0,2,N/A
2086388,9-Aug-21,Minnesota,Minneapolis,1604 W Broadway Ave,1,0,0,0,1,N/A
2086466,9-Aug-21,Minnesota,Minneapolis,2000 block of Lyndale Ave N,0,1,0,0,0,N/A
2087554,9-Aug-21,Minnesota,Saint Paul,2000 block of Suburban Ave,0,0,0,0,0,N/A
2085996,8-Aug-21,Minnesota,Minneapolis,1821 Glenwood Ave,1,0,0,0,3,N/A
2114297,8-Aug-21,Minnesota,Minneapolis,1840 Penn Ave N,0,1,0,0,2,N/A
2085732,8-Aug-21,Minnesota,Minneapolis,2125 Glenwood Ave,0,2,0,0,0,N/A
2086144,8-Aug-21,Minnesota,Minneapolis,5th St N and Napco Ave,0,1,0,0,0,N/A
2086141,8-Aug-21,Minnesota,Minneapolis,3400 block of Girard Ave S,0,1,0,0,1,N/A
2085999,8-Aug-21,Minnesota,Minneapolis,E Lake St and 12th Ave S,1,0,0,0,0,N/A
2085228,7-Aug-21,Minnesota,Minneapolis,3807 N Fremont Ave,0,1,0,0,0,N/A
2179570,7-Aug-21,Minnesota,Willmar,N/A,0,1,0,0,1,N/A
2085596,7-Aug-21,Minnesota,Minneapolis,626 W Broadway Ave,1,1,0,0,1,N/A
2085772,7-Aug-21,Minnesota,Bemidji,2800 block of Ridgeway Ave NW,0,0,0,0,1,N/A
2084855,7-Aug-21,Minnesota,Saint Paul,1200 block of Westminster St,0,2,0,0,1,N/A
2086130,7-Aug-21,Minnesota,Minneapolis,2200 block of N Illion Ave,0,1,0,0,0,N/A
2084464,5-Aug-21,Minnesota,Minneapolis,3000 block of N Dupont Ave,0,1,0,0,0,N/A
2083550,5-Aug-21,Minnesota,Minneapolis,W Broadway Ave and N Sheridan Ave,0,1,0,0,0,N/A
2093117,5-Aug-21,Minnesota,Isanti,318 261st Ave NW,1,0,0,0,1,N/A
2084297,5-Aug-21,Minnesota,Renville,103 Main St N,1,0,0,0,1,N/A
2082896,4-Aug-21,Minnesota,Minneapolis,N/A,0,1,0,0,0,N/A
2082901,4-Aug-21,Minnesota,Minneapolis,2200 block of Elliot Ave,0,1,0,0,0,N/A
2082892,4-Aug-21,Minnesota,Minneapolis,Columbus Ave and E 40th St,0,1,0,0,0,N/A
2082373,4-Aug-21,Minnesota,Saint Paul,503 Asbury St,0,1,0,2,2,N/A
2083554,4-Aug-21,Minnesota,Minneapolis,1300 N Dowling Ave,0,1,0,0,0,N/A
2082589,4-Aug-21,Minnesota,Saint Paul,Minnehaha Ave E and Payne Ave,0,0,0,0,1,N/A
2082581,4-Aug-21,Minnesota,Minneapolis,6th Ave SE and SE Main St,0,1,0,0,0,N/A
2081959,3-Aug-21,Minnesota,Minneapolis,3100 block of S 15th Ave,0,0,0,0,1,N/A
2082576,3-Aug-21,Minnesota,Saint Paul,1500 block of Maryland Ave E,0,0,0,0,1,N/A
2081724,3-Aug-21,Minnesota,Minneapolis,2300 block of Dupont Ave N,1,0,0,0,1,N/A
2081997,2-Aug-21,Minnesota,Rochester,55 Woodlake Dr,0,0,0,0,1,N/A
2081311,2-Aug-21,Minnesota,Saint Paul,828 N Hazel St,1,0,0,0,0,N/A
2081854,2-Aug-21,Minnesota,Virginia,US-53 and MN-169,0,0,0,0,1,N/A
2081747,2-Aug-21,Minnesota,Saint Paul,1500 block of Klainert St N,0,2,0,0,0,N/A
2080108,1-Aug-21,Minnesota,Minneapolis,1100 block of Knox Ave N,0,2,0,0,0,N/A
2080100,1-Aug-21,Minnesota,Minneapolis (Brooklyn Park),8200 block of Zane Ct,0,1,0,0,0,N/A
2080118,1-Aug-21,Minnesota,Minneapolis (Bloomington),N/A,0,1,0,0,0,N/A
2080601,1-Aug-21,Minnesota,Minneapolis,626 W Broadway Ave,0,1,0,0,0,N/A
2079411,31-Jul-21,Minnesota,Minneapolis,Humboldt Ave N and Lowery Ave N,0,1,0,0,0,N/A
2079179,31-Jul-21,Minnesota,Austin,100 block of 10th St NW,1,0,0,0,1,N/A
2080134,31-Jul-21,Minnesota,Minneapolis,1600 block of Vincent Ave N,0,0,0,0,0,N/A
2079311,31-Jul-21,Minnesota,Minneapolis,Hiawatha Ave and E Franklin AVe,0,1,0,0,0,N/A
2079306,31-Jul-21,Minnesota,Minneapolis,Lake St and Bloomington Ave,0,1,0,0,0,N/A
2079300,31-Jul-21,Minnesota,Minneapolis,2200 block of Central Ave NE,0,1,0,0,0,N/A
2079186,31-Jul-21,Minnesota,Duluth,4700 block of Grand Ave,0,0,0,0,1,N/A
2078572,30-Jul-21,Minnesota,Minneapolis,E Lake St and Cedar Ave S,0,1,0,0,0,N/A
2078568,29-Jul-21,Minnesota,Minneapolis,1700 block of Russell Ave N,0,1,0,0,0,N/A
2078562,29-Jul-21,Minnesota,Minneapolis,3000 block of 18th Ave S,0,1,0,0,0,N/A
2077312,29-Jul-21,Minnesota,Minneapolis,2900 block of 12th Ave S,0,1,0,0,0,N/A
2077756,28-Jul-21,Minnesota,Saint Cloud,8th Ave S and 9th St S,0,0,0,0,1,N/A
2076954,28-Jul-21,Minnesota,Minneapolis (Brooklyn Center),6950 Brooklyn Blvd,0,1,0,0,0,N/A
2076696,28-Jul-21,Minnesota,Minneapolis,E Lake St and 12th Ave S,0,1,0,0,0,N/A
2076686,28-Jul-21,Minnesota,Minneapolis,W 48th St and Aldrich Ave S,1,0,0,0,0,N/A
2077758,27-Jul-21,Minnesota,Saint Cloud,1000 9th Ave S,0,0,0,0,1,N/A
2076951,27-Jul-21,Minnesota,Minneapolis,Knox Ave N and 36th Ave,0,1,0,0,0,N/A
2075818,27-Jul-21,Minnesota,Redby,N/A,1,0,0,0,1,N/A
2074865,26-Jul-21,Minnesota,Saint Paul,1700 block of Saint Clair Ave,1,0,0,0,1,N/A
2074697,26-Jul-21,Minnesota,Minneapolis,200 W Broadway,0,1,0,0,0,N/A
2081460,26-Jul-21,Minnesota,Minneapolis,3000 block of 17 Ave S,0,0,0,0,1,N/A
2074364,25-Jul-21,Minnesota,International Falls,1700 block of MN-11,0,0,1,0,0,N/A
2074895,25-Jul-21,Minnesota,Saint Paul,7th St E and N Hazel St,0,1,0,0,0,N/A
2072352,24-Jul-21,Minnesota,Minneapolis,3000 block of Oliver Ave N,0,1,0,0,0,N/A
2072153,23-Jul-21,Minnesota,Minneapolis,1200 block of E Lake St,1,0,0,0,0,N/A
2072159,23-Jul-21,Minnesota,Burnsville,1101 Burnsville Pkwy,1,0,0,0,1,N/A
2074873,23-Jul-21,Minnesota,Austin,900 block of 12th Ave SE,0,1,0,0,0,N/A
2071276,22-Jul-21,Minnesota,Saint Paul (North Saint Paul),2000 block of 7th Ave E,0,1,0,0,0,N/A
2071227,22-Jul-21,Minnesota,Minneapolis,N 14th Ave and Logan Ave N,0,1,0,0,0,N/A
2071245,21-Jul-21,Minnesota,Minneapolis,2636 University Ave NE,0,1,0,0,0,N/A
2071041,21-Jul-21,Minnesota,Minneapolis,3000 block of Emerson Ave N,0,1,0,0,0,N/A
2069910,21-Jul-21,Minnesota,Saint Paul,Clinton Ave S and Isabel St E,0,1,0,0,0,N/A
2073904,21-Jul-21,Minnesota,Virginia,3rd St S and S 1st Ave W,0,0,0,0,1,N/A
2070552,21-Jul-21,Minnesota,Minneapolis,Nicollet Ave and E 19th St,0,1,0,0,0,N/A
2070547,21-Jul-21,Minnesota,Minneapolis,4000 block of N Lyndale Ave,0,2,0,0,0,N/A
2069168,20-Jul-21,Minnesota,Minneapolis,2100 block of N Washburn Ave,0,1,0,0,0,N/A
2069279,20-Jul-21,Minnesota,Austin,4th St SE and 6th Ave SE,0,0,0,0,1,N/A
2069234,20-Jul-21,Minnesota,Minneapolis,N Washington Ave and N 21st Ave,0,1,0,0,0,N/A
2068460,19-Jul-21,Minnesota,Faribault,718 3rd St NW,1,0,1,0,0,N/A
2068504,19-Jul-21,Minnesota,Minneapolis,5100 block of Logan Ave N,0,1,0,0,0,N/A
2066711,18-Jul-21,Minnesota,Minneapolis,N/A,0,1,0,0,0,N/A
2067232,18-Jul-21,Minnesota,Minneapolis (Fridley),6000 block of Main St NE,1,0,0,0,1,N/A
2066428,18-Jul-21,Minnesota,Minneapolis,3500 block of Penn Ave N,0,1,0,0,0,N/A
2067361,18-Jul-21,Minnesota,Minneapolis,230 Oak Grove St,0,2,0,0,0,N/A
2065432,17-Jul-21,Minnesota,Minneapolis,2600 Lyndale Ave S,0,1,0,0,0,N/A
2065515,17-Jul-21,Minnesota,Rochester,2107 W Frontage Rd,0,1,0,0,0,N/A
2065442,17-Jul-21,Minnesota,Minneapolis,Delaware St SE and St Marys Ave SE,0,1,0,0,0,N/A
2065493,17-Jul-21,Minnesota,Minneapolis,2630 University Ave SE,0,1,0,0,0,N/A
2065427,17-Jul-21,Minnesota,Minneapolis,Hennepin Ave and N 6th St,1,0,0,0,1,N/A
2064647,16-Jul-21,Minnesota,Minneapolis,2700 block of N Thomas Ave,0,1,0,0,0,N/A
2064643,15-Jul-21,Minnesota,Duluth,N/A,0,1,0,0,0,N/A
2064660,14-Jul-21,Minnesota,Saint Paul,Grotto St N and Thomas Ave W,0,1,0,0,0,N/A
2063401,14-Jul-21,Minnesota,Minneapolis (Bloomington),W 84th St and Normandale Blvd,0,0,0,0,0,N/A
2116794,14-Jul-21,Minnesota,Rochester,N/A,0,1,0,0,0,N/A
2062138,13-Jul-21,Minnesota,Minneapolis,Humboldt Ave S and W 36th St,0,1,0,0,0,N/A
2060190,12-Jul-21,Minnesota,Minneapolis (Brooklyn Center),6950 Brooklyn Blvd,0,1,0,0,1,N/A
2059592,10-Jul-21,Minnesota,Cloquet,309 Ridge Rd,0,0,1,0,0,N/A
2061234,10-Jul-21,Minnesota,Virginia,516 11th St N,0,0,0,0,1,N/A
2061212,10-Jul-21,Minnesota,Babbitt,31 Central Blvd,0,0,0,0,1,N/A
2060240,10-Jul-21,Minnesota,Sauk Centre,36000 block of Co Rd 171,0,3,0,0,0,N/A
2059376,10-Jul-21,Minnesota,Minneapolis,3100 block of 15th Ave S,0,1,0,0,0,N/A
2060187,10-Jul-21,Minnesota,Virginia,1200 block of Fifth Ave N,0,0,0,0,1,N/A
2058795,9-Jul-21,Minnesota,Minneapolis,N/A,0,1,0,0,0,N/A
2058597,9-Jul-21,Minnesota,Minneapolis,3300 block of Emerson Ave N,0,2,0,0,0,N/A
2058792,9-Jul-21,Minnesota,Minneapolis,1500 block of LaSalle Ave,0,1,0,0,0,N/A
2058602,9-Jul-21,Minnesota,Minneapolis,W 34th St and Bryant Ave S,0,1,0,0,0,N/A
2058607,8-Jul-21,Minnesota,Minneapolis,W 50th St and Dupont Ave S,0,1,0,0,0,N/A
2058615,8-Jul-21,Minnesota,Minneapolis,N Thomas Ave and Victory Memorial Dr,0,1,0,0,0,N/A
2057711,8-Jul-21,Minnesota,Minneapolis,1200 block of SE Brook Ave,0,1,0,0,0,N/A
2055948,7-Jul-21,Minnesota,Saint Paul,200 block of Charles Ave,0,1,0,0,0,N/A
2055791,7-Jul-21,Minnesota,Minneapolis (Brooklyn Park),8000 block of Brooklyn Blvd,1,0,0,0,0,N/A
2058621,7-Jul-21,Minnesota,Minneapolis,2000 block of Sheridan Ave S,0,2,0,0,0,N/A
2054784,6-Jul-21,Minnesota,Minneapolis,N/A,0,2,0,0,0,N/A
2055098,6-Jul-21,Minnesota,Minneapolis,Elliot Ave and E Franklin Ave,0,1,0,0,0,N/A
2055950,6-Jul-21,Minnesota,Emmons,10373 625th Ave,0,1,0,0,0,N/A
2055164,6-Jul-21,Minnesota,Saint Paul,1100 block of Pacific St,1,0,0,0,1,N/A
2055809,6-Jul-21,Minnesota,Minneapolis,2500 block of Farwell Pl,0,2,0,0,0,N/A
2055778,6-Jul-21,Minnesota,Minneapolis (Plymouth),US-169 and Rockford Rd,1,0,0,0,1,N/A
2054798,6-Jul-21,Minnesota,Minneapolis (Columbia Heights),420 15th Ave S,1,1,0,0,0,N/A
2054934,5-Jul-21,Minnesota,Cass Lake,Basswood Ave and 4th St NW,1,0,0,0,1,N/A
2053687,5-Jul-21,Minnesota,Minneapolis,1600 block of E Lake St,0,1,0,0,0,N/A
2053673,5-Jul-21,Minnesota,Minneapolis,4700 block of Dupont Ave N,0,1,0,0,0,N/A
2054769,5-Jul-21,Minnesota,Le Center,300 block of S Cordova Ave,0,0,1,0,0,N/A
2052630,4-Jul-21,Minnesota,Minneapolis,N 26th Ave and N Logan Ave,0,0,1,0,0,N/A
2052760,4-Jul-21,Minnesota,Moorhead,2400 block of 4th Ave,0,0,0,0,0,N/A
2052455,4-Jul-21,Minnesota,Olivia,821 E Lincoln Ave,0,0,1,0,0,N/A
2055185,4-Jul-21,Minnesota,Saint Louis Park,3300 block of Aquila Ave S,0,1,0,0,0,N/A
2051619,4-Jul-21,Minnesota,Minneapolis,4600 block of Colfax Ave N,0,1,0,0,0,N/A
2053665,4-Jul-21,Minnesota,Minneapolis,W Lake St and Blaisdell Ave,0,1,0,0,0,N/A
2053670,4-Jul-21,Minnesota,Minneapolis,100 block of 8th Ave,0,2,0,0,0,N/A
2055216,4-Jul-21,Minnesota,Austin,1701 4th St NW,0,0,0,0,2,N/A
2052507,4-Jul-21,Minnesota,Minneapolis,900 block of Queen Ave N,0,2,0,0,0,N/A
2052505,4-Jul-21,Minnesota,Minneapolis (Brooklyn Center),W 53rd St and Dupont Ave S,0,1,0,0,0,N/A
2052952,4-Jul-21,Minnesota,Minneapolis,724 Sibley St NE,0,2,0,0,0,N/A
2051855,3-Jul-21,Minnesota,Minneapolis,400 block of 1st Ave NE,0,1,0,0,0,N/A
2051599,3-Jul-21,Minnesota,Minneapolis,328 W Broadway Ave,1,2,0,0,0,N/A
2050929,2-Jul-21,Minnesota,Minneapolis,N/A,0,1,0,0,0,N/A
2051085,2-Jul-21,Minnesota,Minneapolis,3400 block of Colfax Ave N,0,1,0,0,0,N/A
2050538,1-Jul-21,Minnesota,Saint Paul (Maplewood),1500 block of Beam Ave,0,1,0,0,1,N/A
2050226,1-Jul-21,Minnesota,Minneapolis,1303 Yale Pl,1,0,0,0,0,N/A
2080720,1-Jul-21,Minnesota,Saint Paul,1100 block of Kennard St,1,0,0,0,1,N/A
2050553,1-Jul-21,Minnesota,Minneapolis,15 S 9th St,0,1,0,0,0,N/A
2049559,30-Jun-21,Minnesota,Minneapolis,1614 Plymouth Ave N,1,0,0,0,1,N/A
2049229,30-Jun-21,Minnesota,Saint Paul,E 7th St and Payne Ave,0,1,0,0,0,N/A
2048954,30-Jun-21,Minnesota,Minneapolis,11th Ave S and E 14th St,0,1,0,0,0,N/A
2131325,30-Jun-21,Minnesota,Saint Paul,30 block of Winnipeg Ave W,0,1,0,0,0,N/A
2048943,29-Jun-21,Minnesota,Minneapolis,1700 E Lake St,0,1,0,0,0,N/A
2048359,29-Jun-21,Minnesota,Minneapolis,2635 Nicollet Ave,0,1,0,0,2,N/A
2049197,29-Jun-21,Minnesota,Circle Pines,3405 Lake Dr NE,0,0,0,0,0,N/A
2048084,28-Jun-21,Minnesota,Minneapolis,Stinson Blvd,0,1,0,0,0,N/A
2046449,27-Jun-21,Minnesota,Minneapolis,36th Ave N and N Lyndale Ave,0,1,0,0,0,N/A
2046066,25-Jun-21,Minnesota,Minneapolis,528 Hennepin Ave,1,0,0,0,1,N/A
2045718,25-Jun-21,Minnesota,Minneapolis,1801 Stevens Ave,0,1,0,0,0,N/A
2045716,25-Jun-21,Minnesota,Minneapolis,3800 Block of Lyndale Ave N,0,1,0,0,0,N/A
2045706,25-Jun-21,Minnesota,Saint Cloud,1100 block of 9th Ave SE,0,2,0,0,0,N/A
2045070,24-Jun-21,Minnesota,Minneapolis (Brooklyn Park),7800 block of Yates Ave N,0,1,0,0,0,N/A
2088268,23-Jun-21,Minnesota,Bemidji,2800 Ridgeway Ave,0,0,0,0,1,N/A
2169849,23-Jun-21,Minnesota,Minneapolis (Brooklyn Center),5400 block of Oliver Ave N,1,0,0,0,1,N/A
2043148,22-Jun-21,Minnesota,New Ulm,500 block of 7th S St,0,0,1,0,0,N/A
2042600,22-Jun-21,Minnesota,Lakeville,9085 203rd Street W,1,0,0,1,1,N/A
2043112,22-Jun-21,Minnesota,Minneapolis (Brooklyn Park),7401 Regent Ave N,1,0,0,0,0,N/A
2042182,21-Jun-21,Minnesota,Saint Paul,2300 block of 11th Ave,0,1,0,0,1,N/A
2041773,20-Jun-21,Minnesota,Saint Paul,1067 Hudson Rd,0,3,0,0,0,N/A
2043116,20-Jun-21,Minnesota,Minneapolis (Spring Lake Park),600 block of 79th Ave NE,0,1,0,0,0,N/A
2040664,20-Jun-21,Minnesota,Saint Cloud,2600 block of Island View Dr,1,0,0,0,1,N/A
2041782,20-Jun-21,Minnesota,Duluth,100 block of E Third St,0,1,0,0,1,N/A
2040286,20-Jun-21,Minnesota,Saint Cloud,601 1st St S,0,1,0,0,1,N/A
2041149,20-Jun-21,Minnesota,Minneapolis,400 3rd St S,0,1,0,0,0,N/A
2039499,19-Jun-21,Minnesota,Minneapolis,2000 block of 3rd Ave S,0,1,0,0,0,N/A
2067688,19-Jun-21,Minnesota,Saint Paul,N/A,1,0,0,0,1,N/A
2038922,18-Jun-21,Minnesota,Minneapolis,Dupont Ave S and W 26th St,0,1,0,0,0,N/A
2038844,18-Jun-21,Minnesota,Minneapolis,Nicollet Ave and W 15th St,0,2,0,0,0,N/A
2040506,18-Jun-21,Minnesota,Minneapolis (Robbinsdale),35th Ave N and Grimes Ave N,1,0,0,0,1,N/A
2039441,18-Jun-21,Minnesota,Minneapolis,400 block of 14th Ave SE,0,5,0,0,0,N/A
2037489,17-Jun-21,Minnesota,Minneapolis (Brooklyn Park),7600 block of Jolly Ln,0,1,0,0,0,N/A
2036675,16-Jun-21,Minnesota,Minneapolis,700 W Broadway Ave,0,1,0,0,1,N/A
2037060,16-Jun-21,Minnesota,Minneapolis,1700 E Lake St,1,0,0,0,1,N/A
2035336,14-Jun-21,Minnesota,Rochester,2015 41st St NW,0,1,0,0,1,N/A
2033991,13-Jun-21,Minnesota,Minneapolis,5th Ave S and E Lake St,0,1,0,0,0,N/A
2033454,13-Jun-21,Minnesota,Saint Paul,Rice St and Sherburne Ave,0,1,0,0,0,N/A
2032444,12-Jun-21,Minnesota,Minneapolis,3500 block of Cedar Ave,0,1,0,0,0,N/A
2033287,12-Jun-21,Minnesota,Rushford (Rushford Village),Hwy 30,0,0,0,0,1,N/A
2032452,12-Jun-21,Minnesota,Minneapolis,3000 block of 2nd Ave S,0,1,0,0,0,N/A
2032339,12-Jun-21,Minnesota,Minneapolis,W Broadway Ave and Oliver Ave N,0,1,0,0,0,N/A
2031508,11-Jun-21,Minnesota,Minneapolis,1201 W Broadway Ave,1,1,0,0,1,N/A
2030661,10-Jun-21,Minnesota,Minneapolis,W 22nd St and Aldrich Ave S,0,0,0,0,0,N/A
2030060,9-Jun-21,Minnesota,Saint Paul (West Saint Paul),360 Butler Ave E,1,0,0,0,1,N/A
2029894,9-Jun-21,Minnesota,Minneapolis,1624 Washington Ave N,0,2,0,0,0,N/A
2029542,8-Jun-21,Minnesota,Saint Paul,Jackson St and Arlington Ave E,0,1,0,0,0,N/A
2029387,8-Jun-21,Minnesota,Minneapolis,2100 block of Elliot Ave,0,1,0,0,0,N/A
2027703,7-Jun-21,Minnesota,Minneapolis,24th Ave SE and Elm St SE,0,1,0,0,0,N/A
2028739,7-Jun-21,Minnesota,Dassel,500 block of Maple St,0,0,0,0,1,N/A
2027698,7-Jun-21,Minnesota,Minneapolis,700 W Broadway Ave,1,1,0,0,1,N/A
2511282,6-Jun-21,Minnesota,Belview,N/A,0,1,0,0,1,N/A
2026228,6-Jun-21,Minnesota,Rochester,1st Ave SW and 3rd St SW,1,1,0,0,2,N/A
2026987,6-Jun-21,Minnesota,Minneapolis,N 21st Ave and N Sheridan Ave,0,1,0,0,0,N/A
2025578,5-Jun-21,Minnesota,Minneapolis,E Lake St and Hiawatha Ave,1,0,0,0,0,N/A
2025573,5-Jun-21,Minnesota,Minneapolis,2200 block of N 2nd St,1,0,0,0,0,N/A
2025594,5-Jun-21,Minnesota,Minneapolis,S 5th St and Hennepin Ave,0,1,1,0,0,N/A
2026310,5-Jun-21,Minnesota,Saint Paul (Woodbury),6100 block of Edgewood Ave,1,0,0,0,4,N/A
2025676,5-Jun-21,Minnesota,Minneapolis,328 W Broadway Ave,0,2,0,0,0,N/A
2025857,5-Jun-21,Minnesota,Austin,110 12th St NE,1,2,0,1,2,N/A
2025607,5-Jun-21,Minnesota,Minneapolis,2500 block of E Lake St,0,1,0,0,0,N/A
2026071,5-Jun-21,Minnesota,Minneapolis,5220 block of Camden Ave N,0,1,0,0,0,N/A
2026323,5-Jun-21,Minnesota,Minneapolis,46th Ave N and N Lyndale Ave,0,1,0,0,1,N/A
2025055,4-Jun-21,Minnesota,Minneapolis,N/A,0,1,0,0,0,N/A
2025034,4-Jun-21,Minnesota,Minneapolis,2900 block of N Colfax Ave,0,1,0,0,0,N/A
2025004,4-Jun-21,Minnesota,Minneapolis,3400 block of Central Ave NE,0,1,0,0,0,N/A
2025679,4-Jun-21,Minnesota,Rochester,1738 E Center St,0,1,0,0,0,N/A
2025009,3-Jun-21,Minnesota,Minneapolis,500 block of E Lake St,0,1,0,0,0,N/A
2024018,3-Jun-21,Minnesota,Minneapolis,400 block of 36th Ave N,0,1,0,0,0,N/A
2025681,3-Jun-21,Minnesota,Saint Cloud,4300 block of Cooper Ave S,1,0,0,0,2,N/A
2023781,3-Jun-21,Minnesota,Minneapolis,1400 block of W Lake St,0,0,1,0,0,N/A
2022412,1-Jun-21,Minnesota,Minneapolis,N 35th Ave and N Irving Ave,0,1,0,0,0,N/A
2025683,1-Jun-21,Minnesota,Saint Cloud,1400 block of 12th Ave N,1,0,0,0,1,N/A
2022414,1-Jun-21,Minnesota,Minneapolis,3900 block of Colfax Ave N,0,1,0,0,0,N/A
2022404,1-Jun-21,Minnesota,Minneapolis,700 block of Vincent Ave N,0,1,0,0,0,N/A
2022416,31-May-21,Minnesota,Minneapolis,1200 block of Irving Ave N,0,1,0,0,0,N/A
2019905,30-May-21,Minnesota,Minneapolis,2600 block of 17th Ave S,0,1,0,0,0,N/A
2019735,30-May-21,Minnesota,Minneapolis,2400 block of Golden Valley Rd,0,1,0,0,0,N/A
2033498,30-May-21,Minnesota,Circle Pines,N/A,0,0,0,0,3,N/A
2019956,30-May-21,Minnesota,Minneapolis,600 block of 2nd Ave S,0,1,0,0,0,N/A
2019965,30-May-21,Minnesota,Minneapolis,1500 block of Nicollet Ave,0,1,0,0,0,N/A
2019941,30-May-21,Minnesota,Minneapolis,1400 block of Portland Ave,0,1,0,0,0,N/A
2025866,29-May-21,Minnesota,Saint Cloud,715 W St Germain St,0,0,0,0,1,N/A
2019911,29-May-21,Minnesota,Minneapolis,3500 block of Clinton Ave S,0,1,0,0,0,N/A
2019529,29-May-21,Minnesota,Minneapolis,2600 block of N Upton Ave,1,0,0,0,1,N/A
2021518,29-May-21,Minnesota,Saint Paul,N English St and Idaho Ave E,0,1,0,0,0,N/A
2019733,29-May-21,Minnesota,Minneapolis (Brooklyn Center),51st Ave N and Xerxes Ave N,0,1,0,0,0,N/A
2018839,29-May-21,Minnesota,Minneapolis,1300 block of University Ave SE,0,1,0,0,0,N/A
2018841,29-May-21,Minnesota,Minneapolis,36 S 9th St,0,1,1,0,0,N/A
2019536,28-May-21,Minnesota,Minneapolis,2600 block of W Broadway Ave,0,1,0,0,0,N/A
2019272,28-May-21,Minnesota,Minneapolis,N/A,0,1,0,0,0,N/A
2019270,28-May-21,Minnesota,Minneapolis,N/A,0,1,0,0,0,N/A
2018580,28-May-21,Minnesota,Minneapolis,N/A,0,1,0,0,0,N/A
2018128,28-May-21,Minnesota,Minneapolis,1100 block of 24th Ave N,0,1,0,0,0,N/A
2019730,28-May-21,Minnesota,Minneapolis,1604 W Broadway Ave,0,1,0,0,0,N/A
2026343,27-May-21,Minnesota,Brainerd,600 block of James St,0,0,0,0,1,N/A
2018134,27-May-21,Minnesota,Saint Paul,1400 block of Lincoln Ave,0,0,0,0,1,N/A
2016713,26-May-21,Minnesota,Minneapolis,3023 17th Ave S,0,1,0,0,0,N/A
2016674,26-May-21,Minnesota,Minneapolis,Morgan Ave N and Golden Valley Rd,0,2,0,0,0,N/A
2016689,26-May-21,Minnesota,Minneapolis,4600 block of Lyndale Ave N,0,1,0,0,1,N/A
2017027,26-May-21,Minnesota,Saint Paul,629 Rice St,0,1,0,0,0,N/A
2017023,26-May-21,Minnesota,Saint Paul,1000 block of Walsh St,0,0,0,0,3,N/A
2015944,26-May-21,Minnesota,Minneapolis (Brooklyn Park),6390 Douglas Dr N,1,0,1,0,0,N/A
2014886,25-May-21,Minnesota,Saint Cloud,32000 block of River Oaks Ln,0,1,0,0,1,N/A
2015094,25-May-21,Minnesota,Minneapolis,3100 block of James Ave N,0,1,0,0,0,N/A
2014809,25-May-21,Minnesota,Minneapolis,3800 block of Elliot Ave S,0,1,0,0,0,N/A
2017312,25-May-21,Minnesota,Minneapolis,S 5th Ave and E 29th St,0,1,0,0,0,N/A
2015598,25-May-21,Minnesota,Minneapolis,3333 Penn Ave N,0,1,0,0,0,N/A
2015591,25-May-21,Minnesota,Minneapolis,11th Ave S and E 25th St,0,1,0,0,0,N/A
2014496,24-May-21,Minnesota,Minneapolis,2835 Clinton Ave,0,1,0,0,0,N/A
2014024,24-May-21,Minnesota,Minneapolis,2210 N Oliver Ave,0,0,0,0,0,N/A
2012860,23-May-21,Minnesota,Minneapolis,2300 block of 4th St N,1,0,0,0,0,N/A
2013822,23-May-21,Minnesota,Minneapolis (Fridley),6000 block of 3rd St NE,0,1,0,0,1,N/A
2013792,23-May-21,Minnesota,Minneapolis,500 E Lake St,0,1,0,0,0,N/A
2011569,22-May-21,Minnesota,Minneapolis,322 N 1st Ave,2,7,0,0,1,N/A
2012825,22-May-21,Minnesota,Duluth,118 E Third St,1,0,0,0,1,N/A
2013794,22-May-21,Minnesota,Anoka,300 block of Coolidge St NW,0,1,0,0,1,N/A
2011699,22-May-21,Minnesota,Minneapolis,N/A,0,1,0,0,0,N/A
2013865,22-May-21,Minnesota,Rochester,770 W Silver Lake Dr NE,0,0,0,0,1,N/A
2012797,22-May-21,Minnesota,Minneapolis,I-35W and Johnson St NE,0,1,0,0,0,N/A
2011711,21-May-21,Minnesota,Minneapolis,26th Ave N and Logan Ave N,1,1,0,0,0,N/A
2011714,21-May-21,Minnesota,Minneapolis (Brooklyn Park),Colfax Ave N and N Dupont Ave,0,1,0,0,0,N/A
2011718,21-May-21,Minnesota,Minneapolis,1300 block of Irving Ave N,0,1,0,0,0,N/A
2011694,21-May-21,Minnesota,Minneapolis,2600 Lyndale Ave S,0,1,0,0,0,N/A
2011688,21-May-21,Minnesota,Saint Paul,Timberlake Dr,0,1,0,0,0,N/A
2010638,20-May-21,Minnesota,Saint Paul,230 Como Ave,0,2,0,0,2,N/A
2010621,20-May-21,Minnesota,Saint Paul,1800 block of Benson Ave,0,0,0,0,0,N/A
2010620,20-May-21,Minnesota,Saint Paul,1200 block of Dale St,0,0,0,0,0,N/A
2010544,20-May-21,Minnesota,Minneapolis,W Broadway and Penn Ave N,0,1,0,0,0,N/A
2010548,20-May-21,Minnesota,Minneapolis,500 E Lake St,0,1,0,0,0,N/A
2009063,19-May-21,Minnesota,Minneapolis (Brooklyn Park),63rd Ave N and Zane Ave N,0,1,0,0,0,N/A
2008016,18-May-21,Minnesota,Minneapolis,3500 block of Emerson Ave N,0,1,0,0,0,N/A
2007416,17-May-21,Minnesota,Minneapolis,N 35th Ave and Penn Ave N,1,1,0,0,0,N/A
2006480,17-May-21,Minnesota,Minneapolis,Cedar Ave and E 24th St,0,2,0,0,0,N/A
2014864,17-May-21,Minnesota,Bemidji (Northern),Winter Sumac Rd NE & Sumac Rd NE,0,0,0,0,1,N/A
2006509,17-May-21,Minnesota,Minneapolis,2900 block of Penn Ave N,0,0,0,0,0,N/A
2007589,17-May-21,Minnesota,Cloquet,973 Ozhigaw Rd,0,1,0,0,1,N/A
2006472,17-May-21,Minnesota,Minneapolis,2400 block of 18th Ave S,0,2,0,0,0,N/A
2006466,17-May-21,Minnesota,Minneapolis,E Franklin Ave and Elliot Ave,1,0,0,0,0,N/A
2007605,17-May-21,Minnesota,Minneapolis,6300 block of Zane Ave N,0,1,0,0,0,N/A
2006250,16-May-21,Minnesota,Minneapolis,Girard Ave and Lowry Ave N,0,1,0,0,0,N/A
2005593,16-May-21,Minnesota,Minneapolis,1700 E Lake St,0,3,0,0,0,N/A
2005222,15-May-21,Minnesota,Saint Paul,1541 Maryland Ave E,0,1,0,0,0,N/A
2006533,15-May-21,Minnesota,Minneapolis (Brooklyn Park),8300 block of Yates Ave N,0,0,0,0,0,N/A
2005603,15-May-21,Minnesota,Saint Paul,Maryland Ave E and Hazelwood St,0,2,0,0,0,N/A
2005602,15-May-21,Minnesota,Minneapolis (Brooklyn Park),6000 block of 67th Way,0,0,0,0,0,N/A
2004754,15-May-21,Minnesota,Minneapolis,5426 Nicollet Ave,0,0,0,0,1,N/A
2005106,15-May-21,Minnesota,Minneapolis,5750 34th Ave S,0,1,0,0,0,N/A
2005217,15-May-21,Minnesota,Minneapolis,2200 block of Ilion Ave N,1,0,0,0,1,N/A
2004737,14-May-21,Minnesota,Minneapolis (Crystal),42nd Ave N and Brunswick Ave,0,2,0,0,0,N/A
2004731,14-May-21,Minnesota,Minneapolis,N Lyndale Ave and N 30th Ave,0,1,0,0,0,N/A
2004724,14-May-21,Minnesota,Minneapolis,W Broadway Ave and Emerson Ave N,0,1,0,0,0,N/A
2002887,13-May-21,Minnesota,Minneapolis,Knox Ave,0,1,0,0,0,N/A
2002363,12-May-21,Minnesota,Saint Paul,1000 block of Cumberland St,0,1,0,0,0,N/A
2003082,12-May-21,Minnesota,Cottage Grove,10125 85th St S,0,1,0,0,0,N/A
2004911,12-May-21,Minnesota,Duluth,200 block of N 14th Ave E,0,0,0,0,1,N/A
2003073,12-May-21,Minnesota,Bemidji,600 block of 23rd Ave,0,0,0,0,0,N/A
2002895,12-May-21,Minnesota,Minneapolis,700 block of University Ave SE,0,1,0,0,0,N/A
2002904,12-May-21,Minnesota,Saint Paul,700 block of Sherburne Ave,0,1,0,0,0,N/A
2002899,12-May-21,Minnesota,Minneapolis,500 E Lake St,0,1,0,0,0,N/A
2002891,12-May-21,Minnesota,Minneapolis,700 W Broadway Ave,0,1,0,0,0,N/A
2002013,11-May-21,Minnesota,Saint Paul,1276 Wilson Ave,0,1,0,0,0,N/A
2001126,11-May-21,Minnesota,Minneapolis,N Oliver Ave and N 27th Ave,0,1,0,0,0,N/A
2001134,11-May-21,Minnesota,Minneapolis (Bloomington),1900 block of E 86th St,0,1,0,0,0,N/A
2000879,11-May-21,Minnesota,Minneapolis,1428 4th St NE,0,1,0,0,0,N/A
2002367,11-May-21,Minnesota,Minneapolis,N Irving Ave and N 35th Ave,0,1,0,0,0,N/A
2010983,10-May-21,Minnesota,Saint Paul,485 Stinson St,0,0,0,0,0,N/A
2000182,10-May-21,Minnesota,Minneapolis,1120 W Broadway Ave,0,1,0,0,0,N/A
2001189,10-May-21,Minnesota,Minneapolis,2900 block of N Girard St,0,1,0,0,0,N/A
2001181,10-May-21,Minnesota,Minneapolis,1700 block of E Lake St,0,1,0,0,0,N/A
2000890,10-May-21,Minnesota,Minneapolis (Brooklyn Park),6300 block of Zane Ave N,0,0,0,0,0,N/A
1999276,9-May-21,Minnesota,Minneapolis,2100 block of W Broadway Ave,0,3,0,0,0,N/A
1998530,8-May-21,Minnesota,Chanhassen,3700 block of Landings Dr,1,0,0,0,1,N/A
1998591,8-May-21,Minnesota,Saint Paul,900 block of Albemarle St,0,1,0,0,0,N/A
1999262,8-May-21,Minnesota,Minneapolis,910 LaSalle Ave,1,1,0,0,2,N/A
1999297,8-May-21,Minnesota,Minneapolis,4300 Webber Pkwy,0,2,0,0,0,N/A
1997410,6-May-21,Minnesota,Minneapolis,1604 W Broadway Ave,1,0,0,0,1,N/A
1996447,6-May-21,Minnesota,Duluth,200 block of E 4th St,0,0,0,0,0,N/A
2330552,5-May-21,Minnesota,Red Lake,N/A,0,2,0,0,1,N/A
1996440,5-May-21,Minnesota,Duluth,N 3rd Ave E and E 8th St,0,0,0,0,0,N/A
1996428,5-May-21,Minnesota,Minneapolis,2900 block of N Bryant Ave,0,1,0,0,0,N/A
1995387,5-May-21,Minnesota,Rochester,115 16th Ave NW,0,0,1,0,0,N/A
1995798,5-May-21,Minnesota,Moorhead,3000 block of 20th St S,1,0,0,0,1,N/A
1995771,5-May-21,Minnesota,Minneapolis,5700 block of Stevens Ave S,0,1,0,0,0,N/A
1994557,4-May-21,Minnesota,Saint Paul,444 Maryland Ave W,0,1,0,0,0,N/A
1995512,3-May-21,Minnesota,Red Wing,600 block of Featherstone Rd,0,0,0,0,1,N/A
1993460,2-May-21,Minnesota,Rochester,2300 block of 15th Ave NW,0,0,0,0,0,N/A
1992563,2-May-21,Minnesota,Saint Paul,629 Rice St,0,3,0,0,0,N/A
1993404,2-May-21,Minnesota,Saint Paul,Rice St and Front Ave,0,0,0,0,2,N/A
1992570,2-May-21,Minnesota,Saint Paul,843 Selby Ave,0,4,0,0,0,N/A
1992541,1-May-21,Minnesota,Minneapolis,800 block of 23rd Ave NE,0,1,0,0,0,N/A
1991825,1-May-21,Minnesota,Minneapolis,W Broadway Ave and Penn Ave N,0,1,0,0,0,N/A
1991718,1-May-21,Minnesota,Minneapolis,1200 block of Thomas Ave N,0,1,0,0,0,N/A
1992558,1-May-21,Minnesota,Saint Paul,500 block of Central Ave W,0,0,0,0,0,N/A
1991724,30-Apr-21,Minnesota,Minneapolis,800 block of E Franklin Ave,0,1,0,0,0,N/A
1991730,30-Apr-21,Minnesota,Minneapolis,E 27th St and Chicago Ave,0,1,0,0,0,N/A
1991720,30-Apr-21,Minnesota,Minneapolis,N 6th St and N 30th Ave,0,1,0,0,0,N/A
1991353,30-Apr-21,Minnesota,Minneapolis,N Morgan Ave and N 35th Ave,0,1,0,0,0,N/A
1991157,29-Apr-21,Minnesota,Minneapolis,W Broadway Ave and Fremont Ave N,0,1,0,0,0,N/A
1991153,29-Apr-21,Minnesota,Minneapolis,4601 N Lyndale Ave,0,1,0,0,0,N/A
1989714,28-Apr-21,Minnesota,Minneapolis,Sheridan Ave N and W Broadway Ave,0,1,0,0,0,N/A
1991163,28-Apr-21,Minnesota,Minneapolis,3200 block of Logan Ave N,0,1,0,0,0,N/A
1991165,28-Apr-21,Minnesota,Minneapolis,36th Ave N and Penn Ave N,0,1,0,0,0,N/A
1991159,28-Apr-21,Minnesota,Minneapolis,4500 block of N Camden Ave,0,1,0,0,0,N/A
1988666,27-Apr-21,Minnesota,Saint Paul,1300 block of Como Ave,0,0,0,0,1,N/A
1988428,27-Apr-21,Minnesota,Duluth,200 block of E Third St,0,1,0,0,0,N/A
1989688,27-Apr-21,Minnesota,Minneapolis,Penn Ave N and W Broadway,0,1,0,0,1,N/A
1988658,27-Apr-21,Minnesota,Minneapolis,409 Cedar Ave S,1,0,0,0,1,N/A
1989435,27-Apr-21,Minnesota,Blooming Prairie,31585 895th Ave,0,0,0,0,0,N/A
1989428,27-Apr-21,Minnesota,Albert Lea,114 S 3rd Ave,0,0,0,0,0,N/A
1986979,26-Apr-21,Minnesota,Minneapolis (Plymouth),10011 36th Ave N,0,0,0,0,1,N/A
1987551,26-Apr-21,Minnesota,Minneapolis,1800 block of Lowry Ave N,0,3,0,0,0,N/A
2003076,26-Apr-21,Minnesota,Pillager,13100 block of 25th Ave SW,0,1,0,0,1,N/A
1987562,25-Apr-21,Minnesota,Saint Paul,1081 Payne Ave,0,1,0,0,0,N/A
1987481,25-Apr-21,Minnesota,Saint Paul,1201 Jackson St,1,0,0,0,1,N/A
1989238,25-Apr-21,Minnesota,Minneapolis,3100 block of James Ave N,0,1,0,0,0,N/A
1985202,23-Apr-21,Minnesota,Saint Paul,W Minnehaha Ave and Prior Ave N,0,1,0,0,0,N/A
1986119,23-Apr-21,Minnesota,Minneapolis,9000 block of Vinewood Ln,0,0,0,0,1,N/A
1984627,22-Apr-21,Minnesota,Minneapolis,22nd St E and Oakland Ave S,1,0,0,0,0,N/A
1991808,22-Apr-21,Minnesota,Duluth,2221 Nanticoke St,0,0,0,0,1,N/A
1983212,21-Apr-21,Minnesota,Minneapolis,E 39th St and Chicago Ave,0,1,0,0,0,N/A
1982341,20-Apr-21,Minnesota,Minneapolis,5100 block of Dupont Ave N,1,0,0,0,0,N/A
1983215,20-Apr-21,Minnesota,Minneapolis,2400 block of 11th Ave S,0,1,0,0,0,N/A
1982513,20-Apr-21,Minnesota,Minneapolis (Brooklyn Park),5800 block of 73rd Ave N,0,1,0,0,0,N/A
1985087,19-Apr-21,Minnesota,Saint Paul (Shoreview),N/A,0,0,0,0,0,N/A
1981197,18-Apr-21,Minnesota,Circle Pines,3621 88th Ave NE,0,1,0,0,0,N/A
1981179,18-Apr-21,Minnesota,Minneapolis,2500 block of 14th Ave S,0,1,0,0,0,N/A
1980821,18-Apr-21,Minnesota,Minneapolis,W Broadway Ave and Penn Ave N,0,0,0,0,1,N/A
1981175,18-Apr-21,Minnesota,Burnsville,I-35W and State Hwy 13,0,0,1,0,0,N/A
1980901,18-Apr-21,Minnesota,Minneapolis (Brooklyn Park),5817 73rd Ave N,0,1,0,0,0,N/A
1982511,18-Apr-21,Minnesota,Fosston,324 N Mark Ave,0,0,0,0,1,N/A
1984046,18-Apr-21,Minnesota,Puposky,Silver Maple Rd,0,2,0,0,1,N/A
1980903,17-Apr-21,Minnesota,Minneapolis,Hennepin Ave and Lagoon Ave,0,0,0,0,1,N/A
1980308,17-Apr-21,Minnesota,Minneapolis (Brooklyn Park),6200 block of W Broadway Ave,0,1,0,0,0,N/A
1979670,16-Apr-21,Minnesota,Minneapolis,3453 Nicollet Ave,0,1,0,0,0,N/A
1979679,16-Apr-21,Minnesota,Minneapolis,1500 block of N Humboldt Ave,0,1,0,0,0,N/A
1980334,16-Apr-21,Minnesota,Minneapolis,2400 block of 18th Ave S,0,1,0,0,0,N/A
1979643,15-Apr-21,Minnesota,Rochester,937 41st St NW,0,0,0,0,2,N/A
1977262,13-Apr-21,Minnesota,Minneapolis,N/A,0,1,0,0,0,N/A
1975304,12-Apr-21,Minnesota,Minneapolis,N/A,0,2,0,0,0,N/A
1975292,12-Apr-21,Minnesota,Minneapolis,N/A,0,1,0,0,0,N/A
1975316,12-Apr-21,Minnesota,Minneapolis,3300 block of Knox Ave N,0,1,0,0,0,N/A
1975300,12-Apr-21,Minnesota,Minneapolis,Portland Ave and E 28th St,0,1,0,0,1,N/A
1975294,12-Apr-21,Minnesota,Minneapolis,Lyndale Ave S and W 28th St,0,1,0,0,0,N/A
1976269,12-Apr-21,Minnesota,Minneapolis,3500 block of Penn Ave N,0,1,0,0,0,N/A
1975254,12-Apr-21,Minnesota,Minneapolis,E 28th St and 14th Ave S,2,1,0,0,1,N/A
1975290,11-Apr-21,Minnesota,Minneapolis,N/A,0,1,0,0,0,N/A
1974824,11-Apr-21,Minnesota,Minneapolis,26th Ave N and Penn Ave N,0,1,0,0,0,N/A
1975250,11-Apr-21,Minnesota,Minneapolis (Brooklyn Center),6300 block of Orchard Ave,0,0,1,0,1,N/A
1975281,11-Apr-21,Minnesota,Minneapolis,1800 block of 14th Ave S,0,1,0,0,0,N/A
1975288,11-Apr-21,Minnesota,Minneapolis,W Broadway Ave and Lowry Ave N,0,1,0,0,0,N/A
1975269,11-Apr-21,Minnesota,Minneapolis,2600 block of Chicago Ave S,0,1,0,0,0,N/A
1975303,11-Apr-21,Minnesota,Minneapolis,5400 85th Ave N,0,0,0,0,0,N/A
1974822,10-Apr-21,Minnesota,Minneapolis,3600 block of Aldrich Ave N,1,0,0,0,0,N/A
1973077,9-Apr-21,Minnesota,Saint Paul,600 block of Case Ave,0,1,0,0,1,N/A
1973249,8-Apr-21,Minnesota,Minneapolis,W Broadway Ave and Penn Ave N,0,1,0,0,0,N/A
1974036,7-Apr-21,Minnesota,Minneapolis,4100 block of Chicago Ave S,0,1,0,0,0,N/A
1972194,7-Apr-21,Minnesota,Saint Paul,444 Maryland Ave,0,1,0,0,0,N/A
1972044,7-Apr-21,Minnesota,Big Lake,19560 Station St,0,0,0,0,2,N/A
1972039,7-Apr-21,Minnesota,Minneapolis,25th Ave S and E 34th St,0,1,0,0,0,N/A
1970100,6-Apr-21,Minnesota,Osseo (Maple Grove),6700 block of Vicksburg Ln,0,1,0,0,0,N/A
1970934,6-Apr-21,Minnesota,Saint Paul,400 block of Thomas Ave S,0,1,0,0,0,N/A
1970105,5-Apr-21,Minnesota,Minneapolis (Brooklyn Park),6300 block of Zane Ave N,0,0,0,0,0,N/A
1970936,5-Apr-21,Minnesota,Saint Paul,White Bear Ave and Conway St,0,0,0,0,0,N/A
1968857,4-Apr-21,Minnesota,Minneapolis,N Lyndale Ave and N 41st Ave,0,1,0,0,0,N/A
1967910,3-Apr-21,Minnesota,Saint Paul,1000 block of Bush Ave,0,1,0,0,0,N/A
1967906,3-Apr-21,Minnesota,Minneapolis,W Broadway Ave and N Lyndale Ave,0,1,0,0,0,N/A
1967901,2-Apr-21,Minnesota,Minneapolis,N/A,0,1,0,0,0,N/A
1971041,2-Apr-21,Minnesota,Pequot Lakes (Breezy Point),2nd Ave,0,0,0,0,1,N/A
1967453,1-Apr-21,Minnesota,Saint Paul (Maplewood),County Rd D,0,1,0,0,0,N/A
1966546,31-Mar-21,Minnesota,Minneapolis,300 block of Cedar St,0,0,0,0,0,N/A
1966455,31-Mar-21,Minnesota,Saint Paul,Payne Ave and Rose Ave,0,1,0,0,0,N/A
1965781,31-Mar-21,Minnesota,Saint Paul,700 block of Case Ave E,0,1,0,0,0,N/A
1965773,30-Mar-21,Minnesota,Saint Paul,1346 Arcade St,1,0,0,0,1,N/A
1965787,30-Mar-21,Minnesota,Minneapolis,700 block of Penn Ave N,0,2,0,0,0,N/A
1965034,29-Mar-21,Minnesota,Minneapolis,N/A,0,2,0,0,0,N/A
1964547,29-Mar-21,Minnesota,Minneapolis,412 W Broadway Ave,0,1,0,0,0,N/A
1965029,29-Mar-21,Minnesota,Minneapolis,418 13th Ave SW,1,1,0,0,0,N/A
1966463,29-Mar-21,Minnesota,Duluth,N Central Ave and W 7th St,0,0,0,0,0,N/A
1964204,28-Mar-21,Minnesota,Minneapolis,S 17th Ave and E 26th St,0,2,0,0,1,N/A
1964216,28-Mar-21,Minnesota,Minneapolis,1604 W Broadway Ave,0,1,0,0,0,N/A
1963308,27-Mar-21,Minnesota,Minneapolis,Lowry Ave N and Emerson Ave N,0,1,0,0,0,N/A
1962343,26-Mar-21,Minnesota,Minneapolis (Bloomington),1321 E 78th St,0,0,0,0,0,N/A
1962311,26-Mar-21,Minnesota,Minneapolis,800 block of Russell Ave N,0,1,0,0,0,N/A
1962275,26-Mar-21,Minnesota,Saint Paul,Lexington Pkwy N and Marshall Ave,0,0,0,0,0,N/A
1961412,25-Mar-21,Minnesota,Saint Paul,3900 block of Cottage Ave E,0,1,0,0,0,N/A
1962810,25-Mar-21,Minnesota,Saint Paul,1400 block of Prosperity Ave,0,0,0,0,1,N/A
1961401,24-Mar-21,Minnesota,Minneapolis,1700 E Lake St,1,0,0,0,1,N/A
1961423,24-Mar-21,Minnesota,Saint Paul,1600 block of Fremont Ave E,0,0,0,0,0,N/A
1961418,24-Mar-21,Minnesota,Minneapolis,1700 block of 2nd Ave S,0,0,0,0,0,N/A
1961382,24-Mar-21,Minnesota,Duluth,Baylis St and Pecan Ave,0,0,0,0,1,N/A
1960235,23-Mar-21,Minnesota,Minneapolis (Brooklyn Center),3411 65th Ave N,0,1,0,0,1,N/A
1958263,21-Mar-21,Minnesota,Minneapolis,4500 block of Washburn Ave N,0,1,0,0,0,N/A
1958738,21-Mar-21,Minnesota,Minneapolis (Brooklyn Park),7500 block of Kentucky Ave,0,0,0,0,0,N/A
1958476,21-Mar-21,Minnesota,Moorhead,400 block of Sunrise Cir,1,0,0,0,1,N/A
1957959,20-Mar-21,Minnesota,Saint Paul (Woodbury),7250 Valley Creek Plaza,0,0,0,0,0,N/A
1957966,20-Mar-21,Minnesota,Saint Paul,1200 block of Ederton St,0,1,0,0,0,N/A
1957956,20-Mar-21,Minnesota,Minneapolis,2200 block of Ilion Ave N,0,2,0,0,0,N/A
1957511,20-Mar-21,Minnesota,Saint Paul,1900 block of Montana Ave E,1,0,1,0,0,N/A
1957583,19-Mar-21,Minnesota,Rochester,937 41st St NW,0,1,0,0,1,N/A
1956810,19-Mar-21,Minnesota,Farmington,209th St W and Catalina Way,0,1,0,0,1,N/A
1957508,19-Mar-21,Minnesota,Rockford,4000 block of Woodhill Ct,1,0,1,0,0,N/A
1956359,18-Mar-21,Minnesota,Minneapolis (Bloomington),E 78th St and 2nd Ave S,0,0,1,0,0,N/A
1956555,18-Mar-21,Minnesota,Duluth,2000 block of W 2nd St,0,0,0,0,1,N/A
1953544,15-Mar-21,Minnesota,Minneapolis,2900 block of N Dupont Ave,0,1,0,0,0,N/A
1953562,15-Mar-21,Minnesota,Minneapolis,912 E 24th St,1,0,0,0,1,N/A
2179533,15-Mar-21,Minnesota,Granite Falls,5616 Prairies Edge Ln,0,1,0,0,0,N/A
1953579,15-Mar-21,Minnesota,Minneapolis (Coon Rapids),12300 block of Drake Cir,0,0,0,1,0,N/A
1951788,13-Mar-21,Minnesota,Minneapolis,14th St and Nicollet Ave,0,2,0,0,0,N/A
1952010,12-Mar-21,Minnesota,Minneapolis,E 38th St and Chicago Ave,0,0,0,1,3,N/A
1951795,12-Mar-21,Minnesota,Saint Paul,900 block of Lawson Ave E,0,1,0,0,0,N/A
1951793,12-Mar-21,Minnesota,Gaylord,27497 451st Ave,1,0,0,0,0,N/A
1950969,12-Mar-21,Minnesota,Saint Paul,Cook Ave and Weide St,0,1,0,0,0,N/A
1950977,11-Mar-21,Minnesota,Minneapolis,N Humboldt Ave and 49th Ave N,0,1,0,0,0,N/A
1950188,11-Mar-21,Minnesota,Saint Paul,500 block of Nevada Ave E,0,0,0,0,0,N/A
1950994,11-Mar-21,Minnesota,Saint Paul,Iglehart Ave,0,0,0,0,0,N/A
1950992,11-Mar-21,Minnesota,Saint Paul,2000 Block of California Ave E,0,1,0,0,0,N/A
1950985,11-Mar-21,Minnesota,Minneapolis,627 W Broadway Ave,0,1,0,0,0,N/A
1950292,10-Mar-21,Minnesota,Saint Cloud,1000 block of Ninth Ave S,0,0,0,0,1,N/A
1949292,9-Mar-21,Minnesota,Bemidji,2800 Ridgeway Ave NW,0,1,0,0,1,N/A
1974819,8-Mar-21,Minnesota,Minneapolis (Fridley),1000 E Moore Lake Dr,0,0,0,0,0,N/A
1948249,8-Mar-21,Minnesota,Minneapolis,Cedar Ave S and E 26th St,1,1,0,0,0,N/A
1946877,7-Mar-21,Minnesota,Minneapolis,2700 block of Upton Ave N,0,1,0,0,0,N/A
1946461,6-Mar-21,Minnesota,Minneapolis,3759 Chicago Ave,1,0,0,0,1,N/A
1946881,6-Mar-21,Minnesota,Minneapolis,Lagoon Ave and Hennepin Ave,0,1,0,0,0,N/A
1946206,6-Mar-21,Minnesota,Saint Paul (North Saint Paul),MN-36 and McKnight Rd N,0,1,0,0,0,N/A
1946203,5-Mar-21,Minnesota,Minneapolis,1816 Nicollet Ave,0,1,0,0,0,N/A
1947626,5-Mar-21,Minnesota,Saint Paul,N McKnight Rd,0,0,1,0,0,N/A
1943461,3-Mar-21,Minnesota,Saint Paul,600 block of Kansas Ave,0,1,0,0,0,N/A
1962816,2-Mar-21,Minnesota,Minneapolis (Coon Rapids),10700 block of Hanson Blvd NW,0,0,0,0,1,N/A
1943466,2-Mar-21,Minnesota,Rochester,2106 Valleyhigh Dr NW,0,0,0,0,1,N/A
1943453,2-Mar-21,Minnesota,Minneapolis,1835 Larpenteur Ave E,0,1,0,0,0,N/A
1941287,28-Feb-21,Minnesota,Minneapolis (Brooklyn Park),6200 block of 65th Ave,0,0,0,0,0,N/A
1941018,28-Feb-21,Minnesota,Minneapolis,800 block of Franklin Ave E,0,1,0,0,0,N/A
1941009,28-Feb-21,Minnesota,Minneapolis,3214 Logan Ave  N,1,0,0,0,1,N/A
1944372,28-Feb-21,Minnesota,Minneapolis,2400 block of Golden Valley Rd,1,0,0,0,0,N/A
1940854,27-Feb-21,Minnesota,Sebeka,205th Ave and 270th St,0,2,2,0,0,N/A
1940003,26-Feb-21,Minnesota,Moorhead,1900 block of 41th Ave S,0,1,0,0,0,N/A
1940174,26-Feb-21,Minnesota,Grove City,26100 block of 545th Ave,1,0,0,0,2,N/A
1941289,25-Feb-21,Minnesota,Champlin,Douglas Dr and 114th Ave,0,0,0,0,0,N/A
1939199,25-Feb-21,Minnesota,Minneapolis,2300 block of 17th Ave S,1,2,0,0,0,N/A
1939337,25-Feb-21,Minnesota,Minneapolis,105 W Grant St,0,1,0,0,1,N/A
1939321,25-Feb-21,Minnesota,Minneapolis,76th Ave N,0,1,0,0,0,N/A
1939104,25-Feb-21,Minnesota,Duluth,2300 block of W 4th St,0,0,1,0,0,N/A
1936782,23-Feb-21,Minnesota,Minneapolis,4800 block of Aldrich Ave N,0,1,0,0,1,N/A
1937468,23-Feb-21,Minnesota,Saint Paul,1045 Hudson Rd,1,1,0,0,1,N/A
1946211,22-Feb-21,Minnesota,Lastrup,Elm Ave,0,0,0,0,1,N/A
1935008,21-Feb-21,Minnesota,Minneapolis (Bloomington),6700 block of W Old Shakopee Rd,0,1,0,0,0,N/A
1935520,21-Feb-21,Minnesota,Saint Paul,800 Orange Ave E,0,1,0,0,0,N/A
1935013,21-Feb-21,Minnesota,Minneapolis,Lowry Ave N and 2nd St NE,1,0,0,0,1,N/A
1935004,21-Feb-21,Minnesota,Braham,MN-65 and MN-107,0,0,1,0,1,N/A
1934676,20-Feb-21,Minnesota,Saint Paul,N/A,0,1,0,0,0,N/A
1934100,19-Feb-21,Minnesota,Cloquet,1535 Sahlman Ave,0,0,0,0,1,N/A
1934155,18-Feb-21,Minnesota,Saint Paul (Maplewood),McKnight Rd N and Lower Afton Rd,0,0,0,0,0,N/A
1934117,18-Feb-21,Minnesota,Minneapolis (Brooklyn Park),5800 block of 73rd Ave N,0,0,0,0,0,N/A
1930917,17-Feb-21,Minnesota,Eden Prairie,6000 block of Promontory Dr,0,1,0,0,1,N/A
1930183,15-Feb-21,Minnesota,Duluth,20 Block of Village View Dr,0,0,0,0,0,N/A
1931883,15-Feb-21,Minnesota,Mankato,51578 US-169,0,0,0,0,1,N/A
1928966,14-Feb-21,Minnesota,Minneapolis,700 block of W Lyndale Ave N,0,1,0,0,0,N/A
1929087,14-Feb-21,Minnesota,Minneapolis,4000 block of 28th Ave S,2,1,0,0,0,N/A
1929235,14-Feb-21,Minnesota,Minneapolis,1500 block of Nicollet Ave,0,0,0,0,0,N/A
1928236,13-Feb-21,Minnesota,Minneapolis,1400 block of Morgan Ave N,0,1,0,0,0,N/A
1928769,13-Feb-21,Minnesota,Minneapolis,1700 block of Newton Ave N,0,2,0,0,0,N/A
1930962,13-Feb-21,Minnesota,Saint Paul,Central Avenue and Victoria St,0,1,0,0,0,N/A
1930953,13-Feb-21,Minnesota,Saint Paul,Stewart Ave and Madison St,0,1,0,0,0,N/A
1930944,13-Feb-21,Minnesota,Saint Paul,E Jessamine Ave and Nokomis Ave,0,1,0,0,0,N/A
1928231,12-Feb-21,Minnesota,Minneapolis,2800 block of 27th Ave S,1,0,0,0,0,N/A
1928229,12-Feb-21,Minnesota,Minneapolis (Brooklyn Park),6300 block of Zane Ave N,0,0,0,0,1,N/A
1928228,12-Feb-21,Minnesota,Minneapolis (Brooklyn Park),6800 block of 86th Ln N,0,0,0,0,0,N/A
1928193,12-Feb-21,Minnesota,Minneapolis,4200 block of Irving Ave N,0,1,0,0,0,N/A
1927347,11-Feb-21,Minnesota,Minneapolis (Bloomington),10700 block of France Ave S,0,1,0,0,0,N/A
1926511,10-Feb-21,Minnesota,Saint Paul,7th St E and N Cypress St,0,0,0,0,0,N/A
1926510,10-Feb-21,Minnesota,Saint Paul,800 block of Rice St,0,0,0,0,0,N/A
1925951,10-Feb-21,Minnesota,Moorhead,900 block of 18th St S,0,0,0,0,1,N/A
1924338,9-Feb-21,Minnesota,Buffalo,755 Crossroads Campus Dr,1,4,0,0,1,N/A
1923676,8-Feb-21,Minnesota,Burnsville,1300 block of 143rd St W,0,1,0,0,0,N/A
1924457,8-Feb-21,Minnesota,Minneapolis,Colfax Ave S and W 26th St,0,1,0,0,0,N/A
1922767,7-Feb-21,Minnesota,Minneapolis,3400 block of Chicago Ave,0,1,0,0,0,N/A
1921061,5-Feb-21,Minnesota,Minneapolis,2800 block of 11th Ave S,0,1,0,0,0,N/A
1921484,5-Feb-21,Minnesota,Saint Cloud,9th Ave and 14th St S,0,1,0,0,0,N/A
1921899,5-Feb-21,Minnesota,Duluth,2400 block of W 3rd St,0,0,0,0,2,N/A
1920274,3-Feb-21,Minnesota,Saint Cloud,25th Ave S and 1st St S,0,1,0,0,3,N/A
1921057,3-Feb-21,Minnesota,Duluth,US-53 and Piedmont Ave,0,0,0,0,0,N/A
1919678,3-Feb-21,Minnesota,Rochester,2408 18 1/2 Ave NW,0,1,0,1,0,N/A
1918433,2-Feb-21,Minnesota,Minneapolis,4000 block of Washington St NE,0,1,0,0,0,N/A
1918446,2-Feb-21,Minnesota,Minneapolis,N 16th Ave and Logan Ave N,0,1,0,0,0,N/A
1919125,2-Feb-21,Minnesota,Minneapolis (Robbinsdale),N/A,0,1,0,0,0,N/A
1917187,1-Feb-21,Minnesota,Saint Paul,7 Long Lake Rd,1,0,1,0,0,N/A
1921908,31-Jan-21,Minnesota,Inver Grove Heights,1300 block of 60th St W,1,0,0,0,1,N/A
1915898,30-Jan-21,Minnesota,Saint Paul,761 Jessie St,3,0,0,0,1,N/A
1916540,30-Jan-21,Minnesota,Minneapolis,1400 block of 6th St SE,0,2,0,0,0,N/A
1915828,30-Jan-21,Minnesota,Minneapolis,S 4th St,0,1,0,0,0,N/A
1915818,29-Jan-21,Minnesota,Duluth,5698 Miller Trunk Hwy,0,0,1,0,0,N/A
1915362,29-Jan-21,Minnesota,Saint Paul,Sherburne Ave and St Albans St N,0,1,0,0,0,N/A
1927339,29-Jan-21,Minnesota,Winona (county),I-90,1,0,0,0,0,N/A
2040719,29-Jan-21,Minnesota,Saginaw,6993 US-2,0,0,1,0,0,N/A
1913125,27-Jan-21,Minnesota,Saint Paul,1400 block of York Ave,0,3,0,0,0,N/A
1913171,26-Jan-21,Minnesota,Eden Prairie,Prairie Center Dr and Flying Cloud Dr,0,0,0,0,0,N/A
1912285,26-Jan-21,Minnesota,Albertville,10000 block of 64th Way NE,0,0,0,0,1,N/A
1911080,24-Jan-21,Minnesota,Saint Cloud,100 block of 16th Ave S,0,2,0,0,0,N/A
1911157,23-Jan-21,Minnesota,Rochester,402 31st St NE,0,0,0,0,0,N/A
1908935,22-Jan-21,Minnesota,Saint Paul,Larpenteur Ave W and Rice St,0,1,0,0,0,N/A
1908932,21-Jan-21,Minnesota,Minneapolis,2500 block of Clinton Ave,0,0,0,0,0,N/A
1907555,21-Jan-21,Minnesota,Saint Paul,500 block of Payne Ave,2,0,0,0,0,N/A
1908939,21-Jan-21,Minnesota,Minneapolis,400 block of 33rd Ave N,1,0,0,0,1,N/A
1908027,20-Jan-21,Minnesota,Saint Paul,Selby Ave and N Dunlap St,0,1,0,0,0,N/A
1906780,20-Jan-21,Minnesota,Minneapolis,4300 block of Bryant Ave S,0,0,0,0,0,N/A
1907155,19-Jan-21,Minnesota,Saint Paul,4th St and Earl St,0,1,0,0,0,N/A
1905300,18-Jan-21,Minnesota,Saint Paul,Hazelwood St and Maryland Ave E,0,1,0,0,0,N/A
1905266,18-Jan-21,Minnesota,Saint Paul,800 block of Wakefield Ave,0,0,0,0,1,N/A
1905031,18-Jan-21,Minnesota,Minneapolis (Richfield),1700 block of 75th St W,0,1,0,0,0,N/A
1904890,18-Jan-21,Minnesota,Minneapolis,2900 block of E Franklin Ave,0,1,0,0,0,N/A
1905816,18-Jan-21,Minnesota,Minneapolis,400 S Marquette Ave,0,0,0,0,1,N/A
1906116,17-Jan-21,Minnesota,Saint Paul,1300 block of Park St,0,1,0,0,1,N/A
2095591,17-Jan-21,Minnesota,Mankato,142 Bunting Ln,0,1,0,0,1,N/A
1904286,16-Jan-21,Minnesota,Saint Paul,N/A,0,1,0,0,0,N/A
1904282,16-Jan-21,Minnesota,Minneapolis,N/A,0,1,0,0,0,N/A
1905028,16-Jan-21,Minnesota,Saint Paul,Selby Ave and Cretin Ave S,0,0,0,0,0,N/A
1903468,15-Jan-21,Minnesota,Minneapolis,101 W Grant St,0,1,0,0,0,N/A
1905782,15-Jan-21,Minnesota,Owatonna,N/A,0,0,0,0,1,N/A
1903561,15-Jan-21,Minnesota,Willmar,1000 block of 4th St SW,1,0,0,0,0,N/A
1903436,15-Jan-21,Minnesota,Minneapolis (Robbinsdale),3700 block of Quail Ave N,1,0,0,0,0,N/A
1901668,14-Jan-21,Minnesota,Minneapolis,1818 Lowry Ave N,0,0,0,1,0,N/A
1902405,14-Jan-21,Minnesota,Minneapolis,3500 block of Girard Ave N,1,0,0,0,0,N/A
1902481,14-Jan-21,Minnesota,Saint Paul,200 Block of Congress St E,0,1,0,0,0,N/A
1902471,14-Jan-21,Minnesota,Minneapolis,3800 Block of Dowling Ave N,0,1,0,0,0,N/A
1902399,14-Jan-21,Minnesota,Minneapolis (Brooklyn Park),7500 block of 83rd Ave N,0,0,1,0,0,N/A
1909349,13-Jan-21,Minnesota,Andover,4100 block of NW 145th Ln,0,0,0,0,0,N/A
1901060,13-Jan-21,Minnesota,Saint Paul,1200 block of Hazelwood St,0,1,0,0,0,N/A
1901058,12-Jan-21,Minnesota,Saint Paul,Idaho Ave,0,1,0,0,0,N/A
1899666,11-Jan-21,Minnesota,Minneapolis,100 block of W 56th St,0,0,0,0,0,N/A
1900265,11-Jan-21,Minnesota,Minneapolis (Brooklyn Park),5900 block of 65th Ave N,0,1,0,0,0,N/A
1901064,11-Jan-21,Minnesota,Saint Paul,7th St E and Kennard St N,0,0,0,0,0,N/A
1899682,10-Jan-21,Minnesota,Saint Paul,S Clinton Ave and Isabel St E,0,0,0,0,0,N/A
1899350,10-Jan-21,Minnesota,Minneapolis,5400 block of 46th Ave S,0,1,0,0,0,N/A
1898979,10-Jan-21,Minnesota,Circle Pines,54 North Rd,0,0,0,0,1,N/A
1899312,9-Jan-21,Minnesota,Saint Cloud,429 9th Ave N,0,1,0,0,1,N/A
1898718,9-Jan-21,Minnesota,Minneapolis,3808 83rd Ave N,1,0,0,0,1,N/A
1897430,8-Jan-21,Minnesota,Minneapolis (Robbinsdale),38th Ave N and Noble Ave N,0,0,1,0,0,N/A
1897469,8-Jan-21,Minnesota,Minneapolis (Richfield),901 E 77th St,1,0,0,0,0,N/A
1896769,7-Jan-21,Minnesota,Newport,2100 block of 3rd Ave,0,0,0,0,1,N/A
1897520,7-Jan-21,Minnesota,Minneapolis,4900 block of Morgan Ave N,0,1,0,0,0,N/A
1897504,7-Jan-21,Minnesota,Minneapolis,3900 block of Aldrich Ave,0,1,0,0,0,N/A
1897496,7-Jan-21,Minnesota,Minneapolis,1 W 49th St,0,1,0,0,0,N/A
1896551,6-Jan-21,Minnesota,Minneapolis,50th St E and 2nd Ave S,0,1,0,0,0,N/A
1896553,6-Jan-21,Minnesota,Minneapolis,2900 block of Pillsbury Ave S,0,1,0,0,0,N/A
1896558,6-Jan-21,Minnesota,Winona,900 block of E Sixth St,0,1,0,0,1,N/A
1894447,4-Jan-21,Minnesota,Minneapolis,N/A,0,2,0,0,0,N/A
1894443,4-Jan-21,Minnesota,Minneapolis,3200 block of S 5th Ave,0,0,0,0,0,N/A
1895155,4-Jan-21,Minnesota,Saint Paul,1300 block of Edgerton St,0,0,0,0,0,N/A
1895157,4-Jan-21,Minnesota,Saint Paul,1400 block of Rice St,0,1,0,0,0,N/A
1895167,4-Jan-21,Minnesota,Minneapolis,2400 block of James Ave N,0,1,0,0,0,N/A
1893678,3-Jan-21,Minnesota,Minneapolis (Fridley),1652 69th Ave NE,0,0,0,0,0,N/A
1894444,3-Jan-21,Minnesota,Minneapolis,5300 block of Minnehaha Ave,0,0,0,0,0,N/A
1893364,3-Jan-21,Minnesota,Saint Paul (White Bear Lake),1700 block of 5th St,0,0,0,0,1,N/A
1892868,2-Jan-21,Minnesota,Minneapolis,1400 block of Marshall St NE,0,0,0,0,0,N/A
1892879,2-Jan-21,Minnesota,Minneapolis,1700 block of E 22nd St,0,1,0,0,1,N/A
1896845,1-Jan-21,Minnesota,Saint Cloud,McKinley Place N,0,0,0,0,1,N/A
1892905,1-Jan-21,Minnesota,Minneapolis,400 block of E 36th St,0,0,0,0,1,N/A
1892897,1-Jan-21,Minnesota,Minneapolis,2700 block of 18th Ave S,0,0,0,0,0,N/A
1891923,1-Jan-21,Minnesota,Minneapolis,1400 block of 6th St SE,0,2,0,0,0,N/A
1922774,1-Jan-21,Minnesota,Saint Paul (New Brighton),1200 block of NW 10th St,0,0,0,0,1,N/A