"Incident ID","Incident Date",State,"City Or County",Address,"Victims Killed","Victims Injured","Suspects Killed","Suspects Injured","Suspects Arrested",Operations
1586117,"December 31, 2019",Minnesota,Minneapolis,"1300 block of Russell Ave N",1,1,0,0,2,N/A
1583736,"December 29, 2019",Minnesota,Minneapolis,"2000 block of Hillside Ave",0,1,0,0,0,N/A
1583731,"December 29, 2019",Minnesota,"Minneapolis (Brooklyn Park)","7700 Brooklyn Blvd",0,1,0,0,0,N/A
1583725,"December 29, 2019",Minnesota,Minneapolis,"601 Morgan Ave S",0,1,0,0,0,N/A
1587659,"December 27, 2019",Minnesota,"Minneapolis (Columbia Heights)","400 block of 42nd Ave NE",0,0,0,0,1,N/A
1584714,"December 27, 2019",Minnesota,"Pequot Lakes","Olson St",0,0,0,0,0,N/A
1581023,"December 26, 2019",Minnesota,Chanhassen,"570 Market St",0,1,0,0,0,N/A
1581009,"December 26, 2019",Minnesota,"Saint Paul","295 State St",1,0,0,0,1,N/A
1580107,"December 26, 2019",Minnesota,Minneapolis,"300 block of N Lowry Ave",0,1,0,0,1,N/A
1580112,"December 25, 2019",Minnesota,"Saint Paul","674 Dodd Rd",0,0,0,0,1,N/A
1587653,"December 24, 2019",Minnesota,"Albert Lea","833 S Broadway",0,0,0,0,0,N/A
1579145,"December 23, 2019",Minnesota,Duluth,"100 block of E Harbor Highlands Dr",0,1,0,1,0,N/A
1577688,"December 22, 2019",Minnesota,"Minneapolis (Spring Lake Park)","8407 Plaza Blvd NE",1,7,0,0,0,N/A
1579183,"December 21, 2019",Minnesota,"Crow Wing (county)",N/A,0,1,0,0,0,N/A
1576447,"December 19, 2019",Minnesota,Minneapolis,"1600 Block of Russell Ave N",1,0,0,0,3,N/A
1576458,"December 18, 2019",Minnesota,Minneapolis,"1000 block of 15th Ave S",0,1,0,0,2,N/A
1575104,"December 18, 2019",Minnesota,"Saint Cloud","University Dr SE and 15th Ave SE",0,1,0,0,2,N/A
1575373,"December 18, 2019",Minnesota,Litchfield,US-12,0,0,0,0,1,N/A
1592645,"December 17, 2019",Minnesota,"Minneapolis (Columbia Heights)","4500 block of 4th St",0,0,0,0,1,N/A
1574133,"December 16, 2019",Minnesota,Minneapolis,"400 block of 15th Ave",0,1,0,0,0,N/A
1572253,"December 15, 2019",Minnesota,Minneapolis,"3114 N Thomas Ave",0,0,1,0,0,N/A
1574160,"December 14, 2019",Minnesota,"Minneapolis (New Hope)","5500 block of Elm Grove",0,0,0,0,1,N/A
1571366,"December 12, 2019",Minnesota,Austin,"900 block of Ninth Ave SE",0,0,0,0,0,N/A
1570419,"December 11, 2019",Minnesota,Minneapolis,"1505 69th Ave N",1,0,0,0,1,N/A
1571798,"December 11, 2019",Minnesota,Duluth,"3200 block of W Michigan St",0,0,0,0,2,N/A
1570431,"December 10, 2019",Minnesota,Austin,"24271 540th Ave",1,0,0,0,0,N/A
1568627,"December 10, 2019",Minnesota,Willmar,"1300 block of Dana Dr SE",0,1,0,0,1,N/A
1567592,"December 8, 2019",Minnesota,Minneapolis,"2000 block of Portland Ave S",1,0,0,0,0,N/A
1574149,"December 8, 2019",Minnesota,Duluth,"2113 W Superior St",0,0,0,0,1,N/A
1570490,"December 7, 2019",Minnesota,"Eden Prairie","14247 Valley View Rd",0,0,0,0,0,N/A
1566398,"December 7, 2019",Minnesota,Minneapolis,"400 block of Hennepin Ave",0,1,0,0,0,N/A
1570467,"December 4, 2019",Minnesota,"Eden Prairie","14000 block of Golf View Dr",0,0,0,0,0,N/A
1564888,"December 4, 2019",Minnesota,"Chisago City","24900 block of Keyston Ave",0,0,0,0,1,N/A
1566404,"December 4, 2019",Minnesota,Austin,"87777 180th St",0,0,0,0,0,N/A
1566402,"December 3, 2019",Minnesota,"Long Prairie","16000 block of 10th Ave",0,0,0,0,0,N/A
1564252,"December 1, 2019",Minnesota,"Saint Paul (New Brighton)","County Rd D W",0,0,0,0,1,N/A
1561977,"December 1, 2019",Minnesota,Minneapolis,"2738 Oakland Ave S",3,0,1,0,0,N/A
1560951,"November 28, 2019",Minnesota,Minneapolis,"2600 block of James Ave N",1,0,0,0,1,N/A
1581595,"November 28, 2019",Minnesota,"Minneapolis (Fridley)","4700 block of NE 2nd St",0,1,0,0,0,N/A
1564891,"November 25, 2019",Minnesota,Duluth,"2011 W Second St",0,0,0,0,1,N/A
1557895,"November 24, 2019",Minnesota,"North Branch","19000 block of I-95 NE",0,2,0,0,0,N/A
1556456,"November 23, 2019",Minnesota,"Saint Paul","800 block of Blair Ave",0,0,0,1,0,N/A
1556458,"November 23, 2019",Minnesota,"Saint Paul","100 block of Moreland Ave",0,1,0,0,0,N/A
1556453,"November 23, 2019",Minnesota,"Saint Paul (Maplewood)","Roselawn Ave and I-35",0,2,0,0,0,N/A
1557774,"November 22, 2019",Minnesota,Minneapolis,"1021 W Broadway Ave",0,1,0,0,0,N/A
1555995,"November 22, 2019",Minnesota,"Minneapolis (Edina)","6600 block of Vernon Ave S",0,0,1,0,1,N/A
1554740,"November 19, 2019",Minnesota,"Minneapolis (Robbinsdale)","3700 block of Quail Ave N",0,0,0,0,0,N/A
1551894,"November 17, 2019",Minnesota,Duluth,"1900 block of W 3rd St",0,0,0,1,0,N/A
1550843,"November 16, 2019",Minnesota,Minneapolis,"600 block of SE Main St",1,0,0,0,0,N/A
1553078,"November 15, 2019",Minnesota,Bemidji,"700 block of 19th St NW",0,0,0,0,1,N/A
1550129,"November 15, 2019",Minnesota,Minneapolis,"1636 Ilion Ave",0,3,0,0,0,N/A
1552138,"November 15, 2019",Minnesota,Shafer,N/A,0,0,0,0,1,N/A
1549289,"November 14, 2019",Minnesota,Rochester,"3900 block of 18th Ave NW",0,2,0,0,1,N/A
1550145,"November 14, 2019",Minnesota,"Saint Paul","500 block of Van Buren Ave",0,1,0,0,0,N/A
1547758,"November 10, 2019",Minnesota,Minneapolis,"4200 block of Blaisdell Ave",0,0,0,0,0,N/A
1546766,"November 10, 2019",Minnesota,"Saint Paul","Rice St and W Wayzata St",1,0,0,0,0,N/A
1546841,"November 10, 2019",Minnesota,"Saint Paul","Rice St and Sherburne Ave",0,1,0,0,0,N/A
1546111,"November 9, 2019",Minnesota,Minneapolis,"4600 block of Lyndale Ave N",1,0,0,0,0,N/A
1546137,"November 9, 2019",Minnesota,"Saint Paul","1100 block of N Park St",0,0,0,0,0,N/A
1546126,"November 9, 2019",Minnesota,Cloquet,"3521 Brevator Rd",1,0,0,0,1,N/A
1544954,"November 6, 2019",Minnesota,"Saint Paul","30 Baker St",0,0,0,0,1,N/A
1543999,"November 6, 2019",Minnesota,"Albert Lea","101 N 8th Ave",0,0,0,0,0,N/A
1543208,"November 6, 2019",Minnesota,"Saint Paul","100 block of Annapolis St E",1,0,0,0,2,N/A
1543212,"November 6, 2019",Minnesota,"Saint Paul","500 block of E 7th St",0,0,0,1,0,N/A
1541720,"November 4, 2019",Minnesota,"Saint Paul","2000 White Bear Ave N",0,0,1,0,0,N/A
1540791,"November 3, 2019",Minnesota,"Minneapolis (Bloomington)","8500 block of Penn Ave S",1,1,0,0,0,N/A
1543217,"November 3, 2019",Minnesota,"Carver (county)",N/A,0,1,0,0,0,N/A
1542286,"November 3, 2019",Minnesota,Rochester,"1300 block of 4th Ave SE",0,1,0,0,1,N/A
1540412,"November 2, 2019",Minnesota,"Saint Paul","Maryland Ave East and Hazelwood St",1,1,0,0,0,N/A
1539948,"November 1, 2019",Minnesota,Minneapolis,"2500 block of Cedar Ave",0,1,0,0,0,N/A
1539950,"November 1, 2019",Minnesota,"Saint Paul","1300 block of Davern St",1,1,0,0,1,N/A
1539997,"October 30, 2019",Minnesota,Minneapolis,"3900 block of Lyndale Ave N",1,0,0,0,1,N/A
1538481,"October 30, 2019",Minnesota,Minneapolis,N/A,0,1,0,0,0,N/A
1538370,"October 29, 2019",Minnesota,Rochester,"1200 block of Turnberry Dr SE",0,0,0,0,1,N/A
1537245,"October 28, 2019",Minnesota,"Minneapolis (Plymouth)","10635 36th Ave N",0,0,0,0,1,N/A
1536648,"October 27, 2019",Minnesota,"Saint Paul","Central Ave W and Kent St N",1,0,0,0,2,N/A
1547644,"October 25, 2019",Minnesota,"Minneapolis (Bloomington)","1900 block of E 86th St",0,0,0,0,1,N/A
1533127,"October 23, 2019",Minnesota,"Saginaw (Culver)","8162 Swan Lake Rd",0,0,0,0,0,N/A
1533150,"October 23, 2019",Minnesota,Rochester,"717 12th St SE",0,2,0,0,2,N/A
1535258,"October 22, 2019",Minnesota,Austin,"300 block of 7th St NW",0,0,0,0,1,N/A
1533609,"October 22, 2019",Minnesota,"Saginaw (Culver)","5697 Hwy 7",0,0,0,0,0,N/A
1532351,"October 21, 2019",Minnesota,Dassel,"MN 15",0,0,0,0,2,N/A
1531622,"October 20, 2019",Minnesota,"Saint Paul","1475 W University Ave",0,1,0,1,1,N/A
1530559,"October 18, 2019",Minnesota,"Saint Paul","981 University Ave W",0,2,0,0,0,N/A
1529849,"October 18, 2019",Minnesota,Cloquet,"133 University Rd",0,1,0,0,1,N/A
1530675,"October 18, 2019",Minnesota,Moorhead,"1700 3rd Ave S",0,0,0,0,0,N/A
1529041,"October 15, 2019",Minnesota,Cushing,"US-10 and Co Hwy 16",0,0,1,0,0,N/A
1529030,"October 14, 2019",Minnesota,"Forest Lake","900 block of 7th St SE",0,0,0,0,1,N/A
1526605,"October 14, 2019",Minnesota,"Minneapolis (Blaine)","11505 Ulysses St NE",0,1,0,0,1,N/A
1525449,"October 11, 2019",Minnesota,Minneapolis,"Cedar Ave S and Riverside Ave",0,1,0,0,0,N/A
1525437,"October 11, 2019",Minnesota,Duluth,"67th Ave W and Sherburne St",0,1,0,0,0,N/A
1525453,"October 11, 2019",Minnesota,Minneapolis,"2200 block of Aldrich Ave N",1,0,0,1,1,N/A
1522362,"October 7, 2019",Minnesota,Moorhead,"S 8th St",0,0,0,0,1,N/A
1522315,"October 7, 2019",Minnesota,Minneapolis,"2900 block of N 6th St",0,2,0,0,0,N/A
1523319,"October 7, 2019",Minnesota,Becker,"11000 block of Holasek Ave",0,0,0,0,0,N/A
1521252,"October 6, 2019",Minnesota,"Saint Paul","400 block of Wabasha St S",1,1,0,0,1,N/A
1519704,"October 3, 2019",Minnesota,Wyoming,N/A,0,1,0,0,0,N/A
1519710,"October 3, 2019",Minnesota,Minneapolis,"300 block of 16th Ave N",0,0,0,0,1,N/A
1518196,"October 2, 2019",Minnesota,Minneapolis,"2300 block of E Franklin Ave",1,1,0,0,1,N/A
1703473,"October 2, 2019",Minnesota,Makinen,"3316 Curt Ln",1,0,0,0,2,N/A
1517034,"October 1, 2019",Minnesota,Benson,"US 12",1,0,0,0,0,N/A
1518198,"September 30, 2019",Minnesota,"Saint Paul","Earl St and Reaney Ave",0,0,0,0,1,N/A
1525555,"September 28, 2019",Minnesota,"Minneapolis (Robbinsdale)","3300 block of France Ave N",0,0,0,0,1,N/A
1515301,"September 28, 2019",Minnesota,"Saint Paul","1045 Hudson Rd",1,0,0,0,0,N/A
1515182,"September 28, 2019",Minnesota,Minneapolis,"8th St and Hennepin Ave S",1,0,0,0,1,N/A
1514541,"September 27, 2019",Minnesota,Minneapolis,"25th Ave and Logan Ave",0,1,0,0,0,N/A
1514732,"September 26, 2019",Minnesota,Austin,"30583 872nd Ave",0,0,0,0,1,N/A
1513447,"September 25, 2019",Minnesota,"Albert Lea","1619 W Main St",0,0,0,0,1,N/A
1512713,"September 24, 2019",Minnesota,"Saint Paul","Fremont Ave E and Mendota St",1,0,0,0,1,N/A
1509694,"September 22, 2019",Minnesota,Minneapolis,"1800 Emerson Ave N",1,0,0,0,0,N/A
1509690,"September 22, 2019",Minnesota,Duluth,"300 block of 62nd Ave W",1,0,0,0,2,N/A
1509692,"September 21, 2019",Minnesota,"Saint Paul","800 block of Hazel St N",0,1,0,0,0,N/A
1509049,"September 21, 2019",Minnesota,Minneapolis,"3900 block of Humboldt Ave N",1,0,0,0,0,N/A
1507076,"September 18, 2019",Minnesota,"Saint Paul","678 Aurora Ave",1,0,0,0,0,N/A
1507441,"September 18, 2019",Minnesota,"Saint Paul","300 block of View St",0,0,0,0,0,N/A
1507411,"September 18, 2019",Minnesota,"Saint Paul","Rice St and Winnipeg Ave W",0,0,0,0,0,N/A
1516214,"September 16, 2019",Minnesota,"Minneapolis (Blaine)","100 block of 112th Square NE",0,0,0,0,0,N/A
1505857,"September 16, 2019",Minnesota,Minneapolis,"4500 block of Aldrich Ave N",0,1,0,0,0,N/A
1504934,"September 15, 2019",Minnesota,"Saint Paul","W Thomas Ave and N Griggs St",0,0,1,0,0,N/A
1503849,"September 14, 2019",Minnesota,"Saint Paul","500 block of York Ave",0,1,0,0,0,N/A
1510965,"September 13, 2019",Minnesota,"Saint Louis Park","1400 block of Zarthan Ave",0,0,0,0,0,N/A
1503841,"September 13, 2019",Minnesota,"Saint Paul","1300 block of Sherburne Ave",0,1,0,0,0,N/A
1500973,"September 10, 2019",Minnesota,"Saint Paul","Marion St and University Ave",1,1,0,0,0,N/A
1500977,"September 10, 2019",Minnesota,Shakopee,"300 block of Harrison St",0,1,0,0,1,N/A
1510964,"September 9, 2019",Minnesota,"Saint Louis Park","6300 block of Cambridge St",0,0,0,0,0,N/A
1500968,"September 9, 2019",Minnesota,"Saint Paul","Rice St and Winnipeg Ave",1,0,0,0,2,N/A
1500961,"September 9, 2019",Minnesota,"Saint Paul","Case Ave and Edgerton St",1,0,0,0,1,N/A
1499533,"September 8, 2019",Minnesota,Minneapolis,"3800 block of Lyndale Ave N",1,0,0,0,0,N/A
1500129,"September 8, 2019",Minnesota,"Saint Paul (West Saint Paul)","900 block of Humboldt Ave",0,0,0,0,0,N/A
1499579,"September 7, 2019",Minnesota,"Minneapolis (Richfield)","77th St E and Chicago Ave",0,0,1,0,0,N/A
1498921,"September 7, 2019",Minnesota,"Saint Paul","2100 block of Glenridge Ave",1,0,0,0,1,N/A
1507417,"September 7, 2019",Minnesota,"Minneapolis (Edina)","MN 100 and W 66th St",0,0,0,0,1,N/A
1500152,"September 7, 2019",Minnesota,Austin,"300 block of 11th St NW",0,0,0,0,1,N/A
1499203,"September 7, 2019",Minnesota,"Saint Paul (New Brighton)","2130 County Road E W",1,0,1,0,0,N/A
1499791,"September 7, 2019",Minnesota,"Polk (county)",N/A,0,1,0,0,0,N/A
1515899,"September 7, 2019",Minnesota,Minneapolis,"950 Hawthorne Ave S",1,0,0,0,1,N/A
1497665,"September 4, 2019",Minnesota,"Saint Cloud","300 block of 4th Ave S",0,0,0,0,4,N/A
1497672,"September 4, 2019",Minnesota,"Saint Paul","1220 Rice St",0,0,0,1,0,N/A
1495589,"September 2, 2019",Minnesota,"Saint Paul","1265  Snelling Ave N",0,3,0,0,0,N/A
1495585,"September 2, 2019",Minnesota,"Saint Paul","1731 Ivy Ave E",1,0,0,0,2,N/A
1498923,"September 2, 2019",Minnesota,Maple,"Pellman Loop",0,1,0,0,0,N/A
1494052,"September 1, 2019",Minnesota,"Saint Paul","300 block of Maria Ave",0,2,0,0,1,N/A
1493476,"August 31, 2019",Minnesota,"Minneapolis (Brooklyn Center)","5900 block of Halifax Ave N",0,0,1,0,0,N/A
2029559,"August 30, 2019",Minnesota,"Saint Paul",N/A,0,0,0,0,1,N/A
1491885,"August 29, 2019",Minnesota,Owatonna,"24th Ave NW and Hoffman Dr",0,1,0,0,0,N/A
1491730,"August 29, 2019",Minnesota,Gary,"4032 CR 19",1,0,1,0,0,N/A
1490806,"August 28, 2019",Minnesota,Danube,"29000 block of US 212",0,0,0,0,2,N/A
1493484,"August 28, 2019",Minnesota,"Albert Lea","Blake Ave and E Main St",0,0,0,0,0,N/A
1493482,"August 27, 2019",Minnesota,"Albert Lea","614 Water St",0,0,0,0,1,N/A
1487658,"August 25, 2019",Minnesota,Minneapolis,"21st Ave N and Elliot Ave S",0,2,0,0,0,N/A
1495583,"August 25, 2019",Minnesota,"Saint Paul (Inner Grove Heights)","I-494 and US-52",0,0,0,0,1,N/A
1487666,"August 24, 2019",Minnesota,Minneapolis,"2000 block of Aldrich Ave",1,0,0,0,1,N/A
1488414,"August 24, 2019",Minnesota,"Saint Paul",N/A,0,0,0,0,0,N/A
1499581,"August 22, 2019",Minnesota,"Minneapolis (Fridley)","7400 block of Taylor St NE",0,0,0,0,1,N/A
1485674,"August 22, 2019",Minnesota,Minneapolis,"Lake St and Colfax Ave",0,1,0,0,0,N/A
1486884,"August 22, 2019",Minnesota,Minneapolis,"2700 block of Irving Ave N",1,0,0,0,0,N/A
1494533,"August 22, 2019",Minnesota,"Minneapolis (Blaine)","11500 block of Ulysses St NE",0,0,0,0,1,N/A
1486728,"August 21, 2019",Minnesota,"Long Prairie","22047 Ginseng Rd",2,0,0,0,1,N/A
1485130,"August 21, 2019",Minnesota,"Minneapolis (Brooklyn Park)","7800 Zane Ave N",1,0,0,0,1,N/A
1483933,"August 20, 2019",Minnesota,Duluth,"24th Ave W and 3rd St",0,0,0,0,1,N/A
1489091,"August 20, 2019",Minnesota,"Minneapolis (Coon Rapids)","11700 block of Magnolia St NW",0,0,0,0,0,N/A
1482921,"August 19, 2019",Minnesota,"Saint Paul","Sims Ave and Earl St",0,1,0,0,0,N/A
1483931,"August 19, 2019",Minnesota,"Saint Paul","University Ave W and Arundel St",0,1,0,0,0,N/A
1483844,"August 19, 2019",Minnesota,"Saint Paul","1000 block of Sims Ave",1,0,0,0,1,N/A
1482340,"August 18, 2019",Minnesota,Minneapolis,"E Franklin Ave and 1st Ave S",1,0,0,0,1,N/A
1483941,"August 17, 2019",Minnesota,"Minneapolis (Crystal)","3000 block of Hampshire Ave",0,0,0,0,0,N/A
1485683,"August 16, 2019",Minnesota,Austin,"800 block of 6th Ave NE",0,0,0,0,1,N/A
1480935,"August 16, 2019",Minnesota,Minneapolis,"3200 block of N Lyndale Ave",1,0,0,0,0,N/A
1479705,"August 15, 2019",Minnesota,"Saint Paul","1600 block of Beech St",0,1,0,0,1,N/A
1479709,"August 15, 2019",Minnesota,Duluth,"800 block of Upham Rd",0,0,0,0,1,N/A
1480930,"August 14, 2019",Minnesota,"Heron Lake",N/A,1,0,0,0,0,N/A
1491062,"August 13, 2019",Minnesota,Brainerd,"600 block of Beech St",0,0,0,0,1,N/A
1477675,"August 13, 2019",Minnesota,"Saint Paul","Winter St and Capitol Blvd N",0,0,0,0,0,N/A
1483943,"August 13, 2019",Minnesota,Minneapolis,"16th Ave NE and Marshall St NE",1,0,0,0,0,N/A
1476853,"August 12, 2019",Minnesota,Minneapolis,"2100 block of 4th Street North",0,1,0,0,1,N/A
2423515,"August 12, 2019",Minnesota,"Red Lake",N/A,1,1,0,0,1,N/A
1479750,"August 11, 2019",Minnesota,Montevideo,"Palmer Creek Rd",2,0,0,0,0,N/A
1476866,"August 11, 2019",Minnesota,"Minneapolis (Brooklyn Park)","Orchard Ave and 81st St",0,1,0,0,0,N/A
1476017,"August 11, 2019",Minnesota,Minneapolis,"1st Ave N and 4th St",0,1,0,0,0,N/A
1477674,"August 11, 2019",Minnesota,Minneapolis,"2837 Emerson Ave S",0,0,0,0,0,N/A
1480933,"August 10, 2019",Minnesota,Aitkin,N/A,0,0,0,0,1,N/A
1475313,"August 10, 2019",Minnesota,Minneapolis,"200 block of W Broadway Ave",0,1,0,0,0,N/A
1472834,"August 7, 2019",Minnesota,"Saint Paul (Maplewood)","450 McKnight Rd S",0,2,0,1,0,N/A
1473530,"August 7, 2019",Minnesota,Minneapolis,"4000 block of Girard Ave N",0,1,0,0,0,N/A
1473408,"August 7, 2019",Minnesota,Bemidji,"1300 block of Averi Cir NW",0,1,0,0,0,N/A
1472855,"August 7, 2019",Minnesota,Rochester,"412 14th St SE",0,1,0,0,2,N/A
1472831,"August 7, 2019",Minnesota,"Saint Paul","St Albans St N and W Minnehaha Ave",0,2,0,0,0,N/A
1472851,"August 6, 2019",Minnesota,Rochester,"920 40th St NW",0,0,0,0,1,N/A
1468319,"August 4, 2019",Minnesota,Minneapolis,"400 block of E Lake St",0,1,0,0,0,N/A
1469818,"August 3, 2019",Minnesota,Duluth,"2200 block of London Rd",0,0,0,0,3,N/A
1471563,"August 2, 2019",Minnesota,Austin,"300 block of 12th Ave SW",0,0,0,0,1,N/A
1466243,"August 2, 2019",Minnesota,Minneapolis,"2400 block of N Emerson Ave",0,1,1,0,0,N/A
1481585,"August 2, 2019",Minnesota,"Osseo (Maple Grove)","9100 block of Upland Ln",0,0,0,0,0,N/A
1481581,"August 2, 2019",Minnesota,"Little Falls","Thomas Dr",0,0,0,0,0,N/A
1464809,"August 1, 2019",Minnesota,"Saint Paul","1100 block of Bradley St",0,1,0,0,0,N/A
1466230,"July 31, 2019",Minnesota,Duluth,"5th Ave E and 4th St",0,0,0,0,1,N/A
1466232,"July 30, 2019",Minnesota,Garrison,"7471 US-169",1,0,0,0,0,N/A
1462561,"July 30, 2019",Minnesota,"Osseo (Maple Grove)","9450 Juneau Ln N",1,0,0,0,2,N/A
1462579,"July 29, 2019",Minnesota,"Moose Lake","37 Hillside Terrace",0,0,0,1,0,N/A
1461421,"July 28, 2019",Minnesota,Minneapolis,"2400 block of Washington St",0,1,0,0,0,N/A
1466838,"July 28, 2019",Minnesota,"Osseo (Corcoran)","7800 block of Maple Hill Rd",0,0,0,0,1,N/A
1459439,"July 27, 2019",Minnesota,Minneapolis,"3300 block of Irving Ave N",0,1,0,0,0,N/A
1459436,"July 27, 2019",Minnesota,Minneapolis,"1000 block of Lyndale Ave N",1,0,0,1,1,N/A
1459433,"July 27, 2019",Minnesota,Minneapolis,"3rd St and 2nd Ave",0,2,0,0,0,N/A
1459441,"July 26, 2019",Minnesota,Virginia,"800 block of 6th Ave W",0,1,0,0,1,N/A
1459136,"July 25, 2019",Minnesota,Mahnomen,MN-200,0,0,0,0,2,N/A
1459610,"July 25, 2019",Minnesota,Minneapolis,"N 31st Ave and Colfax Ave",0,1,0,0,0,N/A
1456015,"July 23, 2019",Minnesota,Minneapolis,"N Oliver Ave and N 18th Ave",0,1,0,0,0,N/A
1455467,"July 23, 2019",Minnesota,"Circle Pines","54 North Rd",1,0,0,0,0,N/A
1454791,"July 22, 2019",Minnesota,"Waite Park","232 N 13th Ave",0,1,0,0,2,N/A
1455050,"July 21, 2019",Minnesota,Minneapolis,"5100 block of N Bryant Ave",0,1,0,0,0,N/A
1453519,"July 21, 2019",Minnesota,Minneapolis,"1500 block of N Plymouth Ave",1,0,0,0,1,N/A
1454867,"July 20, 2019",Minnesota,Frazee,"Co Hwy 29",0,0,0,1,0,N/A
1452876,"July 20, 2019",Minnesota,"Saint Cloud","300 block of S 4th St",1,0,0,0,0,N/A
1452891,"July 19, 2019",Minnesota,Minneapolis,"N 30th Ave and Colfax Ave",1,0,0,0,2,N/A
1454845,"July 19, 2019",Minnesota,"Saint Paul","555 Charles Ave",1,0,0,0,1,N/A
1451641,"July 17, 2019",Minnesota,Austin,"11th St NE and 21st Ave NE",0,0,0,0,1,N/A
1450414,"July 16, 2019",Minnesota,"Albert Lea","505 W Front St",0,0,0,0,1,N/A
1449396,"July 15, 2019",Minnesota,Crookston,"1811 University Ave",0,0,0,0,0,N/A
1449081,"July 15, 2019",Minnesota,Rochester,"1500 block of 8th Ave NW",1,0,1,0,0,N/A
1448507,"July 14, 2019",Minnesota,Minneapolis,"2000 block of Washington Ave N",1,0,0,0,0,N/A
1447615,"July 14, 2019",Minnesota,"Saint Paul (Woodbury)","7000 block of Highpoint Rd",0,0,0,1,0,N/A
1446657,"July 13, 2019",Minnesota,Minneapolis,"825 Hennepin Ave",0,2,0,0,0,N/A
1448253,"July 13, 2019",Minnesota,Willmar,"2655 First St S",0,1,0,0,0,N/A
1513572,"July 11, 2019",Minnesota,"Minneapolis (Robbinsdale)","4080 W Broadway Ave",0,0,0,0,2,N/A
1444743,"July 10, 2019",Minnesota,Minneapolis,"900 block of 22nd St E",0,1,0,0,0,N/A
1443514,"July 9, 2019",Minnesota,"Saint Paul","380 Cedar St",0,1,0,0,0,N/A
1443483,"July 9, 2019",Minnesota,"Saint Paul","160 Larpenteur Ave",0,2,0,0,0,N/A
1443466,"July 9, 2019",Minnesota,"Saint Paul (West Saint Paul)","1940 Oakdale Ave",1,0,0,0,2,N/A
1442374,"July 8, 2019",Minnesota,Minneapolis,"730 E 22nd St",0,1,0,0,0,N/A
1441541,"July 7, 2019",Minnesota,Chanhassen,"7400 block of Chanhassen Rd",0,0,0,0,0,N/A
1441548,"July 7, 2019",Minnesota,Minneapolis,"Washington Ave and N 1st Ave",1,0,0,0,0,N/A
1440679,"July 6, 2019",Minnesota,Minneapolis,"101 Glenwood Ave",0,0,0,0,1,N/A
1440673,"July 6, 2019",Minnesota,Minneapolis,"7th St and Hennepin Ave",0,1,0,0,0,N/A
1440675,"July 6, 2019",Minnesota,Minneapolis,"500 block of N 1st St",0,1,0,0,0,N/A
1440666,"July 6, 2019",Minnesota,"Minneapolis (Columbia Heights)","4600 block of Heights Dr",0,1,0,0,1,N/A
1446660,"July 5, 2019",Minnesota,"Elk River","548 Auburn Place",0,0,0,0,0,N/A
1449432,"July 4, 2019",Minnesota,"Minneapolis (Edina)","6000 block of MN 100",0,0,0,0,1,N/A
1439959,"July 3, 2019",Minnesota,Rochester,"3160 Wellner Dr NE",0,0,0,0,1,N/A
1438427,"July 2, 2019",Minnesota,"Saint Paul (Eagan)","1900 block of Seneca Rd",0,0,1,0,0,N/A
1466226,"July 2, 2019",Minnesota,Bemidji,"4000 block of Division St NW",0,0,0,0,1,N/A
1438701,"July 1, 2019",Minnesota,"Waite Park","3rd St NE and Waite Ave NE",0,0,0,0,1,N/A
1436107,"June 30, 2019",Minnesota,Willmar,"900 block of Second St SW",0,1,0,0,1,N/A
1434741,"June 28, 2019",Minnesota,Minneapolis,"4800 block of N Aldrich Ave",0,1,0,0,0,N/A
1434727,"June 28, 2019",Minnesota,"Saint Paul","1000 block of Suburban Ave",1,0,0,0,1,N/A
1435217,"June 28, 2019",Minnesota,"Saint Paul","909 Desoto St",0,5,0,0,0,N/A
1437033,"June 28, 2019",Minnesota,Mankato,N/A,0,0,0,0,0,N/A
1436994,"June 28, 2019",Minnesota,Duluth,"7th ave east and 4th st",0,1,0,0,0,N/A
1434738,"June 27, 2019",Minnesota,Minneapolis,"1700 block of N 26th Ave",0,1,0,0,1,N/A
1434735,"June 27, 2019",Minnesota,Minneapolis,"N 33rd Ave and Fremont Ave",0,1,0,0,0,N/A
1615436,"June 26, 2019",Minnesota,Minneapolis,"2700 block of 15th Ave S",0,0,0,0,1,N/A
1432809,"June 25, 2019",Minnesota,Rochester,"700 block of 12th St SE",0,1,0,0,1,N/A
1431747,"June 25, 2019",Minnesota,"Red Wing","700 block of Plum St",1,0,0,0,1,N/A
1453175,"June 25, 2019",Minnesota,Waverly,N/A,0,0,0,0,1,N/A
1431743,"June 25, 2019",Minnesota,Carver,"Homestead Rd and County Rd 40",0,1,0,0,4,N/A
1429673,"June 22, 2019",Minnesota,Rochester,"2016 8 1/2 St SE",0,1,0,0,1,N/A
1428816,"June 21, 2019",Minnesota,Minneapolis,"1000 block of 34th Ave N",0,1,0,0,0,N/A
1437688,"June 20, 2019",Minnesota,"Minneapolis (Brooklyn Center)","1901 57th Ave N",0,0,0,0,0,N/A
1427403,"June 20, 2019",Minnesota,Duluth,"200 block of E 6th St",0,1,0,0,0,N/A
1427679,"June 19, 2019",Minnesota,Rochester,"1400 block of Elton Hills Dr NW",0,0,0,0,1,N/A
1425568,"June 18, 2019",Minnesota,"Saint Paul","1347 University Ave W",1,0,0,0,0,N/A
1425571,"June 17, 2019",Minnesota,"Saint Paul","623 Como Ave",0,1,0,0,0,N/A
1427689,"June 17, 2019",Minnesota,Rochester,"1421 Elton Hills Dr NW",0,0,0,0,1,N/A
1423223,"June 15, 2019",Minnesota,Minneapolis,"E 37th St and Clinton Ave",1,0,0,0,0,N/A
1426315,"June 15, 2019",Minnesota,Sartell,"900 block of 7th St N",0,1,0,0,1,N/A
1421689,"June 13, 2019",Minnesota,"Minneapolis (Robbinsdale)","3300 block of France Ave N",0,1,0,0,3,N/A
1421371,"June 12, 2019",Minnesota,Minneapolis,"Dupont Ave and N 25th Ave",1,1,0,0,0,N/A
1420248,"June 11, 2019",Minnesota,"Albert Lea",I-35,0,0,0,0,1,N/A
1419845,"June 11, 2019",Minnesota,Minneapolis,"14th Ave NE and Central Ave NE",1,0,0,0,1,N/A
1419847,"June 10, 2019",Minnesota,Minneapolis,"2200 block of Plymouth Ave N",0,2,0,0,2,N/A
1419173,"June 10, 2019",Minnesota,Minneapolis,"425 W Broadway Ave",0,1,0,0,0,N/A
1418896,"June 10, 2019",Minnesota,Minneapolis,"424 Hennepin Ave",1,1,0,0,1,N/A
1419201,"June 9, 2019",Minnesota,"Saint Paul (Roseville)","1681 Rice St",0,1,0,0,1,N/A
1418608,"June 9, 2019",Minnesota,"Becker (county)",N/A,1,0,0,0,1,N/A
1418598,"June 9, 2019",Minnesota,Stillwater,"St Croix Trail N and 124th St N",0,1,0,0,2,N/A
1417967,"June 8, 2019",Minnesota,Minneapolis,"318 N 2nd Ave",0,1,0,0,0,N/A
1420392,"June 7, 2019",Minnesota,Duluth,"1300 block of E 2nd St",0,0,0,0,1,N/A
1419841,"June 5, 2019",Minnesota,"Minneapolis (Columbia Heights)","4500 block of Madison St",0,0,0,0,0,N/A
1414331,"June 4, 2019",Minnesota,"Saint Paul (Maplewood)","300 block of Larpenteur Ave",0,1,0,0,1,N/A
1414327,"June 3, 2019",Minnesota,"Saint Paul","740 York Ave",0,0,0,0,0,N/A
1615432,"June 2, 2019",Minnesota,Minneapolis,"2700 block of 12th Ave",0,0,0,0,1,N/A
1413323,"June 2, 2019",Minnesota,Duluth,"623 E Fourth St",0,0,0,0,1,N/A
1410924,"May 31, 2019",Minnesota,Burnsville,"13100 Harriet Ave S",1,0,0,0,0,N/A
1411138,"May 30, 2019",Minnesota,Minneapolis,"3400 block of N Fremont Ave",0,2,0,0,0,N/A
1411136,"May 30, 2019",Minnesota,Minneapolis,"2900 block of Grand Ave S",1,0,0,0,0,N/A
1411147,"May 30, 2019",Minnesota,Minneapolis,"E Lake St and 12th Ave S",1,0,0,0,1,N/A
1408088,"May 28, 2019",Minnesota,Minneapolis,"1400 block of 25th Ave N",0,1,0,0,0,N/A
1406955,"May 27, 2019",Minnesota,Duluth,"2100 block of W 3rd St",1,0,0,0,0,N/A
1407029,"May 26, 2019",Minnesota,"Saint Paul","959 Arcade St",0,1,0,0,0,N/A
1405604,"May 26, 2019",Minnesota,"Saint Louis Park","2501 Nevada Avenue South",0,3,0,0,0,N/A
1406015,"May 25, 2019",Minnesota,Hinckley,"Little Sand Creek Rd",0,1,0,0,0,N/A
1406775,"May 25, 2019",Minnesota,Minneapolis,"33 Ave North and Emerson Ave",0,3,0,0,0,N/A
1404324,"May 24, 2019",Minnesota,"Saint Paul","Jackson St and E Mount Airy St",0,0,0,1,0,N/A
1402197,"May 21, 2019",Minnesota,Minneapolis,"Hallstrom Dr and Twin Bluff Rd",0,1,0,0,1,N/A
1815936,"May 21, 2019",Minnesota,"Red Wing","Burton St and Launa Ave",0,1,0,0,1,N/A
1401646,"May 21, 2019",Minnesota,"Saint Paul","500 block of Lexington Pkwy S",0,1,0,0,0,N/A
1401159,"May 19, 2019",Minnesota,Minneapolis,"2105 S Cedar Ave",0,2,0,0,0,N/A
1399814,"May 18, 2019",Minnesota,Minneapolis,"1600 block of Thomas Ave N",0,1,0,0,1,N/A
1399047,"May 18, 2019",Minnesota,Minneapolis,"1001 S Marquette Ave",0,2,0,0,0,N/A
1401143,"May 18, 2019",Minnesota,Minneapolis,"600 block of E 15th St",0,1,0,0,0,N/A
1401140,"May 17, 2019",Minnesota,Minneapolis,"E Franklin Ave and Riverside Ave",0,1,0,0,0,N/A
1398284,"May 17, 2019",Minnesota,Minneapolis,"E 24th St and 10th Ave",0,1,0,0,0,N/A
1397455,"May 16, 2019",Minnesota,Minneapolis,"2700 block of 16th Ave S",1,0,0,0,0,N/A
1404320,"May 16, 2019",Minnesota,"Chisago (county)",N/A,0,1,0,0,3,N/A
1395459,"May 14, 2019",Minnesota,Minneapolis,"1800 block of Lowry Ave N",1,0,0,0,0,N/A
1395473,"May 13, 2019",Minnesota,Rochester,"County Rd 11 NE and Viola Rd NE",0,0,0,0,0,N/A
1395004,"May 12, 2019",Minnesota,Mahnomen,N/A,0,0,0,0,1,N/A
1392575,"May 11, 2019",Minnesota,"Saint Paul","501 Blair Ave",0,2,0,0,0,N/A
1395453,"May 10, 2019",Minnesota,Bemidji,"4200 block of 15th St NW",0,0,0,0,1,N/A
1391870,"May 8, 2019",Minnesota,Hibbing,"2600 block of 6th Ave E",0,0,0,0,3,N/A
1389783,"May 7, 2019",Minnesota,Kensington,"31 Central Ave N",0,0,0,1,1,N/A
1390603,"May 7, 2019",Minnesota,Minneapolis,"2200 block of E 40th St",0,0,0,0,1,N/A
1387618,"May 5, 2019",Minnesota,Minneapolis,"400 block of Hennepin Ave",0,2,0,0,0,N/A
1386552,"May 4, 2019",Minnesota,"Saint Paul","981 University Ave W",1,0,0,0,1,N/A
1386764,"May 4, 2019",Minnesota,"Duluth (Hermantown)","Stebner Rd",0,0,1,0,0,N/A
1386230,"May 3, 2019",Minnesota,"Saint Paul","400 block of Maryland Ave W",1,0,0,0,1,N/A
1386226,"May 3, 2019",Minnesota,Minneapolis,"700 block of Emerson Ave N",0,0,0,1,0,N/A
1386224,"May 3, 2019",Minnesota,Minneapolis,"300 block of N 1st Ave",1,0,0,0,0,N/A
1775004,"May 2, 2019",Minnesota,Austin,"1800 block of Third Ave SW",0,0,0,0,1,N/A
1383229,"April 28, 2019",Minnesota,Virginia,"100 block of 10th St S",0,1,0,0,1,N/A
1381598,"April 27, 2019",Minnesota,Minneapolis,"Fourth St N and 23rd Ave N",0,2,0,0,0,N/A
1381067,"April 26, 2019",Minnesota,"Saint Cloud","3000 block of St. Germain St W",0,2,0,0,0,N/A
1380463,"April 24, 2019",Minnesota,Rochester,"3100 block of Oxford Ln NW",0,2,0,0,1,N/A
1378984,"April 23, 2019",Minnesota,Duluth,"500 block of Winnipeg Ave",0,0,0,0,0,N/A
1391556,"April 23, 2019",Minnesota,Duluth,"2100 block of W Third St",0,1,0,0,1,N/A
1379601,"April 23, 2019",Minnesota,"Saint Cloud","400 block of Wilson Ave NE",0,1,0,0,1,N/A
1377471,"April 20, 2019",Minnesota,Austin,"200 block of 3rd Ave SW",0,2,0,0,0,N/A
1376944,"April 20, 2019",Minnesota,"Saint Paul (Maplewood)","255 N Century Ave N",0,1,0,0,0,N/A
1375630,"April 18, 2019",Minnesota,"Minneapolis (Coon Rapids)","9900 block of Foley Blvd",0,0,1,0,0,N/A
1374453,"April 17, 2019",Minnesota,"Saint Paul","1700 W Saunders Ave",0,0,0,0,0,N/A
1373526,"April 16, 2019",Minnesota,"Saint Paul","600 block of Cook Ave E",0,1,0,0,1,N/A
1373531,"April 15, 2019",Minnesota,Minneapolis,"Lasalle Ave and 15th St",0,1,0,0,0,N/A
1862712,"April 15, 2019",Minnesota,"Saint Paul","1700 block of Benson Ave",1,0,0,0,1,N/A
1372389,"April 15, 2019",Minnesota,"Saint Paul","2115 Summit Ave",0,0,0,0,0,N/A
1376426,"April 12, 2019",Minnesota,"Eden Prairie","8251 Flying Cloud Dr",0,0,0,0,1,N/A
1369796,"April 10, 2019",Minnesota,"Red Wing","120 E 5th St",0,1,0,0,1,N/A
1367864,"April 10, 2019",Minnesota,Wayzata,"1700 Shoreline Drive",1,0,1,0,0,N/A
1367365,"April 7, 2019",Minnesota,Bemidji,"Eighth St NW and Park Ave",0,1,0,0,0,N/A
1365435,"April 7, 2019",Minnesota,"Saint Paul","Jackson St and Granite St",0,1,0,0,0,N/A
1366297,"April 6, 2019",Minnesota,Austin,"600 block of 10th Dr",0,0,0,0,0,N/A
1372032,"April 5, 2019",Minnesota,Duluth,"301 N 40th Ave E",0,0,0,0,1,N/A
1362483,"April 2, 2019",Minnesota,Duluth,"Second Ave W and Superior St",0,1,0,0,0,N/A
1361889,"April 2, 2019",Minnesota,Minneapolis,"400 block of 24th Ave N",0,1,0,0,0,N/A
1359926,"March 31, 2019",Minnesota,Minneapolis,"Seventh St North and Lyndale Ave North",1,1,0,0,0,N/A
1359364,"March 29, 2019",Minnesota,"Saint Paul (Maplewood)","3090 Southlawn Dr",0,1,0,0,0,N/A
1357974,"March 28, 2019",Minnesota,"Saint Paul","Sims Ave and Arcade St",0,1,0,0,0,N/A
1357981,"March 28, 2019",Minnesota,"Elk River","1340 Sixth St",0,0,0,1,0,N/A
1357959,"March 27, 2019",Minnesota,"Saint Paul","Minnehaha Ave and Dale St",0,0,0,0,3,N/A
1357965,"March 26, 2019",Minnesota,"Saint Paul","Stinson St and Mackubin St",0,0,0,0,1,N/A
1355157,"March 25, 2019",Minnesota,"Eden Prairie","18000 block of Erin Bay",0,0,0,0,1,N/A
1355108,"March 24, 2019",Minnesota,Minneapolis,"900 block of W Broadway Ave",0,1,0,0,0,N/A
1354268,"March 24, 2019",Minnesota,Minneapolis,"Plymouth Ave and Penn Ave North",0,2,0,0,1,N/A
1355120,"March 23, 2019",Minnesota,"Saint Paul","Wheeler St and Blair Ave",0,2,0,0,1,N/A
1356246,"March 23, 2019",Minnesota,Minneapolis,"111 S Marquette Ave",0,0,0,0,2,N/A
1351258,"March 18, 2019",Minnesota,Ogema,"26494 Beaver Trail",1,0,1,0,0,N/A
1351491,"March 16, 2019",Minnesota,"Osseo (Maple Grove)","7825 Vinewood Ln",0,1,0,0,0,N/A
1352101,"March 16, 2019",Minnesota,Fairfax,N/A,0,0,0,0,1,N/A
1347935,"March 15, 2019",Minnesota,"Saint Paul","600 block of Elfelt St",1,0,0,0,1,N/A
1906103,"March 13, 2019",Minnesota,Duluth,"600 block of Atlantic Ave",0,0,0,0,2,N/A
1426321,"March 11, 2019",Minnesota,"Saint Cloud","500 block of 54th Ave N",0,1,0,0,1,N/A
1344531,"March 11, 2019",Minnesota,Minneapolis,"3000 block of Penn Ave N",0,1,0,0,0,N/A
1344617,"March 10, 2019",Minnesota,Isle,"600 block of Hennepin Ave S",0,0,1,0,0,N/A
1356252,"March 9, 2019",Minnesota,Minneapolis,"6925 Wayzata Blvd",0,0,0,0,1,N/A
1342686,"March 8, 2019",Minnesota,"Saint Paul","Lexington Pkwy",0,1,0,0,1,N/A
1344569,"March 7, 2019",Minnesota,"Saint Paul","1110 Grand Ave",0,0,0,0,1,N/A
1340593,"March 5, 2019",Minnesota,Osakis,"46 W Main St",0,0,0,0,0,N/A
1341423,"March 5, 2019",Minnesota,Rochester,"2300 block of SE 45th St",1,0,0,0,2,N/A
1339737,"March 4, 2019",Minnesota,"Minneapolis (Brooklyn Park)","7100 block of 72nd Ln N",0,1,0,0,0,N/A
1337834,"March 1, 2019",Minnesota,"Saint Paul","1800 block of Juno Avenue",0,3,0,0,0,N/A
1341434,"March 1, 2019",Minnesota,Minneapolis,"2900 block of S Pillsbury Ave",0,1,0,0,0,N/A
1338474,"March 1, 2019",Minnesota,Minneapolis,"320 Cedar Ave S",1,2,0,0,2,N/A
1338700,"March 1, 2019",Minnesota,Wyoming,I-35,0,0,0,0,1,N/A
1341428,"March 1, 2019",Minnesota,Minneapolis,"W Broadway",0,2,0,0,0,N/A
1337276,"February 27, 2019",Minnesota,"Saint Cloud","23rd Ave and 5th St N",0,0,0,0,1,N/A
1335680,"February 26, 2019",Minnesota,Miltona,"437 2nd Ave N",0,0,1,0,0,N/A
1620527,"February 24, 2019",Minnesota,"Minneapolis (Spring Lake Park)","Pleasant View Dr NE",0,0,0,0,1,N/A
1335062,"February 22, 2019",Minnesota,Austin,"1100 block of 2nd Ave SW",0,0,0,0,1,N/A
1332404,"February 21, 2019",Minnesota,"Saint Paul","700 block of Carroll Ave",1,0,0,0,0,N/A
1331464,"February 20, 2019",Minnesota,Minnetonka,"10211 Cedar Lake Rd",0,0,0,0,0,N/A
1330751,"February 19, 2019",Minnesota,Minneapolis,"Cedar Ave and Sixth St S",0,1,0,0,0,N/A
1331456,"February 19, 2019",Minnesota,"Saint Paul (Maplewood)","1700 block of Larpenteur Ave E",0,1,0,0,0,N/A
1329903,"February 18, 2019",Minnesota,Minneapolis,"N 29th Ave and W Broadway Ave",0,1,0,0,0,N/A
1329123,"February 17, 2019",Minnesota,Fosston,"900 Hilligoss Blvd SE",0,0,0,0,1,N/A
1328460,"February 16, 2019",Minnesota,Minneapolis,"410 6th St E",0,1,0,0,0,N/A
1328466,"February 15, 2019",Minnesota,Minneapolis,"1900 block of Penn Ave N",0,2,0,0,0,N/A
1328118,"February 15, 2019",Minnesota,Minneapolis,"3016 Sumter Ave N",1,0,0,0,1,N/A
1328099,"February 14, 2019",Minnesota,Nevis,"110 Bunyan Trails Dr",2,1,1,0,0,N/A
1329939,"February 13, 2019",Minnesota,Austin,"600 block of Seventh St NE",0,0,0,0,2,N/A
1325701,"February 10, 2019",Minnesota,"Hill City","Walker Rd",0,0,0,1,0,N/A
1323773,"February 10, 2019",Minnesota,Minneapolis,"48th St and Sheridan Ave N",0,2,0,0,0,N/A
1323442,"February 9, 2019",Minnesota,Minneapolis,"320 SE 2nd Ave",2,0,0,0,1,N/A
1324788,"February 9, 2019",Minnesota,"Saint Paul","500 block of Earl St",0,1,0,0,0,N/A
1324702,"February 8, 2019",Minnesota,"Minneapolis (Blaine)","2700 block of 95th Ave NE",1,0,0,0,1,N/A
1322523,"February 7, 2019",Minnesota,Rochester,"3043 Towne Club Pkwy",0,0,0,0,3,N/A
1321204,"February 6, 2019",Minnesota,"Minneapolis (St Anthony)",N/A,0,0,0,0,1,N/A
1320159,"February 5, 2019",Minnesota,Minneapolis,"I-94 and I-35W",0,1,0,0,1,N/A
1318676,"February 3, 2019",Minnesota,Duluth,"1200 block of E 1st St",0,0,0,0,1,N/A
1324863,"February 2, 2019",Minnesota,"Minneapolis (Coon Rapids)","11900 block of Magnolia St NW",0,0,0,0,1,N/A
1317555,"February 1, 2019",Minnesota,Duluth,"N 10th Ave E and E 3rd St",0,1,0,0,1,N/A
1317143,"January 30, 2019",Minnesota,Chatfield,"32573 Ninebark Rd",1,0,0,0,1,N/A
1316263,"January 29, 2019",Minnesota,"Saint Paul","1444 Minnehaha Ave E",1,0,0,1,1,N/A
1459148,"January 28, 2019",Minnesota,Farwell,"12627 CR 26 SW",2,0,0,0,1,N/A
1312400,"January 26, 2019",Minnesota,"Saint Paul","400 block of E Maryland Ave",1,1,0,0,0,N/A
1491083,"January 25, 2019",Minnesota,"Saint Paul","1100 block of Supornick Ln",0,0,0,0,1,N/A
1310544,"January 23, 2019",Minnesota,Minneapolis,"37th St S and Chicago Ave",0,0,0,0,0,N/A
1335029,"January 21, 2019",Minnesota,Minneapolis,"4000 block of N Aldrich Ave",0,0,0,0,1,N/A
1306568,"January 19, 2019",Minnesota,Minneapolis,"3600 block of Penn Ave N",1,0,0,0,0,N/A
1308681,"January 19, 2019",Minnesota,Arco,"2215 County Rd 111",1,0,1,0,0,N/A
1305846,"January 19, 2019",Minnesota,"Minneapolis (St Louis Park)","2720 Louisiana Ct",0,0,1,0,0,N/A
1303742,"January 16, 2019",Minnesota,Garfield,N/A,0,0,0,0,0,N/A
1303066,"January 16, 2019",Minnesota,Minneapolis,"1500 James Ave N",0,0,0,0,0,N/A
1301825,"January 15, 2019",Minnesota,"Saint Paul","440 W University Ave",1,0,0,0,0,N/A
1301807,"January 15, 2019",Minnesota,Duluth,"200 block of Proco Ct",0,0,0,0,1,N/A
1300049,"January 13, 2019",Minnesota,Duluth,"1000 block of W Skyline Parkway",0,1,1,0,0,N/A
1300067,"January 11, 2019",Minnesota,Minneapolis,"3100 block of Girard Ave",0,1,0,0,0,N/A
1300069,"January 11, 2019",Minnesota,Minneapolis,"200 block of W Broadway Ave",0,1,0,0,0,N/A
1298725,"January 11, 2019",Minnesota,Fairfax,"600 E Lincoln Ave W",0,1,0,0,1,N/A
1297753,"January 10, 2019",Minnesota,"Minneapolis (Fridley)","61st Ave NE and 5th St NE",1,0,0,0,2,N/A
1298843,"January 10, 2019",Minnesota,"Saint Paul (North Saint Paul)","2416 11th Ave",0,0,0,0,2,N/A
1297742,"January 6, 2019",Minnesota,Hibbing,N/A,1,0,0,0,3,N/A
1491147,"January 4, 2019",Minnesota,"Minneapolis (Edina)","6008 Kellogg Ave",1,0,0,0,0,N/A
1297158,"January 4, 2019",Minnesota,Jenkins,"MN 371 and Rosewood St",0,0,0,0,1,N/A
1291827,"January 3, 2019",Minnesota,"Albert Lea","300 block of Court St",0,0,1,0,0,N/A
1290306,"January 1, 2019",Minnesota,"Saint Paul (White Bear Lake)","5400 block of Centerville Rd",1,0,1,0,0,N/A