"Incident ID","Incident Date",State,"City Or County",Address,"Victims Killed","Victims Injured","Suspects Killed","Suspects Injured","Suspects Arrested",Operations
1017977,"December 31, 2017",Minnesota,"Stillwater (Oak Park Heights)","14800 block of 57th St N",0,0,0,0,0,N/A
1017968,"December 30, 2017",Minnesota,Burnsville,"Hilltop Rd and Circle Dr",0,0,1,0,0,N/A
1018848,"December 30, 2017",Minnesota,"Minneapolis (Robbinsdale)","3300 Oakdale Ave N",0,1,0,0,0,N/A
1021018,"December 29, 2017",Minnesota,Browerville,N/A,0,0,0,0,3,N/A
1015419,"December 25, 2017",Minnesota,Rochester,"1900 block of Valleyhigh Dr NW",0,0,0,0,0,N/A
1013256,"December 23, 2017",Minnesota,Crookston,N/A,0,0,1,0,0,N/A
1012462,"December 22, 2017",Minnesota,"Saint Cloud","500 block of 8th Ave N",1,0,1,0,0,N/A
1012397,"December 22, 2017",Minnesota,Gilbert,"Michigan Ave",0,1,1,0,0,N/A
1012407,"December 21, 2017",Minnesota,"Eden Prairie","US 212 and MN 62",0,0,0,0,1,N/A
1011854,"December 20, 2017",Minnesota,"Saint Paul","400 block of W Michigan St",1,0,0,0,1,N/A
1011938,"December 19, 2017",Minnesota,"Saint Paul","1300 block of Western Ave N",0,1,0,0,0,N/A
1010667,"December 19, 2017",Minnesota,Minneapolis,"5421 Brooklyn Blvd",0,0,0,0,0,N/A
1009899,"December 18, 2017",Minnesota,Minneapolis,"350 S 5th St",0,0,0,1,0,N/A
1008862,"December 16, 2017",Minnesota,"Minneapolis (Coon Rapids)","11700 block of Kumquat St NW",0,0,0,0,0,N/A
1008859,"December 16, 2017",Minnesota,"Saint Paul","1100 block of University Ave W",0,1,0,0,0,N/A
1008178,"December 15, 2017",Minnesota,Minneapolis,"2600 block of N Newton Ave",0,2,0,0,0,N/A
1008266,"December 15, 2017",Minnesota,Zumbrota,"19th St",0,1,0,0,4,N/A
1008182,"December 15, 2017",Minnesota,"Eden Prairie","18200 block of Croixwood Ln",0,0,0,0,0,N/A
1008183,"December 14, 2017",Minnesota,Minneapolis,"11th Ave S and E Franklin Ave",0,0,0,0,0,N/A
1006657,"December 13, 2017",Minnesota,Rochester,"1500 block of 6th Ave SE",0,1,0,0,2,N/A
1007674,"December 13, 2017",Minnesota,"Andover (Ham Lake)","1442 Constance Blvd NE",0,1,0,0,3,N/A
1006662,"December 13, 2017",Minnesota,"Saint Paul","White Bear Ave and Sherwood Ave",0,0,0,0,0,N/A
1009356,"December 13, 2017",Minnesota,Minneapolis,"1400 block of Portland Ave",1,0,0,0,2,N/A
1006645,"December 12, 2017",Minnesota,Henning,N/A,0,0,0,0,1,N/A
1006664,"December 12, 2017",Minnesota,"Minneapolis (Fridley)","7400 block of Taylor St NE",0,0,0,0,0,N/A
1005729,"December 10, 2017",Minnesota,"Minneapolis (Blaine)","3200 block of 91st Curve NE",0,0,0,0,1,N/A
1004259,"December 9, 2017",Minnesota,Minneapolis,"W Broadway Ave and N Irving Ave",0,0,0,0,0,N/A
1004993,"December 9, 2017",Minnesota,"Waite Park","460 Park Meadows Dr",1,0,0,0,1,N/A
1004265,"December 9, 2017",Minnesota,"Minneapolis (Brooklyn Park)","5841 73rd Ave N",0,0,0,0,0,N/A
1004263,"December 9, 2017",Minnesota,"Saint Paul","1744 Suburban Ave",0,0,0,0,0,N/A
1004258,"December 9, 2017",Minnesota,"Saint Paul","Como Ave and Dale St N",0,0,0,0,0,N/A
1006661,"December 8, 2017",Minnesota,Eveleth,N/A,0,0,0,0,0,N/A
1004269,"December 8, 2017",Minnesota,Minneapolis,"1615 N 25th",0,0,0,0,0,N/A
1003783,"December 8, 2017",Minnesota,Minneapolis,"I-35W and E 26th St",0,0,0,0,0,N/A
1003777,"December 8, 2017",Minnesota,Minneapolis,"3300 4th Ave S",0,0,0,0,0,N/A
1004257,"December 8, 2017",Minnesota,"Minneapolis (Brooklyn Park)","73rd Ave N and Zane Ave N",0,0,0,0,0,N/A
1003801,"December 8, 2017",Minnesota,"Saint Paul (New Brighton)","1400 block of 10th St NW",0,0,0,0,0,N/A
1003811,"December 7, 2017",Minnesota,Minneapolis,"N Emerson Ave and W Broadway Ave",0,0,0,0,0,N/A
1003436,"December 7, 2017",Minnesota,"Minneapolis (Brooklyn Park)","85th Ave N and MN-252",0,0,0,1,0,N/A
1003804,"December 7, 2017",Minnesota,"Saint Paul","Western Ave N and Maryland Ave W",0,0,0,0,0,N/A
1003839,"December 6, 2017",Minnesota,"Saint Paul (Maplewood)","2300 block of Ariel St N",0,0,0,0,0,N/A
1003231,"December 6, 2017",Minnesota,"Fergus Falls","1447 Patterson Loop",1,0,1,0,0,N/A
1003840,"December 6, 2017",Minnesota,"Saint Paul","500 block of Van Buren Ave",0,0,0,0,0,N/A
999403,"December 1, 2017",Minnesota,"Minneapolis (Brooklyn Park)","9110 Brooklyn Blvd",0,1,0,0,0,N/A
999399,"November 30, 2017",Minnesota,Redby,N/A,0,0,0,0,0,N/A
998203,"November 29, 2017",Minnesota,"Saint Paul (Apple Valley)","Cedar Ave S and 140th St W",0,0,0,0,0,N/A
998200,"November 29, 2017",Minnesota,Minneapolis,"2400 block of Elliot Ave",0,0,0,0,0,N/A
1124772,"November 29, 2017",Minnesota,"Saint Paul","1200 block of Albemarle St",0,0,0,0,2,N/A
998215,"November 27, 2017",Minnesota,Minneapolis,"Lyndale Ave S and W 22nd St",0,1,0,0,0,N/A
998240,"November 26, 2017",Minnesota,"Minneapolis (Blaine)","12800 block of Aberdeen St NE",0,0,0,0,0,N/A
998239,"November 26, 2017",Minnesota,"Cannon Falls","200 Miesville Trail",0,0,0,0,0,N/A
998236,"November 26, 2017",Minnesota,Minneapolis,"2400 block of N James Ave",0,0,0,0,0,N/A
995918,"November 25, 2017",Minnesota,"Saint Cloud","400 block of 9th Ave N",0,1,0,0,1,N/A
995498,"November 25, 2017",Minnesota,Minneapolis,"Lowry Ave N and Emerson Ave N",0,2,0,0,0,N/A
995010,"November 24, 2017",Minnesota,Minneapolis,"N 36th Ave and Penn Ave N",0,1,0,0,0,N/A
995004,"November 24, 2017",Minnesota,Minneapolis,"E 24th St and Cedar Ave",0,1,0,0,0,N/A
995002,"November 24, 2017",Minnesota,Minneapolis,"4200 block of Bloomington Ave",0,1,0,0,0,N/A
994288,"November 24, 2017",Minnesota,Minneapolis,"3300 block of Thomas Ave N",0,1,0,0,0,N/A
994283,"November 23, 2017",Minnesota,"Saint Paul","756 Snelling Ave",0,1,0,0,1,N/A
994274,"November 23, 2017",Minnesota,"Saint Cloud","1700 block of 16th St SE",0,1,0,0,0,N/A
994267,"November 23, 2017",Minnesota,Minneapolis,"3000 block of 4th Ave S",0,2,0,0,0,N/A
994271,"November 22, 2017",Minnesota,"Saint Paul (Oakdale)","Century Ave N",0,0,0,0,0,N/A
993652,"November 21, 2017",Minnesota,"Fergus Falls","100 block of S Union Ave",0,1,0,0,3,N/A
992969,"November 21, 2017",Minnesota,Minneapolis,"Division St",0,0,0,0,1,N/A
991561,"November 19, 2017",Minnesota,"Deer Creek",N/A,0,1,0,0,0,N/A
991858,"November 19, 2017",Minnesota,Minneapolis,"N 33rd Ave and N Colfax Ave",0,1,0,0,0,N/A
991017,"November 18, 2017",Minnesota,Minneapolis,"3600 block of N Emerson Ave",0,4,0,0,0,N/A
1074572,"November 17, 2017",Minnesota,"Marine On Saint Croix","19435 Olinda Trail N",1,0,1,0,0,N/A
988800,"November 15, 2017",Minnesota,"Minneapolis (Plymouth)","1900 block of Shenandoah Ct",0,0,0,0,0,N/A
988798,"November 15, 2017",Minnesota,Minneapolis,"2200 block of Elliott Ave",0,0,0,0,0,N/A
988809,"November 14, 2017",Minnesota,"Saint Paul (White Bear Lake)","4500 block of Otter Lake Rd",0,0,0,0,0,N/A
988807,"November 14, 2017",Minnesota,"Minneapolis (Bloomington)","8000 block of 33rd Ave S",0,0,0,0,0,N/A
988803,"November 14, 2017",Minnesota,"Saint Paul","2157 Old Hudson Rd",0,0,0,0,0,N/A
988745,"November 14, 2017",Minnesota,Duluth,"Edward St",0,0,0,0,0,N/A
987325,"November 13, 2017",Minnesota,"Saint Cloud","1500 block of 15th Ave SE",0,1,0,0,1,N/A
987322,"November 13, 2017",Minnesota,Menahga,"814 Oak Ave NE",2,0,0,0,0,N/A
987319,"November 12, 2017",Minnesota,"Cass Lake","7th St NW",1,0,0,0,3,N/A
988743,"November 12, 2017",Minnesota,Duluth,"807 Upham Rd",0,1,0,0,0,N/A
988742,"November 12, 2017",Minnesota,Duluth,"100 block of W 4th St",0,0,0,0,0,N/A
986230,"November 11, 2017",Minnesota,Aurora,"5800 block of Stepetz Rd 53",1,0,0,0,0,N/A
985960,"November 10, 2017",Minnesota,"Minneapolis (Crystal)","Angeline Ave N",0,0,1,0,0,N/A
990366,"November 10, 2017",Minnesota,"Long Prairie",N/A,0,1,0,0,0,N/A
988736,"November 9, 2017",Minnesota,Rochester,"402 31st St NE",0,0,0,0,1,N/A
983098,"November 7, 2017",Minnesota,"Minneapolis (Coon Rapids)","11461 Ivywood St NW",0,1,0,0,0,N/A
983102,"November 7, 2017",Minnesota,"Saint Paul","5th St E and Wacouta St",0,0,0,1,0,N/A
983712,"November 6, 2017",Minnesota,Minneapolis,"3100 block of 10th Ave",0,0,0,0,0,N/A
982407,"November 6, 2017",Minnesota,Minneapolis,"4700 block of Lyndale Ave N",1,0,0,0,1,N/A
983690,"November 5, 2017",Minnesota,Minneapolis,"2000 block of NE Polk St",1,0,1,0,0,N/A
980354,"November 4, 2017",Minnesota,"Redwood (county)",N/A,0,1,0,0,0,N/A
979651,"November 3, 2017",Minnesota,Minneapolis,"10th Ave S and E 24th St",0,4,0,0,1,N/A
981534,"November 2, 2017",Minnesota,Minneapolis,"2700 block of Cedar Ave S",1,0,1,0,0,N/A
977484,"October 31, 2017",Minnesota,"Saint Paul","400 block of Thomas Ave W",0,1,0,0,0,N/A
977759,"October 31, 2017",Minnesota,"Saint Paul","500 block of University Ave",0,0,0,0,0,N/A
977754,"October 30, 2017",Minnesota,Farmington,"Twin Ponds Cir",0,0,1,0,0,N/A
975831,"October 29, 2017",Minnesota,"Saint Paul","400 block of St Peter St",0,1,0,0,0,N/A
976966,"October 29, 2017",Minnesota,"Saint Paul","1000 block of Stinson St",0,1,0,0,0,N/A
976996,"October 29, 2017",Minnesota,"Saint Paul","717 Snelling Ave",0,1,0,0,0,N/A
975809,"October 28, 2017",Minnesota,"Minneapolis (Brooklyn Park)","7900 block of Bryant Ct N",0,1,0,0,1,N/A
976206,"October 28, 2017",Minnesota,Fisher,N/A,0,1,0,0,0,N/A
976955,"October 28, 2017",Minnesota,Duluth,"1300 block of N 20th Ave E",0,0,0,0,0,N/A
971898,"October 23, 2017",Minnesota,"Saint Paul","435 University Ave E",0,1,0,0,0,N/A
971909,"October 23, 2017",Minnesota,"Saint Paul","100 block of Isabel St E",0,1,0,0,1,N/A
967177,"October 22, 2017",Minnesota,"Saint Paul","Western Ave N and W Minnehaha Ave",0,1,0,0,1,N/A
966276,"October 22, 2017",Minnesota,"Saint Paul","900 block of University Ave",1,0,0,0,0,N/A
1003434,"October 21, 2017",Minnesota,Rochester,"826 21st Ave SE",0,0,0,0,1,N/A
967213,"October 21, 2017",Minnesota,Minneapolis,"1600 block of N Morgan Ave",0,1,0,0,0,N/A
967209,"October 21, 2017",Minnesota,Minneapolis,"Bryant Ave N",0,1,0,0,0,N/A
967205,"October 21, 2017",Minnesota,Minneapolis,"34th Ave N and N Bryant Ave",0,1,0,0,0,N/A
967200,"October 21, 2017",Minnesota,Minneapolis,"N 26th Ave and Penn Ave N",0,1,0,0,0,N/A
965384,"October 21, 2017",Minnesota,"Saint Paul","Lafond Ave and Dale St N",1,0,0,0,1,N/A
967183,"October 21, 2017",Minnesota,Minneapolis,N/A,0,1,0,0,0,N/A
964429,"October 19, 2017",Minnesota,Minneapolis,"3700 block of Chicago Ave S",0,1,0,0,0,N/A
964435,"October 18, 2017",Minnesota,"Saint Louis Park","W 28th St and Texas Ave S",0,1,0,0,0,N/A
963092,"October 18, 2017",Minnesota,Minneapolis,"34th Ave N and Penn Ave N",0,1,0,0,1,N/A
963098,"October 18, 2017",Minnesota,Minneapolis,"Hennepin Ave and N 7th St",0,1,0,0,1,N/A
963096,"October 18, 2017",Minnesota,Minneapolis,"3200 block of Minnehaha Ave",0,1,0,0,0,N/A
963094,"October 18, 2017",Minnesota,Minneapolis,N/A,0,1,0,0,0,N/A
963434,"October 17, 2017",Minnesota,Hinckley,"400 block of 1st St SW",0,1,0,0,0,N/A
962101,"October 16, 2017",Minnesota,"Saint Cloud","7000 block of Northwood Ln",0,0,0,1,0,N/A
959728,"October 15, 2017",Minnesota,Minneapolis,"Franklin Ave E and 11th Ave S",1,0,0,0,1,N/A
960267,"October 15, 2017",Minnesota,Trimont,N/A,0,1,0,0,0,N/A
958802,"October 13, 2017",Minnesota,"Saint Paul","Grand Ave and Dale St S",0,1,0,0,0,N/A
957890,"October 12, 2017",Minnesota,Lakeville,"Anthony Drive",0,0,0,0,1,N/A
956517,"October 9, 2017",Minnesota,Minneapolis,"2400 block of Ogema Pl",0,1,0,0,2,N/A
958808,"October 6, 2017",Minnesota,Fertile,"42012 MN-32",0,0,0,0,1,N/A
953519,"October 5, 2017",Minnesota,Bemidji,"7189 Pete Ln NW",0,0,0,0,4,N/A
953372,"October 5, 2017",Minnesota,"Saint Paul","400 block of Earl St",0,0,1,0,0,N/A
952804,"October 4, 2017",Minnesota,Minneapolis,"200 block of West Lake Street",0,2,0,0,0,N/A
952177,"October 3, 2017",Minnesota,"Minneapolis (Richfield)","6200 block of Oliver Ave S",0,0,0,0,0,N/A
952174,"October 3, 2017",Minnesota,"Saint Paul","1200 block of Kent St N",0,0,0,0,0,N/A
952173,"October 3, 2017",Minnesota,"Saint Paul","700 block of Dayton Ave",0,0,0,0,0,N/A
952171,"October 3, 2017",Minnesota,Monticello,"6100 block of Bakken St",0,0,0,0,0,N/A
949677,"September 29, 2017",Minnesota,"Albert Lea","2300 block of Gene Avenue",0,0,0,0,0,N/A
945323,"September 29, 2017",Minnesota,Minneapolis,"2500 block of Penn Avenue North",1,0,0,0,0,N/A
945493,"September 29, 2017",Minnesota,"Saint Paul","1700 Rice St",0,0,0,0,0,N/A
945325,"September 29, 2017",Minnesota,"Saint Paul","160 Larpenteur Ave",1,0,0,0,1,N/A
945206,"September 28, 2017",Minnesota,Audubon,"Hwy 10",0,0,0,1,0,N/A
945327,"September 28, 2017",Minnesota,Minneapolis,"3rd Street and Nicollet Mall",0,1,0,0,0,N/A
942886,"September 26, 2017",Minnesota,Minneapolis,"W 98th St and Aldrich Ave S",0,0,0,0,1,N/A
942890,"September 26, 2017",Minnesota,Minneapolis,"3600 block of Knox Ave N",0,0,0,0,0,N/A
942889,"September 26, 2017",Minnesota,Minneapolis,"4800 block of Girard Ave",0,0,0,0,0,N/A
942888,"September 26, 2017",Minnesota,"Saint Paul","300 block of College Ave W",0,0,0,0,0,N/A
941988,"September 24, 2017",Minnesota,Rochester,"1000 Essex Pkwy NW",0,0,0,0,0,N/A
940166,"September 23, 2017",Minnesota,Minneapolis,"26th St W and Hennepin Ave S",0,0,0,0,0,N/A
941021,"September 23, 2017",Minnesota,"Douglas (county)",N/A,0,1,0,0,0,N/A
940427,"September 23, 2017",Minnesota,"Saint Paul (Roseville)","1420 Terrace Drive",1,0,0,0,0,N/A
940149,"September 22, 2017",Minnesota,Duluth,N/A,0,1,0,0,0,N/A
940172,"September 22, 2017",Minnesota,Minneapolis,"3900 block of Dupont Ave N",0,0,0,0,0,N/A
940170,"September 22, 2017",Minnesota,"Saint Paul","Concord and I-494",0,0,0,0,0,N/A
940169,"September 22, 2017",Minnesota,Minneapolis,"2800 block of Aldrich Ave N",0,0,0,0,0,N/A
939654,"September 21, 2017",Minnesota,"Saint Paul","Maywood St",0,1,0,0,1,N/A
942878,"September 21, 2017",Minnesota,Austin,"1401 4th St NW",0,0,0,0,0,N/A
938755,"September 20, 2017",Minnesota,Duluth,"300 block of East Seventh Street",0,0,0,0,0,N/A
938753,"September 20, 2017",Minnesota,Duluth,"1200 block of West Superior Street",0,0,0,0,1,N/A
938670,"September 20, 2017",Minnesota,"Saint Cloud","622 Wilson Ave SE",0,0,0,0,1,N/A
942883,"September 20, 2017",Minnesota,Austin,"1400 block of 10th Ave NW",0,0,0,0,1,N/A
938017,"September 19, 2017",Minnesota,"Sauk Rapids","300 block of 8th Ave N",0,1,0,0,0,N/A
937088,"September 19, 2017",Minnesota,"Saint Paul","I-94 and Robert St N",0,0,1,0,0,N/A
937083,"September 18, 2017",Minnesota,"Saint Paul","600 W University Ave",0,2,0,0,0,N/A
937806,"September 18, 2017",Minnesota,"Pequot Lakes","6500 block of Cullen Woods Drive",0,0,0,0,0,N/A
936731,"September 18, 2017",Minnesota,Moorhead,"3200 block of 27th Street South",0,0,0,0,0,N/A
936136,"September 17, 2017",Minnesota,Austin,"1000 block of 11th Avenue Southwest",0,0,0,0,2,N/A
936604,"September 17, 2017",Minnesota,"Saint Paul",N/A,0,0,0,0,1,N/A
936599,"September 17, 2017",Minnesota,Stewartville,"200 block of Peregrine Place NW",0,0,0,0,0,N/A
936147,"September 16, 2017",Minnesota,"Pine River",N/A,0,0,0,0,0,N/A
943391,"September 16, 2017",Minnesota,"Saint Paul (Maplewood)","2300 block of Dorland Ln",0,0,0,0,0,N/A
935314,"September 15, 2017",Minnesota,Minneapolis,"Chicago Ave S and Franklin Ave E",1,0,0,0,0,N/A
931884,"September 12, 2017",Minnesota,Minneapolis,"4300 block of 4th Ave S",1,1,0,0,0,N/A
931880,"September 12, 2017",Minnesota,"Saint Paul","2004 Randolph Ave",0,1,0,0,0,N/A
932213,"September 11, 2017",Minnesota,Bemidji,"2100 block of Paul Bunyan Dr NW",0,0,0,0,1,N/A
932148,"September 11, 2017",Minnesota,"Albert Lea","401 Pilot St",0,0,0,0,0,N/A
932146,"September 10, 2017",Minnesota,"Saint Paul","100 block of E Sycamore St",1,0,0,0,0,N/A
932149,"September 10, 2017",Minnesota,"Grand Rapids",N/A,0,0,0,0,2,N/A
930105,"September 9, 2017",Minnesota,Minneapolis,"4500 block of Stevens Ave S",1,0,0,0,1,N/A
929066,"September 7, 2017",Minnesota,"Saint Paul","Concordia Ave and Milton St",0,1,0,0,0,N/A
929620,"September 7, 2017",Minnesota,Duluth,"112 W Fourth St",0,1,0,0,0,N/A
929064,"September 7, 2017",Minnesota,"Saint Paul","183 Old 6th St",0,1,0,0,0,N/A
928890,"September 6, 2017",Minnesota,Bemidji,"800 block of America Ave NW",0,0,0,0,2,N/A
929082,"September 6, 2017",Minnesota,"Saint Paul","Lawson Ave E and Westminster St",0,0,0,0,0,N/A
929080,"September 6, 2017",Minnesota,"Minneapolis (Blaine)","400 block of 96th Ln",0,0,0,0,0,N/A
926475,"September 3, 2017",Minnesota,"Saint Paul (Maplewood)","285 Century Ave",0,0,0,0,0,N/A
926469,"September 3, 2017",Minnesota,Minneapolis,"3rd St N and Hennepin Ave",0,1,0,0,0,N/A
926467,"September 3, 2017",Minnesota,Minneapolis,"3200 block of Penn Ave N",0,0,0,0,0,N/A
926455,"September 3, 2017",Minnesota,"Saint Paul","White Bear Ave",0,0,0,0,0,N/A
928909,"September 3, 2017",Minnesota,Bemidji,"8700 block of Bemidji Rd NE",0,0,0,0,0,N/A
927007,"September 3, 2017",Minnesota,Farmington,"18300 block of Exodus Ct",0,1,0,0,1,N/A
926494,"September 2, 2017",Minnesota,"Saint Paul","Stevens St E and Gorman Ave",0,0,0,0,0,N/A
926493,"September 2, 2017",Minnesota,"Minneapolis (Bloomington)","8500 block of Columbus Ave S",0,0,0,0,0,N/A
928854,"September 2, 2017",Minnesota,Rochester,"700 block of 55th St N",0,0,0,0,1,N/A
925185,"August 31, 2017",Minnesota,Minneapolis,"1429 S Washington Ave",1,0,0,0,1,N/A
924399,"August 30, 2017",Minnesota,Minneapolis,"2115 W Broadway Ave",0,1,0,0,0,N/A
926367,"August 29, 2017",Minnesota,"Albert Lea","1540 S Shore Dr",0,0,0,0,0,N/A
924687,"August 29, 2017",Minnesota,Rochester,"325 55th St NW",0,0,0,0,0,N/A
923859,"August 29, 2017",Minnesota,Rochester,"3908 19th Avenue NW",0,1,0,0,1,N/A
923071,"August 29, 2017",Minnesota,Minneapolis,"N Penn Ave and 36th Ave",1,0,0,0,0,N/A
924666,"August 28, 2017",Minnesota,"Saint Cloud","600 block of 11th St S",0,1,0,0,1,N/A
923048,"August 28, 2017",Minnesota,"South Saint Paul","Warner Ave and Holland Ave",0,2,0,0,5,N/A
922577,"August 28, 2017",Minnesota,"Saint Paul","800 block of Edmond Ave",0,2,0,0,0,N/A
922468,"August 28, 2017",Minnesota,"Blooming Prairie",N/A,0,0,1,0,0,N/A
922582,"August 27, 2017",Minnesota,Minneapolis,"Cedar Ave and E 24th St",0,0,0,0,0,N/A
922517,"August 26, 2017",Minnesota,"Albert Lea","1107 Hershey St",0,0,0,0,0,N/A
926372,"August 26, 2017",Minnesota,"Albert Lea","323 W College St",0,0,0,0,0,N/A
921625,"August 26, 2017",Minnesota,"Minneapolis (Crystal)","5359 W Broadway Ave",1,0,0,0,1,N/A
922531,"August 26, 2017",Minnesota,Rochester,"830 21st Ave SE",0,0,0,0,0,N/A
922518,"August 24, 2017",Minnesota,"Albert Lea (Oakland)","23044 855th Ave",0,0,0,0,0,N/A
918951,"August 23, 2017",Minnesota,"Saint Paul","899 Rice St",0,3,0,0,0,N/A
919391,"August 22, 2017",Minnesota,"Saint Paul","400 block of Herschel St",0,1,0,0,0,N/A
918407,"August 22, 2017",Minnesota,Minneapolis,"N 6th St and Hennepin Ave",0,1,0,0,1,N/A
919456,"August 22, 2017",Minnesota,"Albert Lea","1344 Briarwood Dr",0,0,0,0,0,N/A
917556,"August 20, 2017",Minnesota,Minneapolis,"408 Hennepin Ave S",0,2,0,0,1,N/A
919457,"August 20, 2017",Minnesota,"Albert Lea","906 W William St",0,0,0,0,0,N/A
941959,"August 20, 2017",Minnesota,"Marine On Saint Croix",N/A,0,0,0,0,0,N/A
916546,"August 19, 2017",Minnesota,Minneapolis,"W. Broadway Street and Girard Avenue N",0,1,0,0,0,N/A
1090936,"August 17, 2017",Minnesota,"Little Falls",N/A,0,0,0,0,1,N/A
916751,"August 17, 2017",Minnesota,Minneapolis,"1100 block of N Humboldt Ave",0,1,0,0,0,N/A
915091,"August 17, 2017",Minnesota,"Inver Grove Heights","9034 Cahill Ave",0,0,0,1,2,N/A
919465,"August 17, 2017",Minnesota,Duluth,"100 block of E 3rd St",0,0,0,0,2,N/A
914149,"August 15, 2017",Minnesota,Moorhead,"12th Ave and 34th St S",0,0,0,0,2,N/A
915062,"August 15, 2017",Minnesota,Rochester,"4th St and 12th Ave",0,1,0,0,0,N/A
914981,"August 15, 2017",Minnesota,Minneapolis,"3700 block of 4th Ave S",0,1,0,0,0,N/A
919460,"August 15, 2017",Minnesota,Duluth,"1500 block of East 1st St",0,0,0,0,3,N/A
913395,"August 14, 2017",Minnesota,Rochester,"2100 block of Elton Hills Dr NW",0,0,0,0,1,N/A
915111,"August 14, 2017",Minnesota,"Saint Paul (Woodbury)","8400 Hudson Rd",0,0,0,0,1,N/A
914164,"August 14, 2017",Minnesota,Austin,"300 block of 4th Ave SE",0,0,0,0,1,N/A
912639,"August 13, 2017",Minnesota,Minneapolis,"3500 block of  Emerson Ave N",1,0,0,0,2,N/A
912637,"August 13, 2017",Minnesota,"Saint Paul","7th St E and Minnehaha Ave E",0,1,0,0,0,N/A
912455,"August 13, 2017",Minnesota,"Saint Paul","Earl St and Suburban Ave",0,1,0,0,0,N/A
911941,"August 12, 2017",Minnesota,Minneapolis,"300 block of Hennepin Ave S",0,3,0,0,0,N/A
912634,"August 12, 2017",Minnesota,Minneapolis,"3200 block of Oliver Ave N",0,1,0,0,0,N/A
912127,"August 12, 2017",Minnesota,Minneapolis,"34th St and Humboldt Ave N",0,1,0,0,0,N/A
913388,"August 11, 2017",Minnesota,Rochester,"1315 6th St NW",0,0,0,0,0,N/A
911936,"August 11, 2017",Minnesota,Minneapolis,"21st St and Irving Ave N",0,2,0,0,0,N/A
912118,"August 11, 2017",Minnesota,Becker,"152nd block of 59th St",0,1,0,0,4,N/A
912451,"August 10, 2017",Minnesota,Duluth,"N 23rd Ave W and W 3rd St",0,1,0,0,1,N/A
910743,"August 9, 2017",Minnesota,"Saint Paul","Lexington Pkwy N and Charles Ave",0,0,0,0,0,N/A
910730,"August 9, 2017",Minnesota,"Saint Paul","900 block of Farrington St",0,0,0,0,0,N/A
910724,"August 9, 2017",Minnesota,"Saint Paul","500 block of Dale St",0,0,0,0,0,N/A
910693,"August 9, 2017",Minnesota,Minneapolis,"626 W Broadway Ave",0,1,0,0,0,N/A
910736,"August 9, 2017",Minnesota,Minneapolis,"15th Ave",0,0,0,0,0,N/A
910733,"August 9, 2017",Minnesota,"Saint Paul",N/A,0,1,0,0,0,N/A
910799,"August 8, 2017",Minnesota,Minneapolis,"3600 block of Newton Ave",0,0,0,0,0,N/A
910797,"August 8, 2017",Minnesota,Minneapolis,"2900 block of 6th St N",0,0,0,0,0,N/A
910796,"August 8, 2017",Minnesota,"Saint Paul","500 block of Grand Ave",0,0,0,0,0,N/A
928947,"August 8, 2017",Minnesota,Alexandria,N/A,0,0,0,0,1,N/A
910747,"August 8, 2017",Minnesota,"Saint Paul (Mounds View)","Greenwood Dr and Hillview Rd",0,0,0,0,0,N/A
910812,"August 7, 2017",Minnesota,"Saint Paul","653 Geranium Ave E",0,1,0,0,0,N/A
910811,"August 7, 2017",Minnesota,"Saint Paul","Burr St N and Jenks Ave E",0,0,0,0,0,N/A
910809,"August 7, 2017",Minnesota,"Saint Paul","970 University Ave W",0,0,0,0,1,N/A
907790,"August 6, 2017",Minnesota,"Saint Paul","2525 7th St W",0,1,0,0,2,N/A
907129,"August 5, 2017",Minnesota,Minneapolis,"1100 block of Broadway Ave W",1,1,0,0,1,N/A
912442,"August 5, 2017",Minnesota,Glenville,"110th St and 873rd Ave",0,0,0,0,1,N/A
908653,"August 5, 2017",Minnesota,Minneapolis,"3400 block of Fremont Ave N",0,2,0,0,0,N/A
908082,"August 4, 2017",Minnesota,"Pine City","350 Johnson Ave SE",1,0,0,0,1,N/A
905646,"August 3, 2017",Minnesota,"Saint Paul","Arundel St",0,1,0,0,0,N/A
909219,"August 1, 2017",Minnesota,Brownsdale,"Vista Village Ct",0,0,0,0,1,N/A
905822,"July 31, 2017",Minnesota,"Saint Paul","4th St E and N Mendota St",0,0,0,0,1,N/A
1084395,"July 31, 2017",Minnesota,"La Crescent","MN 16 and MN 26",0,0,0,1,2,N/A
902366,"July 31, 2017",Minnesota,"La Crescent","MN 26 and MN 16",0,0,0,1,2,N/A
912506,"July 30, 2017",Minnesota,Winona,N/A,0,1,0,0,1,N/A
901777,"July 30, 2017",Minnesota,Minneapolis,"2200 block of Girard Ave N",0,1,0,0,0,N/A
901932,"July 29, 2017",Minnesota,"Saint Paul (Mendota Heights)","750 Plaza Dr",1,0,0,0,1,N/A
900831,"July 28, 2017",Minnesota,Minneapolis,"1600 block of Plymouth Ave N",1,0,0,0,2,N/A
905787,"July 28, 2017",Minnesota,Hibbing,N/A,0,0,0,0,2,N/A
902858,"July 28, 2017",Minnesota,Austin,"1900 block of 1st Ave NE",0,0,0,0,1,N/A
900276,"July 26, 2017",Minnesota,"Saint Cloud","900 block of 5th St N",0,1,0,0,0,N/A
898499,"July 25, 2017",Minnesota,"Saint Paul","738 East 3rd Street",0,1,0,0,0,N/A
898547,"July 25, 2017",Minnesota,Moorhead,"935 37th Ave",0,0,0,0,3,N/A
903021,"July 25, 2017",Minnesota,Erhard,"Co Hwy 24 and Co Hwy 3",0,0,0,0,0,N/A
898246,"July 24, 2017",Minnesota,Minneapolis,"1400 Block of N Knox Ave",0,1,0,0,0,N/A
898252,"July 24, 2017",Minnesota,Minneapolis,"Hennepin Ave S",0,0,0,0,0,N/A
897036,"July 24, 2017",Minnesota,Winona,"209 Chatfield St",1,0,1,0,0,N/A
896900,"July 23, 2017",Minnesota,"Grand Marais","CR 6",1,0,0,0,0,N/A
897153,"July 23, 2017",Minnesota,Willmar,"400 block of 11th St NW",0,0,0,1,0,N/A
898256,"July 22, 2017",Minnesota,Minneapolis,"35th Ave N and Penn Ave N",0,2,0,0,0,N/A
898271,"July 21, 2017",Minnesota,Minneapolis,"N Dupont Ave",0,2,0,0,0,N/A
898263,"July 21, 2017",Minnesota,Minneapolis,"2200 Block of N Russell Ave",0,1,0,0,0,N/A
899787,"July 20, 2017",Minnesota,"Albert Lea","1610 Lakewood Ave",0,0,0,0,0,N/A
895060,"July 20, 2017",Minnesota,Minneapolis,"4100 block of Xenia Ave N",0,0,0,0,2,N/A
900240,"July 19, 2017",Minnesota,Bemidji,"Carr Lake Rd SE",0,0,0,0,0,N/A
900793,"July 17, 2017",Minnesota,"Saint Paul","1545 Maryland Ave E",0,0,0,0,0,N/A
894263,"July 17, 2017",Minnesota,"Minneapolis (Fridley)","7600 block of Meadowmoor Dr",1,0,0,0,1,N/A
900827,"July 17, 2017",Minnesota,Minneapolis,"3800 block of Xenia Ave N",0,0,0,0,1,N/A
900823,"July 17, 2017",Minnesota,"Saint Paul","Rice St and W Wheelock Pkwy",0,0,0,0,0,N/A
900787,"July 16, 2017",Minnesota,"Minneapolis (Brooklyn Center)","2850 Northway Dr",0,0,0,0,0,N/A
900785,"July 16, 2017",Minnesota,Minneapolis,"2300 block of Upton Ave N",0,0,0,0,0,N/A
900792,"July 16, 2017",Minnesota,"Saint Paul","100 block of Congress St",0,0,0,0,0,N/A
891612,"July 15, 2017",Minnesota,Minneapolis,"8200 Block of Hickory St NE",1,0,0,0,0,N/A
894589,"July 15, 2017",Minnesota,Austin,"E Oakland Ave and E Oakland Pl",0,0,0,0,1,N/A
891823,"July 15, 2017",Minnesota,Minneapolis,"5100 block of Washburn Ave S",1,0,0,0,1,N/A
891727,"July 15, 2017",Minnesota,"Fergus Falls","700 block of N Vine St",0,0,0,0,1,N/A
899302,"July 14, 2017",Minnesota,Faribault,"Fourth Ave and Third St NW",0,0,0,0,1,N/A
900499,"July 14, 2017",Minnesota,Minneapolis,"1256 Penn Ave N",0,0,0,0,0,N/A
892470,"July 13, 2017",Minnesota,Minneapolis,"3200 block of Fremont Ave N",0,0,0,0,0,N/A
892452,"July 13, 2017",Minnesota,Minneapolis,"2400 block of Vincent Ave N",0,0,0,0,0,N/A
892426,"July 13, 2017",Minnesota,"Minneapolis (Robbinsdale)","3100 block of 26th Ave N",0,0,0,0,0,N/A
893007,"July 13, 2017",Minnesota,Minneapolis,"2900 block of Taylor St NE",0,0,0,0,0,N/A
893004,"July 13, 2017",Minnesota,Minneapolis,"W Lake St and Dupont Ave S",0,0,0,0,0,N/A
900516,"July 13, 2017",Minnesota,"Saint Paul","700 block of Idaho Ave",0,0,0,0,0,N/A
900515,"July 13, 2017",Minnesota,Minneapolis,"3200 block of Humboldt Ave N",0,0,0,0,0,N/A
892995,"July 13, 2017",Minnesota,Minneapolis,"2500 block of 17th Ave S",0,0,0,0,0,N/A
889550,"July 12, 2017",Minnesota,Minneapolis,"4826 Yates Ave N",1,0,0,0,1,N/A
889012,"July 12, 2017",Minnesota,Rochester,"Salem Rd SW",0,0,0,0,1,N/A
892374,"July 11, 2017",Minnesota,Minneapolis,"900 block of 25th St",0,0,0,0,0,N/A
892343,"July 11, 2017",Minnesota,Minneapolis,"400 block of Cedar Ave",0,0,0,0,0,N/A
892342,"July 11, 2017",Minnesota,Minneapolis,"200 block of Russell Ave S",0,0,0,0,0,N/A
892335,"July 11, 2017",Minnesota,"Saint Paul (Oakdale)","420 Inwood Ave N",0,1,0,0,0,N/A
887359,"July 10, 2017",Minnesota,"Saint Louis Park","7700 block of Rhode Island Ave S",0,0,0,0,0,N/A
887362,"July 10, 2017",Minnesota,"North Branch","37965 Greenway Ave",0,0,1,0,0,N/A
892333,"July 10, 2017",Minnesota,Minneapolis,"Franklin Ave and Chicago Ave",0,0,0,0,0,N/A
887366,"July 10, 2017",Minnesota,"Saint Paul","Sherburne Ave and Grotto St N",0,0,0,0,4,N/A
887371,"July 9, 2017",Minnesota,Minneapolis,"23 5th St N",0,0,0,0,0,N/A
887353,"July 9, 2017",Minnesota,Minneapolis,"730 E 22nd St",0,2,0,0,0,N/A
886527,"July 9, 2017",Minnesota,Duluth,"2100 block of W 6th St",0,1,0,0,2,N/A
887373,"July 9, 2017",Minnesota,Anoka,N/A,0,1,0,0,1,N/A
891736,"July 8, 2017",Minnesota,"Zumbro Falls",N/A,0,0,0,0,1,N/A
887628,"July 8, 2017",Minnesota,Austin,"800 block of 2nd Ave SW",0,1,0,0,1,N/A
885383,"July 6, 2017",Minnesota,Duluth,"600 block of E 4th St",0,1,0,0,0,N/A
883718,"July 5, 2017",Minnesota,Minneapolis,"Broadway Ave W and Fremont Ave N",0,0,0,0,6,N/A
887541,"July 5, 2017",Minnesota,"Albert Lea","US-65 and S Shore Dr",0,0,0,0,1,N/A
887640,"July 4, 2017",Minnesota,Rochester,"2800 block of 19th Ave NW",0,0,0,0,1,N/A
883743,"July 4, 2017",Minnesota,Minneapolis,N/A,0,1,0,0,0,N/A
887538,"July 3, 2017",Minnesota,"Albert Lea","614 Water St",0,0,0,0,0,N/A
882552,"July 3, 2017",Minnesota,"Minneapolis (Richfield)","E 64th St and 4th Ave S",1,0,0,0,0,N/A
880234,"July 1, 2017",Minnesota,Minneapolis,"W 31st St and Hennepin Ave",0,2,0,0,0,N/A
880237,"July 1, 2017",Minnesota,Minneapolis,"Lagoon Ave and Humboldt Ave S",0,1,0,0,0,N/A
878926,"June 27, 2017",Minnesota,Minneapolis,"517 Lyndale Pl",0,0,0,0,1,N/A
878769,"June 26, 2017",Minnesota,Rochester,"4400 block of Copperfield Ln NW",0,0,0,0,0,N/A
877405,"June 26, 2017",Minnesota,Halstad,"549 US-75",1,0,0,0,1,N/A
876521,"June 26, 2017",Minnesota,Minneapolis,"1348 Lagoon Ave",0,1,0,0,1,N/A
878885,"June 25, 2017",Minnesota,Minneapolis,"407 15th Avenue SE",0,0,0,0,0,N/A
890411,"June 24, 2017",Minnesota,Puposky,"25300 Block of West St",1,0,0,0,1,N/A
874660,"June 24, 2017",Minnesota,"Saint Paul (Little Canada)","2534 Rice St",0,3,0,0,1,N/A
874971,"June 24, 2017",Minnesota,"Saint Paul","Aurora Ave and  Marion St",1,0,0,0,2,N/A
874437,"June 23, 2017",Minnesota,Minnetonka,"2825 Hedberg Dr",0,0,1,0,0,N/A
875078,"June 21, 2017",Minnesota,Bemidji,"2800 block of Pine Ridge Ave NW",0,0,0,0,2,N/A
878296,"June 21, 2017",Minnesota,"Saint Paul (Eagan)",N/A,0,0,0,0,1,N/A
875083,"June 20, 2017",Minnesota,Bemidji,"Roosevelt Rd SE and Tyler Ave SE",0,0,0,0,1,N/A
870639,"June 19, 2017",Minnesota,Minneapolis,"42nd Ave N and Welcome Ave N",1,0,0,0,1,N/A
870607,"June 19, 2017",Minnesota,"Saint Paul","200 block of W Maryland Ave",0,3,0,0,0,N/A
875101,"June 18, 2017",Minnesota,Bemidji,"1500 block of Calihan Ave NE",0,0,0,0,1,N/A
869247,"June 17, 2017",Minnesota,Minneapolis,"Webber Pkwy and Lyndale Ave N",1,0,0,0,1,N/A
868871,"June 15, 2017",Minnesota,Minneapolis,"2500 block of Cedar Ave",0,1,0,0,0,N/A
868739,"June 15, 2017",Minnesota,Ely,"2493 Ely-Buyck Rd",0,1,0,0,0,N/A
868471,"June 15, 2017",Minnesota,Minneapolis,"N Dowling Ave and N Washington Ave",0,0,0,0,2,N/A
870255,"June 14, 2017",Minnesota,Minneapolis,"2800 block of Humboldt Ave N",0,2,0,0,0,N/A
868159,"June 13, 2017",Minnesota,Minneapolis,"26th Ave N and Knox Ave N",1,0,0,0,3,N/A
865411,"June 12, 2017",Minnesota,Minneapolis,"32nd St and Blaisdell Ave S",1,0,0,0,0,N/A
866534,"June 12, 2017",Minnesota,Stewartville,"500 block of 1st Street S",0,0,0,0,0,N/A
875124,"June 12, 2017",Minnesota,Princeton,"200 block of 9th Ave S",0,0,0,0,0,N/A
865003,"June 11, 2017",Minnesota,"Saint Paul","899 Rice St",1,0,0,0,2,N/A
865413,"June 11, 2017",Minnesota,Minneapolis,"3300 block of Bryant Ave N",0,2,0,0,0,N/A
866613,"June 11, 2017",Minnesota,Minneapolis,"N 17th Ave and N Washington Ave",0,1,0,0,0,N/A
866621,"June 11, 2017",Minnesota,Minneapolis,"3400 block of 5th St NE",0,1,0,0,1,N/A
875129,"June 11, 2017",Minnesota,Princeton,"59th Ave",0,0,0,0,0,N/A
864999,"June 11, 2017",Minnesota,Minneapolis,"Park Ave and E 16th St",1,0,0,0,0,N/A
865001,"June 10, 2017",Minnesota,"Saint Paul","University Ave and Rice St",0,1,0,0,0,N/A
865416,"June 10, 2017",Minnesota,Rochester,"24 11th Ave. NE",0,1,0,0,0,N/A
875128,"June 8, 2017",Minnesota,Princeton,"8th Ave",0,0,0,0,0,N/A
866368,"June 8, 2017",Minnesota,"Albert Lea","705 Alcove St",0,0,0,0,0,N/A
862622,"June 8, 2017",Minnesota,Minneapolis,"1600 block of Upton Ave N",0,0,0,0,0,N/A
862618,"June 8, 2017",Minnesota,Minneapolis,"5700 block of 34th Ave S",0,0,0,0,0,N/A
862611,"June 8, 2017",Minnesota,Minneapolis,"1600 block of Plymouth Ave N",0,0,0,0,0,N/A
862580,"June 8, 2017",Minnesota,Minneapolis,"4601 Lyndale Ave N",0,1,0,0,0,N/A
862944,"June 7, 2017",Minnesota,"Saint Paul (Woodbury)","3175 Century Ave S",1,0,0,0,0,N/A
862682,"June 7, 2017",Minnesota,Minneapolis,"4000 block of Minnehaha Ave",0,0,0,0,0,N/A
861974,"June 6, 2017",Minnesota,Minneapolis,"3300 block of Newton Ave N",1,0,0,0,0,N/A
863007,"June 5, 2017",Minnesota,"Saint Paul",N/A,0,0,0,0,4,N/A
859919,"June 4, 2017",Minnesota,Minneapolis,"2400 block of 10th Avenue South",1,0,0,0,0,N/A
862917,"June 4, 2017",Minnesota,"Saint Paul","700 block of E Rose Ave",0,1,0,0,0,N/A
859914,"June 3, 2017",Minnesota,"Saint Paul","900 block of Minnehaha Ave",0,1,0,0,0,N/A
858910,"June 3, 2017",Minnesota,Minneapolis,"119 N 4th St",0,1,0,0,0,N/A
858487,"June 2, 2017",Minnesota,"Saint Paul","3rd St and Van Dyke St",1,0,0,0,1,N/A
862242,"June 1, 2017",Minnesota,Ellendale,"84820 310th St",0,1,0,0,0,N/A
857206,"May 31, 2017",Minnesota,Andover,"900 block of 139th Avenue N.",2,0,1,0,0,N/A
859410,"May 31, 2017",Minnesota,Dent,N/A,0,0,0,0,1,N/A
856418,"May 30, 2017",Minnesota,Minneapolis,"30th Ave and Irving Ave N",1,0,0,0,0,N/A
857027,"May 30, 2017",Minnesota,Naytahwaush,N/A,0,2,0,0,1,N/A
853916,"May 28, 2017",Minnesota,Minneapolis,"I-94 and Broadway Avenue West",0,1,0,0,0,N/A
856491,"May 28, 2017",Minnesota,"Saint Paul","1100 block of Minnehaha Ave",0,0,0,0,0,N/A
856484,"May 28, 2017",Minnesota,Minneapolis,"3100 block of 38th Ave S",0,0,0,0,0,N/A
856467,"May 28, 2017",Minnesota,Minneapolis,"2600 block of Grant St NE",0,0,0,0,0,N/A
856451,"May 28, 2017",Minnesota,"Saint Paul","1600 block of Grotto St N",0,0,0,0,0,N/A
856447,"May 28, 2017",Minnesota,"Saint Paul","Ruth St and Minnehaha Ave",0,0,0,0,0,N/A
856443,"May 28, 2017",Minnesota,"Minneapolis (Brooklyn Center)","2100 block of 55th Ave N",0,0,0,0,0,N/A
856537,"May 28, 2017",Minnesota,Saginaw,"US 53",0,0,0,0,1,N/A
853555,"May 27, 2017",Minnesota,"Minneapolis (Plymouth)","US 169 and 36th Ave N",0,0,0,0,0,N/A
853604,"May 27, 2017",Minnesota,Minneapolis,"3100 block of 15th Ave S",0,0,0,0,0,N/A
853568,"May 27, 2017",Minnesota,"Saint Paul (West Saint Paul)","200 block of Annapolis St E",0,0,0,0,0,N/A
853565,"May 27, 2017",Minnesota,"Saint Paul","400 block of Livingston Ave",0,0,0,0,0,N/A
855231,"May 27, 2017",Minnesota,Warroad,"Lake St NW",0,0,0,0,0,N/A
853548,"May 27, 2017",Minnesota,Minneapolis,"3301 Hiawatha Ave",0,1,0,0,0,N/A
853697,"May 27, 2017",Minnesota,"Minneapolis (Fridley)","Osborne Rd",1,0,0,0,2,N/A
853542,"May 27, 2017",Minnesota,Minneapolis,"1900 block of Elliot St S",0,1,0,0,0,N/A
851141,"May 24, 2017",Minnesota,"Minneapolis (Crystal)","110 Penn Ave N",0,0,0,1,0,N/A
850200,"May 23, 2017",Minnesota,"Saint Paul",I-35E,0,0,0,0,0,N/A
905806,"May 22, 2017",Minnesota,Austin,"500 block of 12th St NE",0,0,0,0,2,N/A
850302,"May 22, 2017",Minnesota,"Saint Paul","700 Block of Conway St",0,1,0,0,0,N/A
849645,"May 22, 2017",Minnesota,Minneapolis,"Ilion Avenue North and Broadway",1,0,0,0,2,N/A
850202,"May 22, 2017",Minnesota,"Saint Paul","1202 Jackson St",0,3,0,0,0,N/A
847560,"May 19, 2017",Minnesota,"Saint Paul","Edgerton St and Magnolia Ave E",0,0,0,0,0,N/A
847549,"May 19, 2017",Minnesota,"Saint Paul","505 Rice St",0,0,0,0,0,N/A
847532,"May 19, 2017",Minnesota,Minneapolis,"2400 block of Logan Ave N",0,0,0,0,0,N/A
847530,"May 19, 2017",Minnesota,"Saint Paul","612 University Ave",0,0,0,0,0,N/A
847470,"May 19, 2017",Minnesota,"Saint Paul","200 block of Dayton Ave",0,0,0,0,0,N/A
850260,"May 19, 2017",Minnesota,Minneapolis,"3200 block of Humboldt Ave N",0,1,0,0,0,N/A
847527,"May 18, 2017",Minnesota,Minneapolis,"2600 block of 36th Ave",0,0,0,0,0,N/A
847491,"May 18, 2017",Minnesota,"Saint Paul","1600 block of Maryland Ave",0,0,0,0,0,N/A
846888,"May 16, 2017",Minnesota,Austin,"600 block of 9th Ave S",0,0,0,0,0,N/A
844968,"May 15, 2017",Minnesota,Princeton,"1300 block of 15th Ave N",1,0,0,0,0,N/A
845468,"May 15, 2017",Minnesota,Minneapolis,"E 38th St and Chicago Ave",0,1,0,0,0,N/A
844320,"May 14, 2017",Minnesota,"Saint Paul","Burr St N and Tedesco St",0,1,0,0,0,N/A
844293,"May 14, 2017",Minnesota,"Saint Paul","695 7th St E",0,1,0,0,0,N/A
844966,"May 14, 2017",Minnesota,Alexandria,"822 Jefferson St",0,0,0,0,2,N/A
843600,"May 14, 2017",Minnesota,Minneapolis,"600 block of 18th St E",0,0,0,0,1,N/A
844234,"May 13, 2017",Minnesota,Minneapolis,"1400 block of N Dowling Ave",0,0,0,0,0,N/A
850405,"May 13, 2017",Minnesota,Milaca,"70th Ave",0,0,0,0,0,N/A
844220,"May 13, 2017",Minnesota,Minneapolis,"906 E 47th St",0,0,0,0,0,N/A
844206,"May 13, 2017",Minnesota,Minneapolis,"N Thomas Ave and N 35th Ave",0,0,0,0,0,N/A
844197,"May 13, 2017",Minnesota,Minneapolis,"2101 Bryant Ave S",0,0,0,0,0,N/A
844069,"May 13, 2017",Minnesota,Minneapolis,"6045 Lyndale Ave S",0,0,0,0,0,N/A
844068,"May 13, 2017",Minnesota,Minneapolis,"2200 block of N 4th St",0,0,0,0,0,N/A
844067,"May 13, 2017",Minnesota,Minneapolis,"1100 block of 4th St SE",0,0,0,0,0,N/A
844064,"May 13, 2017",Minnesota,Minneapolis,"1600 block of Oak Park Ave",0,0,0,0,0,N/A
844062,"May 13, 2017",Minnesota,"Saint Paul","100 block of Nina St",0,0,0,0,0,N/A
844063,"May 13, 2017",Minnesota,"Saint Paul","Rice St and Como Ave",0,0,0,0,0,N/A
844060,"May 13, 2017",Minnesota,"Saint Paul","1200 block of Payne Ave",0,1,0,0,0,N/A
844051,"May 13, 2017",Minnesota,Rochester,"800 block of 16th Avenue SE",0,1,0,0,0,N/A
843023,"May 13, 2017",Minnesota,Minneapolis,"1200 block of Morgan Ave N",0,1,0,0,0,N/A
843021,"May 13, 2017",Minnesota,Minneapolis,"16 S 6th St",0,1,0,0,1,N/A
844260,"May 12, 2017",Minnesota,"Saint Paul","Albemarle St and Milford St",0,2,0,0,0,N/A
844158,"May 12, 2017",Minnesota,Minneapolis,"3322 Penn Ave N",0,1,0,0,0,N/A
844152,"May 12, 2017",Minnesota,Minneapolis,"Fremont Ave N and N 30th Ave",0,0,0,0,0,N/A
844147,"May 12, 2017",Minnesota,Minneapolis,"E 35th St and Columbus Ave S",0,0,0,0,0,N/A
842224,"May 12, 2017",Minnesota,Minneapolis,"W Broadway Ave and Lyndale Ave N",1,0,0,0,2,N/A
844961,"May 12, 2017",Minnesota,"Saint Paul","Rice St and Sherburne Ave",0,2,0,0,0,N/A
844054,"May 12, 2017",Minnesota,Rochester,N/A,0,1,0,0,0,N/A
850297,"May 11, 2017",Minnesota,Minneapolis,"44th Ave N and Humboldt Ave N",0,0,0,0,2,N/A
841560,"May 11, 2017",Minnesota,Minneapolis,"3700 block of 6th St N",1,0,0,0,1,N/A
843032,"May 10, 2017",Minnesota,Duluth,"602 E 4th St",0,1,0,0,0,N/A
840607,"May 9, 2017",Minnesota,"Eden Prairie","10100 block of Juniper Ln",0,0,0,0,0,N/A
840545,"May 9, 2017",Minnesota,"Minneapolis (Crystal)","5500 block of Perry Ave",0,0,0,0,0,N/A
840512,"May 9, 2017",Minnesota,"Forest Lake","9200 block of 239th St",0,0,0,0,0,N/A
840259,"May 9, 2017",Minnesota,"Saint Paul","300 block of Burgess St",1,0,0,0,1,N/A
840559,"May 9, 2017",Minnesota,"Saint Paul (Eagan)","4380 Beaver Dam Rd",0,0,0,0,1,N/A
841178,"May 9, 2017",Minnesota,Rochester,"100 block of 9th St NE",0,0,0,0,1,N/A
852275,"May 9, 2017",Minnesota,"Prior Lake","2900 block of Dakota Trail",0,0,0,0,1,N/A
840631,"May 8, 2017",Minnesota,"Saint Paul","215 S Kipling St",0,0,0,0,0,N/A
840745,"May 8, 2017",Minnesota,Minneapolis,"2718 Knox Ave N",0,0,0,0,0,N/A
840711,"May 8, 2017",Minnesota,"Minneapolis (Crystal)","3200 block of Douglas Dr",0,0,0,0,0,N/A
838303,"May 7, 2017",Minnesota,Rochester,"Broadway Ave N and 12th St NW",0,0,0,0,3,N/A
840705,"May 7, 2017",Minnesota,Minneapolis,"5700 34th Ave S",0,0,0,0,0,N/A
838299,"May 6, 2017",Minnesota,"Saint Paul","400 block of Mendota Rd E",0,0,0,0,0,N/A
838292,"May 6, 2017",Minnesota,"Saint Paul","Congress St E and S Greenwood Ave",0,0,0,0,2,N/A
838286,"May 6, 2017",Minnesota,Burnsville,"600 Greenhaven Dr",0,0,0,0,0,N/A
840765,"May 6, 2017",Minnesota,Backus,"Wren Trl NW",0,0,0,0,1,N/A
838302,"May 5, 2017",Minnesota,"Saint Paul","1400 Arcade St",0,0,0,0,0,N/A
837694,"May 5, 2017",Minnesota,Minneapolis,"3500 block of Morgan Avenue North",0,1,0,0,0,N/A
837451,"May 5, 2017",Minnesota,Minneapolis,"2900 County Road 10",0,0,0,2,0,N/A
836057,"May 4, 2017",Minnesota,"Saint Paul","Vandalia St and Capp Rd",0,0,0,0,2,N/A
836139,"May 3, 2017",Minnesota,"Cottage Grove","8100 block of Hyde Ave S",0,0,0,0,0,N/A
836117,"May 3, 2017",Minnesota,"Saint Paul","1600 block of 7th St",0,0,0,0,0,N/A
836104,"May 3, 2017",Minnesota,Minneapolis,"Humboldt Ave N and N 44th Ave",0,0,0,0,0,N/A
838917,"May 3, 2017",Minnesota,Goodridge,N/A,1,0,0,0,0,N/A
836061,"May 3, 2017",Minnesota,"Minneapolis (Richfield)","Nicollet Ave and 64th St",0,0,0,0,0,N/A
836039,"May 3, 2017",Minnesota,Minneapolis,"Oakland Ave S and E 86th St",0,0,0,0,1,N/A
836151,"May 2, 2017",Minnesota,Rochester,"331 16th Ave NW",0,0,0,0,2,N/A
836128,"May 2, 2017",Minnesota,Minneapolis,"4200 block of Dupont Ave",0,0,0,0,0,N/A
835881,"May 2, 2017",Minnesota,"Granite Falls","415 9th Ave",1,0,0,0,0,N/A
833370,"April 30, 2017",Minnesota,Mankato,"200 block of West 8th Street",0,1,0,0,0,N/A
837442,"April 30, 2017",Minnesota,Hastings,N/A,0,0,0,0,1,N/A
833604,"April 29, 2017",Minnesota,Minneapolis,"3400 block of Cedar Ave S",0,0,0,0,0,N/A
833596,"April 29, 2017",Minnesota,Minneapolis,"1700 block of Hillside Ave N",0,0,0,0,0,N/A
836262,"April 29, 2017",Minnesota,Bemidji,"500 block of 4th St NW",0,1,0,0,0,N/A
833442,"April 29, 2017",Minnesota,"Saint Paul","600 block of E Orange Ave",0,1,0,1,0,N/A
833635,"April 28, 2017",Minnesota,"Saint Paul","Selby Ave and N Mackubin St",0,0,0,0,0,N/A
831188,"April 27, 2017",Minnesota,"Minneapolis (Bloomington)","10660 Hampshire Ave S",1,0,0,0,6,N/A
831183,"April 26, 2017",Minnesota,Minneapolis,"1500 block of Park Ave S",0,2,0,0,0,N/A
829599,"April 26, 2017",Minnesota,Minneapolis,"13th Ave S and 38th St E",0,0,0,0,1,N/A
829592,"April 26, 2017",Minnesota,"Saint Paul","McKnight Rd N and 5th St E",0,0,0,0,0,N/A
829571,"April 26, 2017",Minnesota,Minneapolis,"Lowry Ave N and Logan Ave N",0,0,0,0,0,N/A
829544,"April 26, 2017",Minnesota,"Saint Paul (Eagan)","1500 Central Park Commons Dr",0,0,0,0,1,N/A
829542,"April 26, 2017",Minnesota,Minneapolis,"1113 Hennepin Ave",0,0,0,0,0,N/A
831941,"April 24, 2017",Minnesota,"Detroit Lakes","15356 E Munson Dr",0,1,0,0,0,N/A
1070835,"April 23, 2017",Minnesota,"Minneapolis (Blaine)","1300 block of 123rd Ln",0,0,0,0,1,N/A
836171,"April 23, 2017",Minnesota,Rochester,"41st St and 18th Ave N",0,0,0,0,1,N/A
826547,"April 22, 2017",Minnesota,Hawley,N/A,0,1,0,0,0,N/A
826076,"April 21, 2017",Minnesota,"Minneapolis (Fridley)","1000 block of N Cir NE",0,0,0,0,0,N/A
828620,"April 20, 2017",Minnesota,"Minneapolis (Columbia Heights)","1000 block of 41st Ave NE",1,0,0,0,1,N/A
828744,"April 20, 2017",Minnesota,"Circle Pines","Flowerfield Rd",0,1,0,0,1,N/A
825127,"April 19, 2017",Minnesota,Rochester,"4400 block of Stoneview Place Southeast",0,0,0,0,0,N/A
824413,"April 18, 2017",Minnesota,"Saint Paul","10 Mounds Blvd",0,1,0,0,0,N/A
823297,"April 18, 2017",Minnesota,"Red Wing","400 block of Sanderson St",1,0,0,0,1,N/A
822865,"April 17, 2017",Minnesota,"Saint Paul","Fuller Ave and St Albans St",1,0,0,0,1,N/A
823312,"April 17, 2017",Minnesota,"Saint Paul","St Albans and Fuller",0,0,0,0,0,N/A
829140,"April 17, 2017",Minnesota,Rochester,"4900 block of 19th Ave NW",0,0,0,0,2,N/A
822860,"April 17, 2017",Minnesota,"Saint Paul","University Ave and Dale St N",0,1,0,0,2,N/A
831936,"April 16, 2017",Minnesota,"Fergus Falls","900 block of Ada Ave",0,0,0,0,0,N/A
822401,"April 16, 2017",Minnesota,"Saint Paul (Vadnais Heights)","3250 Fanum Rd",0,0,1,0,0,N/A
821969,"April 16, 2017",Minnesota,"Saint Paul","1400 block of Sherburne Ave",0,0,0,0,0,N/A
821535,"April 15, 2017",Minnesota,"Saint Paul","200 block of Aurora Ave",1,0,0,0,1,N/A
822858,"April 14, 2017",Minnesota,Winona,"1756 Kraemer Dr",0,0,0,0,1,N/A
822403,"April 14, 2017",Minnesota,Duluth,"100 block of W Palm St",0,0,0,0,1,N/A
823972,"April 11, 2017",Minnesota,"Minneapolis (Edina)","3301 Hazelton Rd",0,0,0,0,0,N/A
817687,"April 10, 2017",Minnesota,"Prior Lake","County Road 21",0,2,0,0,0,N/A
816286,"April 9, 2017",Minnesota,Minneapolis,"3000 block of Lyndale Avenue South",0,1,0,0,0,N/A
821254,"April 8, 2017",Minnesota,Bemidji,"2100 block of Roosevelt Road SE",0,0,0,0,1,N/A
814511,"April 8, 2017",Minnesota,"Minneapolis (Fridley)","Island Park Dr NE and East River Rd",0,0,0,0,0,N/A
813943,"April 7, 2017",Minnesota,"Saint Paul","1600 block of English St",3,1,1,0,1,N/A
814509,"April 7, 2017",Minnesota,Minneapolis,"12th Avenue and 2nd Street South",0,1,0,0,0,N/A
814353,"April 7, 2017",Minnesota,"Saint Paul","2115 Summit Ave",0,1,0,0,0,N/A
813722,"April 6, 2017",Minnesota,Moorhead,"1813 16th St S",1,0,0,0,1,N/A
814039,"April 6, 2017",Minnesota,Rochester,"615 7th Ave SE",0,0,0,0,1,N/A
822768,"April 6, 2017",Minnesota,"White Earth",N/A,0,1,0,0,0,N/A
821257,"April 5, 2017",Minnesota,Bemidji,"8900 block of Bemidji Rd NE",0,0,0,0,0,N/A
813100,"April 5, 2017",Minnesota,Rochester,"310 31st St NE",0,0,0,0,0,N/A
811471,"April 3, 2017",Minnesota,"Big Lake","19400 block of 180th Avenue",1,0,0,0,0,N/A
813114,"April 3, 2017",Minnesota,Rochester,"2700 block of 56th St NW",0,0,0,0,0,N/A
809829,"April 2, 2017",Minnesota,"Saint Paul","2100 block of Eldridge Avenue",0,2,0,0,0,N/A
809792,"April 2, 2017",Minnesota,Minneapolis,"400 3rd Ave N",0,1,0,0,0,N/A
809796,"April 2, 2017",Minnesota,Minneapolis,"2629 Golden Valley Road",1,1,0,0,2,N/A
807988,"March 30, 2017",Minnesota,"Grand Rapids","1300 block of 4th Street Southeast",0,1,1,0,0,N/A
807667,"March 30, 2017",Minnesota,"Saint Paul (White Bear Lake)","I-694 and Hwy 120",0,0,0,0,0,N/A
813708,"March 30, 2017",Minnesota,Winona,"Knopp Valley Dr",0,0,0,0,0,N/A
806083,"March 28, 2017",Minnesota,Minneapolis,"1800 block of Bryant Ave N",0,1,0,0,0,N/A
929014,"March 27, 2017",Minnesota,Minneapolis,"2700 block of Aldrich Ave N",0,1,0,0,1,N/A
805930,"March 27, 2017",Minnesota,Austin,"1700 block of Oakland Ave E",0,0,0,0,1,N/A
806434,"March 25, 2017",Minnesota,Rochester,"832 21st Ave SE",0,0,0,0,6,N/A
806395,"March 24, 2017",Minnesota,Rochester,"1600 block of Marion Rd SE",0,0,0,0,0,N/A
802180,"March 23, 2017",Minnesota,Minneapolis,"400 E. 46th Street",0,0,0,0,2,N/A
801705,"March 23, 2017",Minnesota,Minneapolis,"3200 block of N 6th St",0,1,0,0,0,N/A
806603,"March 21, 2017",Minnesota,Rochester,"1100 block of 13th Ave NE",0,0,0,0,1,N/A
799180,"March 21, 2017",Minnesota,Minneapolis,"200 W Broadway Ave",0,2,0,0,1,N/A
799071,"March 20, 2017",Minnesota,"Waite Park","200 block of Waite Avenue North",0,1,0,0,1,N/A
799526,"March 20, 2017",Minnesota,Warren,"15872 410th Ave Nw",0,0,1,0,0,N/A
798845,"March 19, 2017",Minnesota,"Minneapolis (Brooklyn Park)","6300 Zane Ave N",0,0,0,0,4,N/A
799531,"March 19, 2017",Minnesota,"Grand Portage","9403 MN-61",1,0,0,0,0,N/A
797473,"March 18, 2017",Minnesota,Minneapolis,"2500 block of Cedar Ave",0,1,0,0,0,N/A
806885,"March 18, 2017",Minnesota,Jenkins,"Hwy 371",0,0,0,0,1,N/A
797145,"March 17, 2017",Minnesota,Minneapolis,"3600 block of Aldrich Avenue North",1,0,0,0,0,N/A
797678,"March 17, 2017",Minnesota,"Le Roy","131st Ave",0,0,0,0,1,N/A
797435,"March 17, 2017",Minnesota,"Bemidji (Ten Lake)","100 block of Mission Rd SE",0,0,0,0,4,N/A
796732,"March 16, 2017",Minnesota,Rochester,"3300 block of 41st St NW",0,0,0,0,0,N/A
797536,"March 15, 2017",Minnesota,Becker,"13000 block of 3rd St",0,0,0,0,2,N/A
794785,"March 15, 2017",Minnesota,"Saint Paul","East 7th and Sinnen Street",0,0,1,0,0,N/A
794797,"March 12, 2017",Minnesota,Bemidji,"2400 block of Ridgeway Ave NW",0,3,0,0,0,N/A
797875,"March 11, 2017",Minnesota,Brainerd,"Hwy 210 and Jordan Rd",0,0,0,0,1,N/A
792563,"March 11, 2017",Minnesota,Minneapolis,"3800 block of Gerard Ave",0,0,0,0,0,N/A
792566,"March 9, 2017",Minnesota,Winona,N/A,0,0,0,0,0,N/A
790648,"March 8, 2017",Minnesota,Minneapolis,"3807 Fremont Avenue North",0,4,0,0,0,N/A
792539,"March 8, 2017",Minnesota,"Saint Paul (Eagan)","Cliff Rd and MN 3",0,0,0,0,1,N/A
787465,"March 3, 2017",Minnesota,Minnetonka,"11201 Wayzata Blvd",1,0,0,0,1,N/A
802232,"March 3, 2017",Minnesota,Owatonna,"212 N Cedar Ave",0,1,0,0,0,N/A
788817,"March 3, 2017",Minnesota,Albany,"700 block of Railroad Ave",0,0,0,0,1,N/A
787232,"March 2, 2017",Minnesota,"Saint Paul","Iowa Ave and Flandrau Pl",0,0,0,0,0,N/A
813703,"March 2, 2017",Minnesota,Baxter,"14000 block of Memorywood Dr",0,0,0,0,0,N/A
788772,"March 2, 2017",Minnesota,Rochester,"2000 block of 50th St NW",0,0,0,0,0,N/A
788744,"March 2, 2017",Minnesota,Minneapolis,"2500 block of Hayes St NE",0,1,0,0,1,N/A
788811,"February 28, 2017",Minnesota,Rochester,"928 11th St SE",0,0,0,0,1,N/A
788794,"February 27, 2017",Minnesota,Rochester,"1600 block of Hwy 52 N",0,0,0,0,0,N/A
788636,"February 27, 2017",Minnesota,"Minneapolis (Coon Rapids)","200 block of 94th Ave NW",0,0,0,0,1,N/A
788739,"February 27, 2017",Minnesota,Duluth,"2600 block of W 4th St",0,0,0,0,1,N/A
788673,"February 26, 2017",Minnesota,Finland,N/A,0,0,0,0,1,N/A
787701,"February 25, 2017",Minnesota,Clarissa,N/A,1,0,0,0,1,N/A
782477,"February 24, 2017",Minnesota,Minneapolis,"E M Stately St. and Ogema Place",0,0,0,0,1,N/A
783660,"February 23, 2017",Minnesota,Rochester,"N Broadway Ave and 37th St NE",0,0,0,0,1,N/A
782995,"February 23, 2017",Minnesota,Mankato,"111 W Lind Ct",0,0,0,0,2,N/A
782428,"February 22, 2017",Minnesota,"Albert Lea","1118 S Broadway Ave",0,0,0,0,0,N/A
782453,"February 22, 2017",Minnesota,Bemidji,"1129 Industrial Park Dr SE",0,0,0,0,0,N/A
780291,"February 22, 2017",Minnesota,"Saint Paul","Maryland Ave and Mendota St",0,0,0,0,0,N/A
782511,"February 22, 2017",Minnesota,Lindstrom,"Lindo Trl",0,0,1,0,0,N/A
783728,"February 21, 2017",Minnesota,Winona,"200 block of E 3rd St",0,0,0,0,0,N/A
777912,"February 19, 2017",Minnesota,Harris,"CR 8",0,0,1,0,0,N/A
777389,"February 18, 2017",Minnesota,"Saint Paul (Maplewood)","1700 Rice St",0,5,0,0,0,N/A
783670,"February 18, 2017",Minnesota,"Sauk Rapids","700 block of 2nd Ave N",0,0,0,0,1,N/A
778224,"February 18, 2017",Minnesota,Minneapolis,"2800 block of Emerson Ave N",0,1,0,0,0,N/A
777910,"February 18, 2017",Minnesota,"Saint Paul (Maplewood)","2410 Holloway Ave E",0,0,1,0,0,N/A
777607,"February 17, 2017",Minnesota,Rosemount,"3700 block of 154th St W",1,0,1,0,0,N/A
780295,"February 16, 2017",Minnesota,"Saint Paul","2000 block of E 4th St",0,0,0,0,0,N/A
783665,"February 16, 2017",Minnesota,Rochester,"3800 block of Willow Ridge SW",0,0,0,0,2,N/A
775608,"February 14, 2017",Minnesota,Babbitt,"13 Alder Rd",0,0,0,0,1,N/A
783591,"February 14, 2017",Minnesota,Minneapolis,"University Ave NE and NE Lowry Ave",0,0,0,0,1,N/A
774889,"February 14, 2017",Minnesota,Duluth,"510 E 11th St",1,0,0,0,5,N/A
775767,"February 13, 2017",Minnesota,"Saint Paul","183 Old 6th St",0,1,0,0,0,N/A
784444,"February 13, 2017",Minnesota,"Saint Paul (Eagan)","4625 Nicols Rd",0,0,0,0,1,N/A
774892,"February 13, 2017",Minnesota,"Pequot Lakes","3000 block of Pequot Blvd",1,0,0,0,0,N/A
775872,"February 13, 2017",Minnesota,Winona,"Huff St",0,0,0,0,1,N/A
775776,"February 12, 2017",Minnesota,"Saint Paul","700 block of Summit Ave",0,2,0,0,0,N/A
775870,"February 12, 2017",Minnesota,Winona,"1000 block of W King St",0,0,0,0,1,N/A
775814,"February 11, 2017",Minnesota,Rochester,"500 block of Circle Ct",0,0,0,0,0,N/A
782751,"February 11, 2017",Minnesota,"Saint Paul (Apple Valley)",N/A,0,0,0,0,1,N/A
780297,"February 11, 2017",Minnesota,"Saint Paul","1400 block of Hazel",0,0,0,0,0,N/A
773073,"February 11, 2017",Minnesota,"Minneapolis (Brooklyn Center)","1600 James Circle N",1,0,0,0,6,N/A
775821,"February 10, 2017",Minnesota,Utica,"31876 Gunflint Rd",0,0,0,0,1,N/A
771925,"February 9, 2017",Minnesota,"Saint Cloud","8th St N and 25th Ave N",0,0,0,0,1,N/A
774278,"February 9, 2017",Minnesota,"Saint Cloud","10 block of 20th Ave S",0,0,0,0,1,N/A
771930,"February 8, 2017",Minnesota,Rochester,"5600 block of Longboat Rd NW",0,0,0,0,1,N/A
769350,"February 6, 2017",Minnesota,Frazee,"E Main Ave",0,1,0,0,0,N/A
769803,"February 6, 2017",Minnesota,Hastings,"Maple St",0,0,0,0,1,N/A
769750,"February 6, 2017",Minnesota,Preston,N/A,0,1,0,0,0,N/A
769291,"February 5, 2017",Minnesota,Rochester,"100 Block of 19th St SE",0,1,0,0,0,N/A
769348,"February 5, 2017",Minnesota,Duluth,I-35,0,1,0,0,3,N/A
767904,"February 4, 2017",Minnesota,Duluth,"100 block of North 65th Avenue West",0,1,0,0,0,N/A
769805,"February 3, 2017",Minnesota,Minneapolis,"MN 100 and 42nd Ave N",0,1,0,0,0,N/A
788821,"February 3, 2017",Minnesota,Austin,"23000 block of 515th Ave",0,0,0,0,2,N/A
770699,"February 3, 2017",Minnesota,Winona,"450 block of E Broadway St",0,0,0,0,1,N/A
770641,"February 2, 2017",Minnesota,Bemidji,"1000 block of East Ave NE",0,0,0,0,1,N/A
767771,"February 2, 2017",Minnesota,"Andover (Ham Lake)","9000 block of NE Birchview",0,0,0,0,2,N/A
769807,"February 2, 2017",Minnesota,"Inver Grove Heights","8400 block of Bryce Ct",0,0,0,0,0,N/A
766108,"February 1, 2017",Minnesota,"Saint Paul","1594 Case Avenue East",1,2,0,0,0,N/A
766638,"February 1, 2017",Minnesota,Rochester,"2400 block of Virginia Ln SW",0,0,0,0,0,N/A
764020,"January 30, 2017",Minnesota,"Minneapolis (Crystal)","5410 Lakeland Ave N",0,4,0,0,3,N/A
774996,"January 29, 2017",Minnesota,"Saint Paul","1300 Block of Bradley St",0,2,0,0,1,N/A
762970,"January 29, 2017",Minnesota,Duluth,"2713 W 2nd St",0,1,0,0,1,N/A
763592,"January 29, 2017",Minnesota,"Saint Paul","1045 Hudson Rd",1,1,0,0,1,N/A
762747,"January 28, 2017",Minnesota,"Saint Paul (Mendota Heights)","MN 13 and Sylvandale Rd",0,0,0,0,0,N/A
762958,"January 28, 2017",Minnesota,Madelia,"32501 850th Ave",0,0,1,0,2,N/A
762946,"January 27, 2017",Minnesota,Austin,"2600 Third Ave. SW",0,1,0,0,1,N/A
762317,"January 27, 2017",Minnesota,Minnetonka,"16000 block of Smetana Rd",0,1,0,0,0,N/A
765609,"January 26, 2017",Minnesota,Minneapolis,"1400 Lagoon Ave",0,1,0,0,1,N/A
760833,"January 26, 2017",Minnesota,Duluth,"702 E. Fourth St",0,1,0,0,0,N/A
760894,"January 25, 2017",Minnesota,"Red Wing","155 Burnside Ave. N.",0,0,0,0,0,N/A
765410,"January 25, 2017",Minnesota,Wilton,"100 block of Spirit Ave NE",0,0,0,0,1,N/A
758482,"January 23, 2017",Minnesota,Minneapolis,"1200 block of Morgan Ave N",0,1,0,0,0,N/A
770687,"January 21, 2017",Minnesota,Hopkins,"700 block of Cambridge St",0,1,0,0,1,N/A
757061,"January 21, 2017",Minnesota,Duluth,"31 E 1st St",0,1,0,0,1,N/A
759297,"January 21, 2017",Minnesota,"Saint Paul (Woodbury)","1032 Briar Glen Ln",0,0,0,0,1,N/A
758501,"January 21, 2017",Minnesota,Minneapolis,"W 15th St and Nicollet Ave",0,1,0,0,0,N/A
756395,"January 20, 2017",Minnesota,"Minneapolis (Blaine)","10000 block of University Ave",0,1,0,0,0,N/A
755804,"January 19, 2017",Minnesota,"Saint Paul","E Jessamine Ln and Hazelwood St",0,1,0,0,0,N/A
752781,"January 16, 2017",Minnesota,Minneapolis,"1104 Plymouth Ave N",0,0,0,0,0,N/A
750941,"January 14, 2017",Minnesota,"Circle Pines (Lexington)","8808 Lexington Avenue North",0,2,0,1,0,N/A
750279,"January 13, 2017",Minnesota,Hibbing,"2907 3rd Ave E",0,1,0,1,1,N/A
750168,"January 12, 2017",Minnesota,Onamia,"17000 block of Ookwemin Loop",0,0,1,0,3,N/A
749166,"January 12, 2017",Minnesota,"Anoka (Ramsey)","14200 block of St. Francis Blvd",0,0,0,0,1,N/A
749046,"January 12, 2017",Minnesota,"Minneapolis (Blaine)","12555 University Ave NE",0,0,0,0,2,N/A
748608,"January 11, 2017",Minnesota,Austin,"1010 8th Ave. SW",0,0,1,0,0,N/A
748176,"January 11, 2017",Minnesota,Foxhome,"3562 320th Ave",0,1,0,0,0,N/A
748174,"January 9, 2017",Minnesota,Moorhead,"2618 16th Ave S",0,0,0,0,1,N/A
745504,"January 8, 2017",Minnesota,Minneapolis,"300 block of 3rd Ave N",1,1,0,0,0,N/A
744863,"January 7, 2017",Minnesota,Minneapolis,"3rd St N and 1st Ave N",1,2,0,0,0,N/A
759329,"January 6, 2017",Minnesota,"Saint Louis Park","Utica Ave S",0,0,0,0,0,N/A
749203,"January 5, 2017",Minnesota,Rochester,"2107 US 52",0,0,0,0,2,N/A
744641,"January 5, 2017",Minnesota,"Eden Prairie","11445 Anderson Lakes Pkwy",0,0,0,0,1,N/A
749174,"January 3, 2017",Minnesota,"Saint Paul","183 Old 6th St W",0,2,0,0,1,N/A
742870,"January 3, 2017",Minnesota,"Minneapolis (Brooklyn Center)","800 block of 66th Ave N",0,1,0,0,1,N/A
742877,"January 2, 2017",Minnesota,"Pine City","350 Johnson Ave SE",0,1,0,0,0,N/A
743797,"January 2, 2017",Minnesota,"Minneapolis (Fridley)","250 57th Ave NE",0,0,0,0,1,N/A