"Incident ID","Incident Date",State,"City Or County",Address,"Victims Killed","Victims Injured","Suspects Killed","Suspects Injured","Suspects Arrested",Operations
2769297,"December 2, 2023",Minnesota,Minneapolis,"3500 block of 70th Street W",1,0,0,0,0,N/A
2768428,"November 30, 2023",Minnesota,Rochester,"1300 Salem Rd SW",0,0,1,0,0,N/A
2767441,"November 30, 2023",Minnesota,"Saint Paul","800 block of Payne Ave",0,1,0,0,0,N/A
2767024,"November 29, 2023",Minnesota,Minneapolis,"3000 block of 4th Ave S",1,0,0,0,0,N/A
2766827,"November 29, 2023",Minnesota,Minneapolis,"2700 block of Minnehaha Ave",0,1,0,0,0,N/A
2766818,"November 29, 2023",Minnesota,Minneapolis,"E 24th St and 13th Ave S",0,1,0,0,0,N/A
2765749,"November 28, 2023",Minnesota,Minneapolis,N/A,0,1,0,0,0,N/A
2766297,"November 28, 2023",Minnesota,Minneapolis,"E Franklin Ave and Elliot Ave",0,1,0,0,0,N/A
2767106,"November 26, 2023",Minnesota,"Red Wing","30002 White Oak Ln",1,0,0,0,0,N/A
2764371,"November 26, 2023",Minnesota,Minneapolis,"36 S 9th St",1,0,0,0,0,N/A
2763468,"November 24, 2023",Minnesota,Minneapolis,"2623 W Broadway Ave",1,0,0,0,1,N/A
2763785,"November 24, 2023",Minnesota,"South Saint Paul","400 block of 3rd Ave S",1,0,0,0,1,N/A
2762812,"November 23, 2023",Minnesota,"Saint Paul","300 block of Erie St",0,1,0,0,1,N/A
2762792,"November 23, 2023",Minnesota,Minneapolis,"900 block of 20th Ave S",1,0,0,0,0,N/A
2761172,"November 21, 2023",Minnesota,Minneapolis,N/A,0,1,0,0,0,N/A
2761167,"November 21, 2023",Minnesota,Minneapolis,"626 W Broadway",0,1,0,0,0,N/A
2762362,"November 21, 2023",Minnesota,"Saint Paul","275 Lexington Pkwy N",0,0,0,0,1,N/A
2760389,"November 20, 2023",Minnesota,Minneapolis,"1900 Chicago Ave",1,0,0,0,1,N/A
2759706,"November 18, 2023",Minnesota,Minneapolis,"200 W Broadway Ave",0,2,0,0,0,N/A
2759429,"November 18, 2023",Minnesota,Minneapolis,"12th Ave S and E Lake St",0,1,0,0,0,N/A
2758884,"November 17, 2023",Minnesota,Minneapolis,"E Franklin Ave and W River Pkwy",1,0,0,0,1,N/A
2757004,"November 16, 2023",Minnesota,"Minneapolis (New Hope)","8230 47th Ave N",0,0,0,0,2,N/A
2757287,"November 16, 2023",Minnesota,Minneapolis,"2600 block of Grand St NE",0,1,0,0,0,N/A
2756219,"November 15, 2023",Minnesota,Minneapolis,"Glenwood Ave and N Newton Ave",1,0,0,0,0,N/A
2755361,"November 14, 2023",Minnesota,Minneapolis,"3739 N Newton Ave",1,0,0,0,0,N/A
2755357,"November 14, 2023",Minnesota,Minneapolis,"Lake St W and Grand Ave S",0,1,0,0,0,N/A
2755105,"November 14, 2023",Minnesota,Minneapolis,N/A,0,1,0,0,0,N/A
2755101,"November 14, 2023",Minnesota,Minneapolis,"1355 Nicollet Ave",0,1,0,0,0,N/A
2753561,"November 12, 2023",Minnesota,Minneapolis,"N 18th Ave and N Irving Ave",0,1,0,0,0,N/A
2753484,"November 12, 2023",Minnesota,Minneapolis,"800 block of N 21st Ave",0,1,0,0,0,N/A
2754203,"November 12, 2023",Minnesota,Minneapolis,"1104 Lagoon Ave",0,1,0,0,0,N/A
2754047,"November 12, 2023",Minnesota,Minneapolis,"E 32nd St and Nicollet Ave",0,1,0,0,0,N/A
2753729,"November 12, 2023",Minnesota,Minneapolis,"1300 block of W 28th St",0,3,0,0,0,N/A
2753725,"November 12, 2023",Minnesota,Minneapolis,"Lyndale Ave S and W Lake St",0,1,0,0,0,N/A
2753542,"November 11, 2023",Minnesota,Nelson,"1885 County Rd 74 NE",0,1,0,0,0,N/A
2753107,"November 11, 2023",Minnesota,Minneapolis,"528 Hennepin Ave",0,2,0,0,0,N/A
2753110,"November 10, 2023",Minnesota,Minneapolis,"W 25th St and Pillsbury Ave",0,1,0,0,0,N/A
2750902,"November 8, 2023",Minnesota,Minneapolis,"3900 block of N Upton Ave",0,1,0,0,0,N/A
2749486,"November 7, 2023",Minnesota,Minneapolis,"311 University Ave NE",1,0,0,0,0,N/A
2749785,"November 7, 2023",Minnesota,Minneapolis,"1200 block of N Humboldt Ave",1,0,0,0,0,N/A
2749224,"November 6, 2023",Minnesota,Minneapolis,"3300 block of Dupont Ave N",1,0,0,0,1,N/A
2747863,"November 5, 2023",Minnesota,"Saint Paul","Charles Ave and Arundel St",0,1,0,0,0,N/A
2748418,"November 5, 2023",Minnesota,Minneapolis,"4100 block of S 32nd Ave",0,1,0,0,0,N/A
2749410,"November 5, 2023",Minnesota,Ponsford,N/A,0,1,0,0,0,N/A
2747064,"November 4, 2023",Minnesota,Minneapolis,"2500 block of Golden Valley Rd",0,1,0,0,0,N/A
2747067,"November 3, 2023",Minnesota,Minneapolis,"1818 Lowry Ave N",0,1,0,0,0,N/A
2746643,"November 3, 2023",Minnesota,Minneapolis,"1800 block of Portland Ave",0,2,0,0,0,N/A
2744682,"October 31, 2023",Minnesota,"Minneapolis (Brooklyn Park)","7200 block of Zane Ave N",2,0,0,0,1,N/A
2744177,"October 31, 2023",Minnesota,Minneapolis,"E Grant St and Park Ave",0,2,0,0,0,N/A
2744680,"October 31, 2023",Minnesota,Minneapolis,"S 4th St and Cedar Ave",0,1,0,0,0,N/A
2744144,"October 31, 2023",Minnesota,Minneapolis,"2800 block of Emerson Ave S",0,1,0,0,0,N/A
2744147,"October 30, 2023",Minnesota,Minneapolis,"4130 N Humboldt Ave",1,0,0,0,0,N/A
2743296,"October 30, 2023",Minnesota,Minneapolis,"E 16th St and Park Ave",0,1,0,0,0,N/A
2743289,"October 30, 2023",Minnesota,Minneapolis,"901 Cedar Ave",0,4,0,0,0,N/A
2743177,"October 30, 2023",Minnesota,Minneapolis,"1700 block of Plymouth Ave N",0,1,0,0,0,N/A
2742879,"October 29, 2023",Minnesota,"Saint Cloud","2500 block of 42nd Ave S",0,2,0,0,1,N/A
2742828,"October 29, 2023",Minnesota,"Minneapolis (Bloomington)","814 American Blvd E",0,1,0,0,0,N/A
2742837,"October 28, 2023",Minnesota,Minneapolis,"1117 S Marquette Ave",0,1,0,0,0,N/A
2741826,"October 28, 2023",Minnesota,"Minneapolis (Blaine)","118th Ave NE and Ulysses Street NE",0,1,0,0,0,N/A
2741822,"October 28, 2023",Minnesota,Minneapolis,"Nicollet Ave and W 15th St",0,1,0,0,0,N/A
2741828,"October 28, 2023",Minnesota,Mankato,"300 block of Balcerzak Dr",1,0,0,0,0,N/A
2741817,"October 27, 2023",Minnesota,Rochester,"842 21st Ave SE",0,1,0,0,1,N/A
2741835,"October 27, 2023",Minnesota,Pillager,N/A,0,0,0,1,0,N/A
2741386,"October 27, 2023",Minnesota,Minneapolis,"5701 S 28th Ave",0,1,0,0,0,N/A
2741380,"October 27, 2023",Minnesota,Minneapolis,"W 28th St",0,1,0,0,0,N/A
2741068,"October 26, 2023",Minnesota,"Prior Lake","15651 Skuya Dr NW",1,0,0,0,1,N/A
2737967,"October 25, 2023",Minnesota,"Minneapolis (New Hope)","5530 Zealand Ave N",0,0,0,0,0,N/A
2737658,"October 24, 2023",Minnesota,Minneapolis,"1301 W Broadway",0,1,0,0,0,N/A
2737997,"October 24, 2023",Minnesota,"Saint Paul (Roseville)","17855 Common Rd",0,0,0,0,0,N/A
2737662,"October 24, 2023",Minnesota,Minneapolis,"10th Ave S and Lake St E",0,1,0,0,0,N/A
2736665,"October 23, 2023",Minnesota,Minneapolis,"1900 block of 14th Ave S",0,1,0,0,0,N/A
2736002,"October 22, 2023",Minnesota,"Saint Paul","400 block of S Clinton Ave",1,0,0,0,1,N/A
2735630,"October 22, 2023",Minnesota,Minneapolis,"1500 block of W Broadway",0,1,0,0,0,N/A
2735634,"October 22, 2023",Minnesota,"Saint Cloud","700 block of 6th Ave S",1,2,0,0,1,N/A
2736288,"October 22, 2023",Minnesota,Bemidji,"County 9 Rd",0,1,0,0,0,N/A
2735644,"October 22, 2023",Minnesota,"Big Lake","18000 block of 118th St",0,1,0,0,0,N/A
2735668,"October 21, 2023",Minnesota,Minneapolis,"1500 block of Oliver Ave N",0,1,0,0,0,N/A
2734905,"October 21, 2023",Minnesota,Minneapolis,"3520 Penn Ave N",1,0,0,0,0,N/A
2735231,"October 21, 2023",Minnesota,Minneapolis,"1333 Nicollet Mall",0,2,0,0,0,N/A
2734404,"October 20, 2023",Minnesota,Rochester,"22 N Broadway Ave",0,1,0,0,1,N/A
2733705,"October 19, 2023",Minnesota,"Minneapolis (Brooklyn Park)","5700 Brookdale Dr",0,1,0,0,0,N/A
2731120,"October 16, 2023",Minnesota,Minneapolis,N/A,0,1,0,0,0,N/A
2731767,"October 16, 2023",Minnesota,Minneapolis,"N Sheridan Ave and Golden Valley Rd",0,2,0,0,0,N/A
2731816,"October 15, 2023",Minnesota,Welcome,"1300 block of 130th Ave",1,0,0,0,0,N/A
2730594,"October 15, 2023",Minnesota,"Saint Cloud","1200 block of E Saint Germain St",0,1,0,0,0,N/A
2730602,"October 15, 2023",Minnesota,Minneapolis,"400 block of N 3rd Ave",0,4,0,0,0,N/A
2731042,"October 15, 2023",Minnesota,"Saint Paul","674 Dodd Rd",0,1,0,0,0,N/A
2730025,"October 14, 2023",Minnesota,Minneapolis,"2800 block of Hennepin Ave",0,1,0,0,0,N/A
2730598,"October 14, 2023",Minnesota,"Saint Paul","927 Jackson St",0,3,0,0,0,N/A
2729879,"October 14, 2023",Minnesota,Minneapolis,"2500 block of 17th Ave S",1,0,0,0,0,N/A
2729437,"October 13, 2023",Minnesota,Minneapolis,"1500 block of N Penn Ave",0,1,0,0,0,N/A
2729444,"October 13, 2023",Minnesota,"Saint Paul","N Milton St and Aurora Ave",0,1,0,0,0,N/A
2729926,"October 13, 2023",Minnesota,Moorhead,"1900 block of 20th St S",0,1,0,0,0,N/A
2728246,"October 12, 2023",Minnesota,Princeton,"225 190th Ave NE",0,5,0,1,1,N/A
2727736,"October 11, 2023",Minnesota,"Saint Paul","University Ave W and Rice St",0,1,0,0,0,N/A
2726806,"October 9, 2023",Minnesota,Minneapolis,"2125 Glenwood Ave",0,1,0,0,0,N/A
2725942,"October 7, 2023",Minnesota,"Saint Paul","Maryland Ave E and Edgerton St",0,1,0,0,0,N/A
2725934,"October 7, 2023",Minnesota,Minneapolis,"100 block of E Lake St",0,1,0,0,0,N/A
2724955,"October 6, 2023",Minnesota,Minneapolis,"2923 Girard Ave S",0,3,0,0,0,N/A
2724961,"October 6, 2023",Minnesota,Harris,"42000 block of Elmcrest Ave",1,0,0,0,1,N/A
2723297,"October 4, 2023",Minnesota,Minneapolis,"W 28th St and Dupont Ave S",0,1,0,0,0,N/A
2723237,"October 4, 2023",Minnesota,"Saint Paul","1200 block of Hazelwood St",1,3,0,0,0,N/A
2723198,"October 4, 2023",Minnesota,"Saint Paul","740 Rose Ave W",0,0,0,0,1,N/A
2721402,"October 2, 2023",Minnesota,Minneapolis,"2500 block of Lyndale Ave S",0,1,0,0,0,N/A
2721076,"October 2, 2023",Minnesota,Minneapolis,"E 18th St and Nicollet Ave",0,1,0,0,0,N/A
2720671,"October 1, 2023",Minnesota,Minneapolis,"2500 block of Cedar Ave",0,2,0,0,0,N/A
2720369,"October 1, 2023",Minnesota,"Saint Paul","2100 block of Scenic Place",1,0,0,0,0,N/A
2720554,"October 1, 2023",Minnesota,Savage,"14900 block of Oakcrest Cir",1,0,0,0,0,N/A
2720384,"October 1, 2023",Minnesota,"Minneapolis (Brooklyn Park)","6308 Boone Ave N",0,2,0,0,0,N/A
2721084,"October 1, 2023",Minnesota,Minneapolis,N/A,0,1,0,0,0,N/A
2720679,"October 1, 2023",Minnesota,Minneapolis,"1400 block of Golden Valley Rd",0,1,0,0,0,N/A
2719759,"September 30, 2023",Minnesota,Minneapolis,"2600 Lyndale Ave S",0,1,0,0,0,N/A
2720387,"September 30, 2023",Minnesota,"Saint Paul",N/A,0,1,0,0,0,N/A
2719158,"September 29, 2023",Minnesota,Minneapolis,"3348 14th Ave S",0,1,0,0,0,N/A
2719163,"September 29, 2023",Minnesota,Minneapolis,"900 block of Portland Ave",0,1,0,0,0,N/A
2719764,"September 29, 2023",Minnesota,Minneapolis,"900 block of Portland Ave",0,1,0,0,0,N/A
2718094,"September 28, 2023",Minnesota,Duluth,"S 26th Ave E and London Rd",1,0,0,0,0,N/A
2718085,"September 27, 2023",Minnesota,"Granite Falls","35th Ave SE",0,0,0,1,0,N/A
2716649,"September 27, 2023",Minnesota,Minneapolis,"16th Ave S and E Lake St",0,1,0,0,0,N/A
2716736,"September 26, 2023",Minnesota,Duluth,"1000 block of 86th Ave W",0,0,1,0,0,N/A
2715896,"September 26, 2023",Minnesota,Minneapolis,"3240 W Lake St",0,1,0,0,0,N/A
2715781,"September 26, 2023",Minnesota,Minneapolis,N/A,0,1,0,0,0,N/A
2715900,"September 26, 2023",Minnesota,Minneapolis,"2400 block of 16th Ave S",1,0,0,0,1,N/A
2719440,"September 25, 2023",Minnesota,Roosevelt,N/A,1,1,0,0,0,N/A
2715420,"September 25, 2023",Minnesota,Minneapolis,"E 46th St and Snelling Ave",0,1,0,0,0,N/A
2715431,"September 25, 2023",Minnesota,"Saint Paul (Roseville)","1240 County Rd B2 W",0,0,0,0,1,N/A
2715428,"September 25, 2023",Minnesota,"Saint Paul (Roseville)","1240 County Rd B2 W",0,0,0,0,1,N/A
2715549,"September 25, 2023",Minnesota,"Saint Paul","500 block of Hatch Ave W",0,1,0,0,0,N/A
2714588,"September 24, 2023",Minnesota,"Saint Paul (White Bear Lake)","3200 White Bear Ave",0,1,0,1,2,N/A
2719176,"September 23, 2023",Minnesota,Minneapolis,"Bloomington Ave and E 24th St",0,1,0,0,1,N/A
2713851,"September 23, 2023",Minnesota,"Saint Paul (Roseville)","1615 Eldridge Ave W",1,0,1,0,0,N/A
2713245,"September 22, 2023",Minnesota,"Saint Paul","1000 block of Hudson Rd",1,0,0,0,0,N/A
2713882,"September 22, 2023",Minnesota,Minneapolis,"Lake St and Lyndale Ave",0,4,0,0,0,N/A
2713251,"September 21, 2023",Minnesota,"Saint Paul","1200 block of Hazelwood St",0,1,0,0,0,N/A
2711680,"September 20, 2023",Minnesota,Minneapolis,N/A,0,1,0,0,0,N/A
2711677,"September 20, 2023",Minnesota,Minneapolis,"328 W Broadway",1,1,0,0,0,N/A
2711324,"September 20, 2023",Minnesota,"Saint Paul","444 Maryland Ave W",0,1,0,0,0,N/A
2709584,"September 18, 2023",Minnesota,"Saint Paul","Selby Ave and N Fisk St",0,1,0,0,0,N/A
2708705,"September 17, 2023",Minnesota,Minneapolis,"2001 Lyndale Ave S",0,1,0,0,0,N/A
2707572,"September 15, 2023",Minnesota,Mankato,"240 Stadium Rd",0,1,0,0,0,N/A
2706923,"September 14, 2023",Minnesota,Chanhassen,"18832 Lake Dr E",1,0,0,0,0,N/A
2709556,"September 14, 2023",Minnesota,"Minneapolis (Edina)","6754 Valley View Rd",0,0,0,0,1,N/A
2704455,"September 11, 2023",Minnesota,Minneapolis,"1900 block of E 22nd St",0,1,0,0,0,N/A
2703529,"September 9, 2023",Minnesota,"Saint Paul","629 Rice St",0,1,0,0,1,N/A
2702347,"September 8, 2023",Minnesota,Minneapolis,"Cedar Ave and E 32nd St",0,1,0,0,1,N/A
2702350,"September 8, 2023",Minnesota,Minneapolis,"W 29th St and Fremont Ave S",1,0,0,0,0,N/A
2701484,"September 7, 2023",Minnesota,Minneapolis,"100 block of 27th Ave SE",0,1,0,0,0,N/A
2701387,"September 6, 2023",Minnesota,"Minneapolis (Brooklyn Park)","7298 72nd Ln N",1,0,0,0,1,N/A
2701389,"September 6, 2023",Minnesota,Mankato,"300 block of Louva Ln",0,1,0,0,1,N/A
2701392,"September 5, 2023",Minnesota,"Saint Paul","Rice St",0,1,0,0,0,N/A
2700287,"September 5, 2023",Minnesota,Minneapolis,"E 36th St and Chicago Ave",0,1,0,0,0,N/A
2700706,"September 5, 2023",Minnesota,"Pequot Lakes (Breezy Point)","8094 Whitebirch Dr",2,0,1,0,0,N/A
2698762,"September 4, 2023",Minnesota,Minneapolis,"N 26th Ave and N Girard Ave",0,1,0,0,0,N/A
2698748,"September 4, 2023",Minnesota,Minneapolis,"1500 block of Laurel Ave",0,1,0,0,0,N/A
2699140,"September 4, 2023",Minnesota,Minneapolis,"Lowry Ave N and N Penn Ave",0,1,0,0,0,N/A
2698178,"September 3, 2023",Minnesota,"Saint Paul","Sherburne Ave and N Mackubin St",1,0,0,0,0,N/A
2698352,"September 2, 2023",Minnesota,"Saint Paul","Chambers St and Carnes Ave",0,1,0,0,0,N/A
2697628,"September 2, 2023",Minnesota,Minneapolis,N/A,0,1,0,0,0,N/A
2697440,"September 2, 2023",Minnesota,Minneapolis,"800 block of NE Main St",1,0,0,0,0,N/A
2696900,"September 1, 2023",Minnesota,Minneapolis,"2nd St S and 11th Ave S",0,1,0,0,0,N/A
2696737,"September 1, 2023",Minnesota,Crosslake,"30000 block of Aspen Way",0,1,0,0,0,N/A
2696897,"September 1, 2023",Minnesota,Minneapolis,"E 19th St and Chicago Ave",0,1,0,0,0,N/A
2694840,"August 29, 2023",Minnesota,"Minneapolis (Brooklyn Park)","10000 block of Zane Ave N",0,1,0,0,0,N/A
2694409,"August 29, 2023",Minnesota,Minneapolis,"N 29th Ave and N Oliver Ave",0,1,0,0,0,N/A
2694403,"August 29, 2023",Minnesota,Minneapolis,"900 block of 22nd Ave S",0,1,0,0,0,N/A
2694774,"August 28, 2023",Minnesota,Warroad,"34900 576th Ave",1,0,0,0,1,N/A
2693415,"August 28, 2023",Minnesota,"Minneapolis (Brooklyn Park)","7500 block of Fremont Ave N",0,1,0,0,0,N/A
2693421,"August 28, 2023",Minnesota,Minneapolis,"919 E Lake St",0,1,0,0,0,N/A
2692172,"August 27, 2023",Minnesota,Minneapolis,"15th Ave S and E Lake St",0,1,0,0,0,N/A
2692396,"August 27, 2023",Minnesota,"Minneapolis (Brooklyn Park)","5800 block of 73rd Ave N",0,1,0,0,0,N/A
2705901,"August 27, 2023",Minnesota,"Minneapolis (Bloomington)","2801 Southtown Dr",0,1,0,0,0,N/A
2690685,"August 25, 2023",Minnesota,Minneapolis,"2000 block of N Irving Ave",0,2,0,0,0,N/A
2687778,"August 22, 2023",Minnesota,"Saint Paul","300 block of Atwater St",0,1,0,1,1,N/A
2686221,"August 20, 2023",Minnesota,Minneapolis,"814 E Franklin Ave",0,8,0,0,0,N/A
2686448,"August 20, 2023",Minnesota,Minneapolis,"N Queen Ave and W Broadway",0,1,0,0,0,N/A
2685551,"August 19, 2023",Minnesota,"Saint Paul","1500 block of Charles Ave",0,1,0,0,0,N/A
2685342,"August 19, 2023",Minnesota,Minneapolis,"1st Ave NE and 4th St NE",0,2,0,0,0,N/A
2685346,"August 18, 2023",Minnesota,"Minneapolis (Brooklyn Park)","5805 73rd Ave N",1,0,0,0,1,N/A
2682097,"August 15, 2023",Minnesota,Minneapolis,"36th Ave N and N Oliver Ave",0,1,0,0,0,N/A
2682632,"August 15, 2023",Minnesota,"Inver Grove Heights","5300 block of Audobon Ave",0,1,0,0,0,N/A
2681627,"August 14, 2023",Minnesota,"Saint Paul","2 Wabasha St",1,0,0,0,2,N/A
2680693,"August 14, 2023",Minnesota,Minneapolis,"3800 block of Snelling Ave",0,1,0,0,0,N/A
2682802,"August 13, 2023",Minnesota,Willmar,"1400 block of 24th St NW",0,0,0,0,0,N/A
2680295,"August 13, 2023",Minnesota,Minneapolis,"1500 Nicollet Ave",1,2,0,0,0,N/A
2679926,"August 13, 2023",Minnesota,Minneapolis,"1300 block of N Washington Ave",0,1,0,0,0,N/A
2679714,"August 12, 2023",Minnesota,"Minneapolis (Brooklyn Park)","8300 block of Zane Ave N",0,1,0,0,0,N/A
2678825,"August 11, 2023",Minnesota,Minneapolis,"2220 16th Ave S",1,6,0,0,0,N/A
2679497,"August 11, 2023",Minnesota,Minneapolis,"4300 block of N Colfax Ave",0,1,0,0,2,N/A
2678395,"August 10, 2023",Minnesota,"Minneapolis (Brooklyn Park)","8400 block of Regent Ave N",0,1,0,0,0,N/A
2677304,"August 10, 2023",Minnesota,Minneapolis,"2200 block of Snelling Ave",0,1,0,0,0,N/A
2677302,"August 10, 2023",Minnesota,Minneapolis,N/A,0,1,0,0,0,N/A
2676241,"August 9, 2023",Minnesota,Minneapolis,"N Thomas Ave and Oak Park Ave N",1,0,0,0,1,N/A
2675049,"August 8, 2023",Minnesota,Minneapolis,"1801 N James Ave",0,1,0,0,0,N/A
2675053,"August 8, 2023",Minnesota,Minneapolis,"W 28th St and Garfield Ave",0,1,0,0,0,N/A
2677229,"August 8, 2023",Minnesota,Hinckley,"500 block of 1st St SW",1,0,0,0,0,N/A
2675300,"August 8, 2023",Minnesota,Minneapolis,"Cedar Ave and E Franklin Ave",0,1,0,0,0,N/A
2675055,"August 8, 2023",Minnesota,Minneapolis,"727 E 18th St",0,3,0,0,0,N/A
2675912,"August 7, 2023",Minnesota,"North Branch","6200 block of 300th Ave NE",1,0,0,0,0,N/A
2675094,"August 7, 2023",Minnesota,Minneapolis,"1400 block of N Morgan Ave",0,1,0,0,0,N/A
2673095,"August 6, 2023",Minnesota,Minneapolis,"1713 E Lake St",1,1,0,0,0,N/A
2672454,"August 5, 2023",Minnesota,"Saint Paul","200 block of Stinson St W",1,0,0,0,1,N/A
2672037,"August 4, 2023",Minnesota,Minneapolis,"2500 block of Hennepin Ave",0,1,0,0,0,N/A
2705207,"August 3, 2023",Minnesota,Minneapolis,"2800 block of 29th Ave S",1,0,1,0,0,N/A
2670132,"August 2, 2023",Minnesota,Duluth,"2500 block of W 2nd St",1,1,0,0,2,N/A
2670622,"August 2, 2023",Minnesota,"Saint Paul","90 block of Manitoba Ave W",0,0,1,1,1,N/A
2670135,"August 1, 2023",Minnesota,Minneapolis,"3700 block of Newton Ave N",0,1,0,0,0,N/A
2668700,"July 31, 2023",Minnesota,Minneapolis,"5600 Chicago Ave",0,1,0,0,0,N/A
2670148,"July 31, 2023",Minnesota,"Saint Paul","399 Lexington Pkwy N",0,0,0,0,0,N/A
2668347,"July 31, 2023",Minnesota,Minneapolis,"I-94 and N 42nd Ave",0,0,1,0,0,N/A
2667077,"July 30, 2023",Minnesota,Minneapolis,"2518 N 2nd St",1,0,0,0,0,N/A
2667098,"July 29, 2023",Minnesota,Minneapolis,"Cedar Ave S and E Franklin Ave",0,1,0,0,0,N/A
2665969,"July 28, 2023",Minnesota,"Saint Paul","532 White Bear Ave N",0,1,0,0,0,N/A
2665083,"July 27, 2023",Minnesota,Minneapolis,"2838 Fremont Ave S",0,1,0,0,0,N/A
2664985,"July 27, 2023",Minnesota,"Saint Paul","3rd St E and Earl St",1,0,0,0,1,N/A
2664967,"July 26, 2023",Minnesota,"Deer River",N/A,0,1,0,0,0,N/A
2663732,"July 26, 2023",Minnesota,Minneapolis,"3000 block of Emerson Ave N",0,2,0,0,0,N/A
2663743,"July 26, 2023",Minnesota,Minneapolis,"2100 block of Minnehaha Ave",0,1,0,0,0,N/A
2663496,"July 25, 2023",Minnesota,"Saint Paul","Earl St and Mounds Blvd",0,1,0,0,0,N/A
2661474,"July 23, 2023",Minnesota,Minneapolis,"2700 block of N Aldrich Ave",0,1,0,0,0,N/A
2661372,"July 23, 2023",Minnesota,Minneapolis,"3114 E 58th St",1,1,0,0,1,N/A
2661356,"July 23, 2023",Minnesota,Minneapolis,"E 22nd St and Bloomington Ave",0,1,0,0,0,N/A
2661383,"July 22, 2023",Minnesota,Minneapolis,"Nicollet Ave and E Franklin Ave",0,1,0,0,0,N/A
2660482,"July 22, 2023",Minnesota,Minneapolis,"1808 E Franklin Ave",0,1,0,0,0,N/A
2659829,"July 21, 2023",Minnesota,Minneapolis,"Nicollet Ave and E 28th St",1,0,0,0,0,N/A
2659962,"July 21, 2023",Minnesota,Minneapolis,"500 block of W Lake St",0,1,0,0,0,N/A
2656814,"July 18, 2023",Minnesota,"Minneapolis (Fridley)","500 block of Medtronic Pkwy NE",0,0,0,1,0,N/A
2657111,"July 17, 2023",Minnesota,Perham,"428th St",1,0,0,0,1,N/A
2655561,"July 17, 2023",Minnesota,Minneapolis,"W 25th St and Girard Ave S",1,0,0,0,0,N/A
2656852,"July 17, 2023",Minnesota,"Minneapolis (Blaine)","3600 block of 91st Ct NE",0,1,0,0,0,N/A
2655598,"July 17, 2023",Minnesota,Minneapolis,"1600 block of Hillside Ave N",0,1,0,0,0,N/A
2653153,"July 14, 2023",Minnesota,Minneapolis,"1801 N James Ave",0,1,0,0,0,N/A
2652821,"July 12, 2023",Minnesota,"Saint Cloud","933 Jeffrey Ct",1,0,1,0,0,N/A
2650865,"July 11, 2023",Minnesota,"Saint Paul","900 block of Case Ave E",0,1,0,0,0,N/A
2649859,"July 11, 2023",Minnesota,Minneapolis,"Stevens Ave and E 31st St",0,1,0,0,0,N/A
2648913,"July 10, 2023",Minnesota,Minneapolis,"W 29th St and Nicollet Ave",0,1,0,0,0,N/A
2649303,"July 10, 2023",Minnesota,Minneapolis,"600 block of SE Main St",0,1,0,0,0,N/A
2650834,"July 9, 2023",Minnesota,Atwater,"300 block of Main St S",0,1,0,0,0,N/A
2647385,"July 8, 2023",Minnesota,Minneapolis,"2100 block of 10th Ave S",0,1,0,0,0,N/A
2647381,"July 8, 2023",Minnesota,Virginia,"600 block of 9th St S",0,1,0,0,1,N/A
2647647,"July 8, 2023",Minnesota,Minneapolis,"4500 block of Tyler St NE",0,2,0,0,1,N/A
2647655,"July 7, 2023",Minnesota,Minneapolis,N/A,0,1,0,0,0,N/A
2645745,"July 6, 2023",Minnesota,Minneapolis,"38th Ave N and N Colfax Ave",0,2,0,0,0,N/A
2643975,"July 5, 2023",Minnesota,Minneapolis,"1300 block of Olson Memorial Hwy",1,0,0,0,1,N/A
2644027,"July 5, 2023",Minnesota,"Saint Paul (Oakdale)","1200 block of Glenbrook Ave N",0,0,1,0,0,N/A
2644135,"July 5, 2023",Minnesota,Minneapolis,"35th Ave NE and Central Ave NE",0,1,0,0,0,N/A
2644131,"July 5, 2023",Minnesota,Minneapolis,"503 N Irving Ave",0,1,0,0,0,N/A
2644129,"July 5, 2023",Minnesota,Minneapolis,"2300 block of N Penn Ave",0,1,0,0,0,N/A
2644035,"July 5, 2023",Minnesota,"Saint Paul","1600 block of Maryland Ave E",0,1,0,0,0,N/A
2642827,"July 4, 2023",Minnesota,"Saint Paul","1300 block of Western Ave N",0,1,0,0,0,N/A
2642383,"July 3, 2023",Minnesota,Minneapolis,"1808 E Franklin Ave",1,1,0,0,1,N/A
2642843,"July 3, 2023",Minnesota,Truman,N/A,0,4,0,0,1,N/A
2641586,"July 3, 2023",Minnesota,"Minneapolis (Brooklyn Center)","1300 Shingle Creek Pkwy",1,0,1,0,0,N/A
2641624,"July 3, 2023",Minnesota,Minneapolis,"3000 block of Bryant Ave S",1,0,0,0,0,N/A
2640671,"July 2, 2023",Minnesota,"Saint Paul","1700 block of Case Ave E",0,1,0,0,0,N/A
2640879,"July 1, 2023",Minnesota,Minneapolis,"2900 block of Pillsbury Ave",0,1,0,0,0,N/A
2639965,"July 1, 2023",Minnesota,Austin,"113 2nd Ave NE",0,2,0,0,1,N/A
2641127,"July 1, 2023",Minnesota,Minneapolis,"NE 27th Ave and Grand St NE",0,1,0,0,0,N/A
2641123,"July 1, 2023",Minnesota,Minneapolis,"3900 block of N Lyndale Ave",0,1,0,0,0,N/A
2639359,"June 30, 2023",Minnesota,"Minneapolis (New Hope)","W Broadway and 62nd Ave N",0,1,0,0,0,N/A
2639862,"June 30, 2023",Minnesota,Minneapolis,"1500 block of 7th St S",0,1,0,0,0,N/A
2638553,"June 29, 2023",Minnesota,Minneapolis,"100 Portland Ave",0,1,0,0,0,N/A
2636572,"June 27, 2023",Minnesota,Minneapolis,"740 E 17th St",0,1,0,0,0,N/A
2645619,"June 26, 2023",Minnesota,Pillager,"Brook Ln SW",1,0,1,0,0,N/A
2636637,"June 26, 2023",Minnesota,"Saint Paul",N/A,0,1,0,0,0,N/A
2636599,"June 26, 2023",Minnesota,Minneapolis,"1700 block of E Franklin Ave",0,1,0,0,0,N/A
2635281,"June 25, 2023",Minnesota,Minneapolis,"Lowry Ave N and Logan Ave N",0,1,0,0,0,N/A
2635394,"June 25, 2023",Minnesota,"Pine Point","Shinob Trl",1,0,0,0,1,N/A
2635031,"June 25, 2023",Minnesota,Minneapolis,"2015 Chicago Ave",1,0,0,0,0,N/A
2633890,"June 23, 2023",Minnesota,Minneapolis,"Fremont Ave N and 34th Ave N",0,1,0,0,1,N/A
2634254,"June 23, 2023",Minnesota,Moorhead,"900 block of 19th St S",1,0,0,0,0,N/A
2631994,"June 21, 2023",Minnesota,Minneapolis,N/A,0,1,0,0,0,N/A
2632000,"June 21, 2023",Minnesota,"Saint Paul","Cliff St and W Superior St",0,3,0,1,1,N/A
2632020,"June 21, 2023",Minnesota,"Saint Joseph","200 block of Able St E",0,0,0,1,1,N/A
2631522,"June 21, 2023",Minnesota,"Saint Paul (Maplewood)","1900 block of Ripley Ave",0,1,0,0,1,N/A
2631119,"June 20, 2023",Minnesota,"Saint Paul","800 block of Bradley St",0,1,0,0,0,N/A
2630710,"June 20, 2023",Minnesota,Minneapolis,"3025 12th Ave S",1,0,0,0,0,N/A
2630017,"June 19, 2023",Minnesota,"Saint Paul (North Saint Paul)","2145 McKnight Rd N",1,0,0,0,1,N/A
2630522,"June 19, 2023",Minnesota,Minneapolis,"N Dowling Ave and N 6th St",1,0,0,0,0,N/A
2629362,"June 18, 2023",Minnesota,"Minneapolis (Brooklyn Center)","5300 block of N Bryant Ave",1,0,0,0,0,N/A
2629456,"June 18, 2023",Minnesota,"Saint Paul (New Brighton)","7th St NW and Inca Ln",0,1,0,0,0,N/A
2629444,"June 18, 2023",Minnesota,"Saint Paul","800 block of Case Ave",0,1,0,0,0,N/A
2628678,"June 17, 2023",Minnesota,Minneapolis,"N 41st Ave and N Colfax Ave",0,1,0,0,0,N/A
2624950,"June 14, 2023",Minnesota,Minneapolis,"2150 W River Pkwy",0,1,0,0,0,N/A
2625566,"June 14, 2023",Minnesota,Minneapolis,"110 E Lake St",0,1,0,0,0,N/A
2624305,"June 13, 2023",Minnesota,Minneapolis,"17th St E and Chicago Ave S",0,1,0,0,0,N/A
2624168,"June 13, 2023",Minnesota,Minneapolis,"1600 block of N 22nd Ave",0,1,0,0,0,N/A
2624088,"June 13, 2023",Minnesota,"Minneapolis (Brooklyn Park)","County Rd 81 and 85th Ave N",0,1,0,0,0,N/A
2624136,"June 13, 2023",Minnesota,"Saint Paul","1000 block of 5th St E",0,1,0,0,0,N/A
2624584,"June 13, 2023",Minnesota,Minneapolis,"1000 block of N Irving Ave",0,1,0,0,0,N/A
2622297,"June 11, 2023",Minnesota,Minneapolis,"700 block of Cedar Ave",0,0,1,0,0,N/A
2622428,"June 11, 2023",Minnesota,Minneapolis,"2700 block of Colfax Ave S",0,1,0,0,0,N/A
2622365,"June 11, 2023",Minnesota,"Minneapolis (Brooklyn Park)","8578 Edinburgh Centre Dr",1,0,0,0,0,N/A
2622307,"June 10, 2023",Minnesota,Minneapolis,"2700 block of Blaisdell Ave",1,0,0,0,0,N/A
2632728,"June 9, 2023",Minnesota,"Deer River","500 block of 4th St SE",1,0,0,0,1,N/A
2621531,"June 9, 2023",Minnesota,Austin,"701 4th St NW",1,2,0,0,3,N/A
2621492,"June 9, 2023",Minnesota,Minneapolis,"3600 block of Penn Ave N",1,0,0,0,0,N/A
2620323,"June 8, 2023",Minnesota,"Saint Paul","1200 block of E McLean Ave",0,1,0,0,0,N/A
2620317,"June 8, 2023",Minnesota,Minneapolis,"1800 block of Chicago Ave",0,2,0,0,0,N/A
2620218,"June 7, 2023",Minnesota,"Saint Paul","1171 White Bear Ave",1,0,0,0,1,N/A
2619228,"June 7, 2023",Minnesota,Minneapolis,"N 22nd Ave and Dupont Ave N",0,1,0,0,0,N/A
2619203,"June 6, 2023",Minnesota,"Minneapolis (Brooklyn Park)","Zane Ave N and 65th Ave N",0,1,0,0,0,N/A
2618188,"June 6, 2023",Minnesota,Minneapolis,N/A,0,2,0,0,0,N/A
2617614,"June 5, 2023",Minnesota,Minneapolis,"800 block of N 27th Ave",0,1,0,0,0,N/A
2616558,"June 4, 2023",Minnesota,Minneapolis,"2800 block of Fremont Ave N",0,1,0,0,0,N/A
2616700,"June 4, 2023",Minnesota,Minneapolis,"N 8th Ave and N Penn Ave",0,1,0,0,0,N/A
2615398,"June 3, 2023",Minnesota,Austin,"1110 4th Ave NW",0,1,0,0,1,N/A
2615850,"June 3, 2023",Minnesota,Minneapolis,"2024 Washington Ave",0,1,0,0,0,N/A
2615026,"June 2, 2023",Minnesota,"Saint Paul","700 block of Bedford St",0,1,0,0,1,N/A
2614870,"June 2, 2023",Minnesota,"Minneapolis (Brooklyn Park)","9500 block of Thomas Ave N",1,0,0,0,1,N/A
2615013,"June 2, 2023",Minnesota,"Minneapolis (Golden Valley)","3130 Glenwood Ave",0,2,0,0,0,N/A
2612995,"May 31, 2023",Minnesota,Minneapolis,N/A,0,1,0,0,0,N/A
2614121,"May 30, 2023",Minnesota,"Duluth (Hermantown)","4740 Loberg Ave",0,0,0,1,0,N/A
2614153,"May 30, 2023",Minnesota,Owatonna,"600 block of Florence Ave",1,0,0,0,1,N/A
2611525,"May 29, 2023",Minnesota,"Minneapolis (Robbinsdale)","3300 block of Grimes Ave N",1,0,0,0,1,N/A
2611572,"May 29, 2023",Minnesota,Minneapolis,"3734 N Bryant Ave",1,0,0,0,0,N/A
2610425,"May 27, 2023",Minnesota,Minneapolis,"2830 block of Emerson Ave S",0,2,0,0,0,N/A
2607995,"May 25, 2023",Minnesota,Duluth,"6700 block of Redruth St",0,1,0,0,0,N/A
2606859,"May 24, 2023",Minnesota,Minneapolis,N/A,0,1,0,0,0,N/A
2605108,"May 22, 2023",Minnesota,"Minneapolis (Fridley)","630 Osborne Rd NE",0,1,0,0,1,N/A
2604875,"May 22, 2023",Minnesota,Minneapolis,"E Franklin Ave and Cedar Ave",0,1,0,0,0,N/A
2604264,"May 21, 2023",Minnesota,Savage,"14347 Joppa Ave S",0,2,0,0,0,N/A
2603807,"May 21, 2023",Minnesota,Minneapolis,"3700 block of Aldrich Ave S",0,2,0,0,0,N/A
2604030,"May 21, 2023",Minnesota,Minneapolis,"2000 block of S 9th St",0,1,0,0,0,N/A
2604005,"May 21, 2023",Minnesota,Minneapolis,"2500 block of N 2nd St",0,1,0,0,0,N/A
2603086,"May 20, 2023",Minnesota,"Saint Paul","600 block of Arlington Ave E",0,0,1,0,0,N/A
2603153,"May 20, 2023",Minnesota,Minneapolis,"3012 Lyndale Ave S",0,1,0,0,0,N/A
2603158,"May 20, 2023",Minnesota,"Saint Paul","White Bear Ave and Sherwood Ave",0,2,0,0,0,N/A
2603614,"May 20, 2023",Minnesota,Minneapolis,"1840 N Penn Ave",0,1,0,0,0,N/A
2610439,"May 19, 2023",Minnesota,Minneapolis,"Nicollet Ave and E Grant St",0,2,0,0,1,N/A
2604028,"May 15, 2023",Minnesota,"Fergus Falls","1801 W Lincoln Ave",0,0,0,0,1,N/A
2597988,"May 14, 2023",Minnesota,Minneapolis,"2100 block of N 27th Ave",0,1,0,0,0,N/A
2597723,"May 13, 2023",Minnesota,"Saint Paul","1000 block of Pacific St",1,0,0,0,0,N/A
2599931,"May 13, 2023",Minnesota,Minneapolis,"1000 block of N Morgan Ave",1,0,0,0,0,N/A
2598351,"May 13, 2023",Minnesota,Duluth,"100 block of E 3rd St",0,1,0,0,1,N/A
2596823,"May 12, 2023",Minnesota,Minneapolis,"Chicago Ave and E 16th St",0,1,0,0,0,N/A
2596825,"May 12, 2023",Minnesota,Minneapolis,"N James Ave and N 43rd Ave",0,1,0,0,0,N/A
2596833,"May 12, 2023",Minnesota,Minneapolis,N/A,0,1,0,0,0,N/A
2597727,"May 12, 2023",Minnesota,"Minneapolis (Brooklyn Park)","5700 Brookdale Dr N",1,0,0,0,1,N/A
2595513,"May 10, 2023",Minnesota,"Saint Paul","600 block of Western Ave N",0,1,0,0,0,N/A
2594197,"May 10, 2023",Minnesota,Minneapolis,"400 block of W Franklin Ave",0,1,0,0,0,N/A
2594368,"May 9, 2023",Minnesota,Minnetonka,"15000 block of Woodgate Rd S",0,1,0,0,1,N/A
2593666,"May 9, 2023",Minnesota,"Minneapolis (Saint Anthony)","3700 Silver Lake Rd NE",0,1,0,0,0,N/A
2593097,"May 9, 2023",Minnesota,Minneapolis,"4700 block of N Bryant Ave",0,1,0,0,0,N/A
2592522,"May 8, 2023",Minnesota,Minneapolis,"1600 block of Hillside Ave N",1,0,0,1,2,N/A
2591768,"May 8, 2023",Minnesota,Minneapolis,"15 W Diamond Lake Rd",0,1,0,0,0,N/A
2591437,"May 7, 2023",Minnesota,"Saint Paul","501 Blair Ave",0,2,0,0,0,N/A
2591440,"May 7, 2023",Minnesota,Minneapolis,"2500 block of N 3rd St",0,1,0,0,0,N/A
2590687,"May 6, 2023",Minnesota,Minneapolis,"2200 block of E Lake St",0,1,0,0,1,N/A
2590679,"May 6, 2023",Minnesota,Minneapolis,"2300 block of Queen Ave N",0,1,0,0,0,N/A
2589970,"May 6, 2023",Minnesota,"Saint Paul","2300 block of Chilcombe Ave",1,0,0,0,1,N/A
2588059,"May 3, 2023",Minnesota,Mankato,"1351 S Riverfront Dr",0,0,0,0,1,N/A
2588052,"May 3, 2023",Minnesota,"Bayport (Baytown Township)","Northbrook Blvd N and 51st St N",0,1,0,0,0,N/A
2588044,"May 3, 2023",Minnesota,Minneapolis,"E Lake St and Hiawatha Ave",0,1,0,0,0,N/A
2586940,"May 2, 2023",Minnesota,Minneapolis,"700 block of Quincy St NE",1,0,0,0,0,N/A
2587574,"May 2, 2023",Minnesota,"Saint Paul","235 Marshall Ave",0,0,0,1,0,N/A
2587676,"May 2, 2023",Minnesota,"Saint Paul","962 Burr St N",0,1,0,0,0,N/A
2586781,"May 2, 2023",Minnesota,"Saint Paul (Roseville)","220 block of Larpenteur Ave W",1,0,0,0,0,N/A
2586729,"May 1, 2023",Minnesota,Minneapolis,"1700 block of Plymouth Ave N",0,1,0,0,0,N/A
2586192,"April 30, 2023",Minnesota,Minneapolis,"3700 block of Fremont Ave N",0,1,0,0,0,N/A
2585212,"April 30, 2023",Minnesota,Minneapolis,"N 41st Ave and N Aldrich Ave",0,1,0,0,0,N/A
2585110,"April 29, 2023",Minnesota,Minneapolis,"127 E 59th St",0,1,0,0,0,N/A
2583838,"April 28, 2023",Minnesota,Minneapolis,"Hillside Ave N and N Ilion Ave",0,1,0,0,0,N/A
2583848,"April 27, 2023",Minnesota,Minneapolis,"3200 block of N Lyndale Ave",0,1,0,0,0,N/A
2582812,"April 27, 2023",Minnesota,Minneapolis,"3700 block of Dupont Ave N",0,0,1,0,0,N/A
2582844,"April 27, 2023",Minnesota,Minneapolis,"2100 block of N Bryant Ave",1,1,0,0,0,N/A
2582957,"April 27, 2023",Minnesota,Minneapolis,"906 W Broadway Ave",1,0,0,0,0,N/A
2582799,"April 26, 2023",Minnesota,Minneapolis,"2300 block of N 4th St",1,0,0,0,0,N/A
2580950,"April 25, 2023",Minnesota,"Saint Paul","800 block of Hyacinth Ave E",0,1,0,0,1,N/A
2580564,"April 24, 2023",Minnesota,Minneapolis,"3100 block of S 15th Ave",0,1,0,0,0,N/A
2600121,"April 23, 2023",Minnesota,Minneapolis,"2600 N 44th Ave",0,0,0,0,1,N/A
2579464,"April 23, 2023",Minnesota,"Cass Lake","164th St NW",0,1,0,0,0,N/A
2579432,"April 23, 2023",Minnesota,Minneapolis,"2927 N Irving Ave",0,1,0,0,0,N/A
2579617,"April 23, 2023",Minnesota,"Minneapolis (Brooklyn Center)","7200 block of Unity Ave N",1,0,0,0,1,N/A
2579056,"April 22, 2023",Minnesota,Minneapolis,"4800 block of Girard Ave N",0,1,0,0,0,N/A
2579053,"April 22, 2023",Minnesota,"Saint Paul","932 Arcade St",0,1,0,0,0,N/A
2578117,"April 21, 2023",Minnesota,"Minneapolis (Brooklyn Park)","5800 block of 74th Ave N",0,1,0,0,0,N/A
2577550,"April 20, 2023",Minnesota,"Saint Paul (Falcon Heights)","1600 block of Snelling Ave N",0,1,0,0,0,N/A
2575801,"April 18, 2023",Minnesota,Minneapolis,"1819 Nicollet Ave",1,0,0,0,1,N/A
2575832,"April 18, 2023",Minnesota,Minneapolis,"Chicago Ave and E Franklin Ave",0,3,0,0,0,N/A
2575649,"April 18, 2023",Minnesota,"Saint Paul","MN-5 and Birmingham St",1,0,1,0,0,N/A
2573989,"April 16, 2023",Minnesota,Minneapolis,"2800 block of 27th Ave S",0,1,0,0,0,N/A
2575706,"April 16, 2023",Minnesota,Brainerd,"SW 8th St and W College Dr",0,1,0,0,1,N/A
2573052,"April 15, 2023",Minnesota,Minneapolis,"1900 block of Stevens Ave S",0,1,0,0,0,N/A
2573290,"April 15, 2023",Minnesota,Cyrus,"400 block of N Stromen St",1,2,1,0,0,N/A
2572620,"April 15, 2023",Minnesota,Minneapolis,"14th Ave S and E 18th Ave",0,1,0,0,0,N/A
2572375,"April 14, 2023",Minnesota,"Saint Paul","Suburban Ave and Kennard St N",0,1,0,0,0,N/A
2571943,"April 14, 2023",Minnesota,Minneapolis,"E Lake St and Stevens Ave",0,2,0,0,1,N/A
2572357,"April 13, 2023",Minnesota,Minneapolis,"E 24th St and S 17th Ave",0,1,0,0,0,N/A
2572351,"April 13, 2023",Minnesota,Minneapolis,"1801 N James Ave",0,1,0,0,0,N/A
2571301,"April 13, 2023",Minnesota,Minneapolis,"N Bryant Ave and N 41st Ave",0,1,0,0,0,N/A
2571076,"April 13, 2023",Minnesota,Mankato,"1800 block of Monks Ave",0,1,0,0,0,N/A
2569857,"April 11, 2023",Minnesota,"Saint Paul","900 block of Payne Ave",0,1,0,0,1,N/A
2569733,"April 11, 2023",Minnesota,"Minneapolis (Brooklyn Park)","3600 block of Brookdale Dr N",0,1,0,2,3,N/A
2569527,"April 11, 2023",Minnesota,Minneapolis,"2600 W Broadway Ave",0,1,0,0,0,N/A
2569170,"April 10, 2023",Minnesota,Minneapolis,"34th Ave N and N Newton Ave",0,1,0,0,0,N/A
2569177,"April 10, 2023",Minnesota,"Granite Falls","11th Ave and Bergeson Dr",0,1,0,0,1,N/A
2569539,"April 10, 2023",Minnesota,Minneapolis,"E 19th St and Nicollet Ave",1,0,0,0,0,N/A
2567793,"April 9, 2023",Minnesota,Minneapolis,"1806 Russell Ave N",1,0,0,0,1,N/A
2567786,"April 9, 2023",Minnesota,Minneapolis,N/A,0,1,0,0,0,N/A
2567290,"April 8, 2023",Minnesota,"Saint Paul","2200 block of Hillsdale Ave",1,0,0,0,0,N/A
2567436,"April 8, 2023",Minnesota,Minneapolis,N/A,0,1,0,0,0,N/A
2567433,"April 8, 2023",Minnesota,Minneapolis,N/A,0,1,0,0,0,N/A
2566588,"April 7, 2023",Minnesota,Minneapolis,"1808 E Franklin Ave",0,1,0,0,0,N/A
2567438,"April 7, 2023",Minnesota,"Saint Paul","Summit Ave and Avon St",0,1,0,0,0,N/A
2565907,"April 6, 2023",Minnesota,Minneapolis,"1120 W Broadway Ave",0,1,0,0,0,N/A
2565905,"April 6, 2023",Minnesota,"Saint Paul","444 Maryland Ave W",0,2,0,0,1,N/A
2565807,"April 6, 2023",Minnesota,"Saint Paul","1744 Suburban Ave",1,0,0,0,1,N/A
2565300,"April 5, 2023",Minnesota,Minneapolis,"2100 block of James Ave N",0,1,0,0,0,N/A
2563473,"April 3, 2023",Minnesota,Minneapolis,"1506 Park Ave S",1,0,0,0,1,N/A
2560819,"March 30, 2023",Minnesota,"Saint Paul","Rice St and Cook Ave W",0,1,0,0,0,N/A
2560799,"March 30, 2023",Minnesota,"Saint Paul","Snelling Ave S and Ford Pkwy",0,1,0,0,0,N/A
2559186,"March 29, 2023",Minnesota,Minneapolis,"2900 block of 12th Ave S",0,2,0,0,0,N/A
2558656,"March 29, 2023",Minnesota,"Cannon Falls","300 block of 1st St N",0,1,1,0,0,N/A
2559182,"March 29, 2023",Minnesota,Minneapolis,"2200 block of W Broadway Ave",0,1,0,0,0,N/A
2557455,"March 28, 2023",Minnesota,"Saint Paul","W Kellogg Blvd",0,1,0,0,0,N/A
2557163,"March 28, 2023",Minnesota,Minneapolis,"52nd Ave N and N Washburn Ave",0,1,0,0,0,N/A
2555309,"March 26, 2023",Minnesota,Minneapolis,"5601 Brooklyn Blvd",0,6,0,0,0,N/A
2555036,"March 26, 2023",Minnesota,Minneapolis,"E 19th Ave and Nicollet Ave",0,1,0,0,0,N/A
2553744,"March 23, 2023",Minnesota,Minneapolis,"700 22nd Ave NE",0,0,0,0,0,N/A
2553740,"March 22, 2023",Minnesota,"Minneapolis (Brooklyn Park)","2500 block of 98th Ave N",1,0,0,0,0,N/A
2552862,"March 22, 2023",Minnesota,Minneapolis,"3300 block of Chicago Ave",0,1,0,0,0,N/A
2552851,"March 22, 2023",Minnesota,Minneapolis,"2100 block of N 8th Ave",0,1,0,0,0,N/A
2552842,"March 22, 2023",Minnesota,Sandstone,I-35,0,0,1,0,0,N/A
2551952,"March 22, 2023",Minnesota,Minneapolis,"2400 block of N 3rd St",0,1,0,0,0,N/A
2553530,"March 20, 2023",Minnesota,Onamia,"14200 Twilight Rd",1,0,0,0,1,N/A
2550152,"March 20, 2023",Minnesota,Minneapolis,"2700 block of Portland Ave",0,1,0,0,0,N/A
2550145,"March 20, 2023",Minnesota,"Howard Lake","300 Dura Dr",1,0,0,0,1,N/A
2549853,"March 19, 2023",Minnesota,Minneapolis,"319 N 1st Ave",0,1,0,0,0,N/A
2549855,"March 19, 2023",Minnesota,Minneapolis,N/A,0,1,0,0,0,N/A
2548326,"March 17, 2023",Minnesota,Duluth,"3301 Technology Dr",0,0,0,0,0,N/A
2548485,"March 17, 2023",Minnesota,"Saint Paul","846 Johnson Pkwy",0,0,0,1,1,N/A
2557534,"March 15, 2023",Minnesota,Mankato,"1010 Patriot Ct",0,1,0,0,0,N/A
2545928,"March 14, 2023",Minnesota,Minneapolis,N/A,0,1,0,0,0,N/A
2545911,"March 14, 2023",Minnesota,"Saint Louis Park",N/A,0,1,0,0,0,N/A
2547451,"March 13, 2023",Minnesota,"Saint Paul","St Anthony Ave and Marion St",1,0,0,0,1,N/A
2545239,"March 13, 2023",Minnesota,Minneapolis,N/A,0,1,0,0,0,N/A
2546040,"March 13, 2023",Minnesota,"Minneapolis (Brooklyn Park)","73rd Ave N and Zane Ave N",0,1,0,0,0,N/A
2544584,"March 12, 2023",Minnesota,Minneapolis,"3300 block of N Girard Ave",0,1,0,0,0,N/A
2545095,"March 12, 2023",Minnesota,Minneapolis,"4200 block of Fremont Ave N",0,1,0,0,0,N/A
2544276,"March 11, 2023",Minnesota,"Saint Paul","1800 block of Old Hudson Rd",0,1,0,0,0,N/A
2544274,"March 11, 2023",Minnesota,Minneapolis,"3600 block of Fremont Ave N",0,1,0,0,0,N/A
2543294,"March 10, 2023",Minnesota,Andover,"14953 Osage St NW",1,0,1,0,0,N/A
2542697,"March 9, 2023",Minnesota,"Minneapolis (Fridley)","250 57th Ave NE",1,0,0,0,1,N/A
2542327,"March 8, 2023",Minnesota,Minneapolis,"3400 block of N Morgan Ave",0,0,0,1,1,N/A
2540730,"March 6, 2023",Minnesota,"Minneapolis (Coon Rapids)","11600 Raven St NW",0,0,0,0,1,N/A
2539401,"March 4, 2023",Minnesota,Harris,"2038 Brunswick Rd",3,0,1,0,0,N/A
2539172,"March 4, 2023",Minnesota,Minneapolis,"3626 Dupont Ave N",1,1,0,0,1,N/A
2539301,"March 4, 2023",Minnesota,"Minneapolis (Plymouth)","5820 Oakview Ln N",1,0,0,0,1,N/A
2539031,"March 4, 2023",Minnesota,Stillwater,"2225 Orleans St W",0,1,1,0,0,N/A
2539179,"March 4, 2023",Minnesota,Minneapolis,"N 7th St and Plymouth Ave N",0,1,0,0,2,N/A
2534468,"February 26, 2023",Minnesota,Minneapolis,"2200 block of N Washington Ave",0,1,0,0,0,N/A
2533625,"February 25, 2023",Minnesota,"Saint Paul","500 Dale St N",2,3,0,0,1,N/A
2533290,"February 24, 2023",Minnesota,"Saint Paul",N/A,0,1,0,0,0,N/A
2533087,"February 24, 2023",Minnesota,Duluth,"1500 block of E 3rd St",0,0,1,0,0,N/A
2533284,"February 24, 2023",Minnesota,"Saint Paul","179 Robie St E",0,3,0,0,1,N/A
2532519,"February 23, 2023",Minnesota,"Minneapolis (Brooklyn Park)","8600 block of Edinbrook Crossing",0,1,0,0,0,N/A
2532494,"February 23, 2023",Minnesota,Minneapolis,"5700 block of Brookdale Dr N",0,1,0,0,0,N/A
2533462,"February 23, 2023",Minnesota,"Minneapolis (Brooklyn Park)","5700 block of Brooklyn Dr N",0,1,0,0,0,N/A
2531611,"February 21, 2023",Minnesota,Minneapolis,"2600 block of W Broadway Ave",1,1,0,0,0,N/A
2530854,"February 21, 2023",Minnesota,Minneapolis,"4320 E Lake St",0,1,0,0,0,N/A
2530629,"February 21, 2023",Minnesota,"Pine City","Northern Rd and Sunnyside St",0,0,0,1,0,N/A
2530642,"February 21, 2023",Minnesota,Sandstone,"I-35 and Co Hwy 28",0,0,1,0,0,N/A
2528172,"February 18, 2023",Minnesota,Minneapolis,"3539 Girard Ave N",1,0,0,0,0,N/A
2528186,"February 18, 2023",Minnesota,"Saint Paul","70 block of Maryland Ave E",0,1,0,0,0,N/A
2528174,"February 18, 2023",Minnesota,Minneapolis,"N 21st Ave and N 4th St",0,2,0,0,0,N/A
2527130,"February 16, 2023",Minnesota,Minneapolis,"3100 block of E 58th St",0,1,0,1,0,N/A
2526991,"February 16, 2023",Minnesota,"Saint Paul","567 Stryker Ave",1,0,0,0,1,N/A
2526975,"February 15, 2023",Minnesota,Minneapolis,"2800 block of Colfax Ave S",2,1,0,0,1,N/A
2523696,"February 12, 2023",Minnesota,"Saint Paul","100 block of Cook Ave W",0,1,0,0,0,N/A
2523700,"February 12, 2023",Minnesota,"Minneapolis (Richfield)",I-94,0,1,0,0,0,N/A
2523568,"February 11, 2023",Minnesota,"Saint Paul","160 Western Ave S",0,0,1,0,0,N/A
2523573,"February 11, 2023",Minnesota,Minneapolis,"300 block of Cedar Ave S",0,1,0,0,0,N/A
2521810,"February 9, 2023",Minnesota,Minneapolis,"1300 Lagoon Ave",0,2,0,0,1,N/A
2521619,"February 9, 2023",Minnesota,"Saint Paul (Mounds View)","5400 block of Landmark Cir",0,1,0,0,0,N/A
2663128,"February 8, 2023",Minnesota,"Saint Paul",N/A,0,1,0,0,0,N/A
2538306,"February 8, 2023",Minnesota,Minneapolis,"1500 James Ave N",0,0,0,0,1,N/A
2520845,"February 7, 2023",Minnesota,Glenville,"151 E Fifth St",0,1,0,0,0,N/A
2520168,"February 6, 2023",Minnesota,Newport,"250 Red Rock Crossing",1,0,0,0,1,N/A
2519366,"February 6, 2023",Minnesota,Minneapolis,"Hennepin Ave and Lyndale Ave S",1,0,0,0,0,N/A
2520056,"February 6, 2023",Minnesota,"Minneapolis (Edina)","York Ave S",1,0,0,0,0,N/A
2518665,"February 5, 2023",Minnesota,"Minneapolis (Brooklyn Park)","8516 63rd Ave N",0,1,0,0,0,N/A
2518094,"February 5, 2023",Minnesota,"Saint Paul","565 Snelling Ave N",0,2,0,0,0,N/A
2518448,"February 5, 2023",Minnesota,Minneapolis,"N 5th St and N 1st Ave",0,3,0,0,0,N/A
2516749,"February 2, 2023",Minnesota,Chanhassen,"700 block of Conestoga Trl",1,0,0,0,1,N/A
2516689,"February 1, 2023",Minnesota,"Minneapolis (Bloomington)","3801 Minnesota Dr",2,0,1,0,0,N/A
2516351,"February 1, 2023",Minnesota,Burnsville,"12911 County Rd 5",0,1,0,0,1,N/A
2515224,"January 29, 2023",Minnesota,"Minneapolis (Bloomington)","60 E Broadway",0,0,0,0,0,N/A
2513542,"January 28, 2023",Minnesota,"Saint Paul","1000 block of Duluth St",0,1,0,0,0,N/A
2515140,"January 28, 2023",Minnesota,Owatonna,"2121 W Bridge St",0,0,0,0,1,N/A
2512922,"January 27, 2023",Minnesota,"Saint Paul","Pendersen St and Conway St",0,1,0,0,0,N/A
2512926,"January 27, 2023",Minnesota,Minneapolis,"N Washington Ave and N 2nd St",0,1,0,0,0,N/A
2517299,"January 26, 2023",Minnesota,"Saint Paul","1355 Pierce Butler Rte",0,0,0,0,1,N/A
2512226,"January 26, 2023",Minnesota,"Minneapolis (Brooklyn Center)","5800 block of N Xerxes Ave",0,1,0,0,0,N/A
2511297,"January 25, 2023",Minnesota,Minneapolis,"2200 block of Emerson Ave N",1,0,0,0,0,N/A
2510920,"January 24, 2023",Minnesota,"Saint Paul (White Bear Lake)","3185 Karth Rd",0,1,0,0,1,N/A
2509516,"January 23, 2023",Minnesota,Winsted,"600 block of Pheasant Run",0,2,1,0,0,N/A
2509218,"January 23, 2023",Minnesota,Minneapolis,"1600 block of Hillside Ave N",0,1,0,0,0,N/A
2508440,"January 22, 2023",Minnesota,"Minneapolis (Brooklyn Park)","7545 Brooklyn Blvd",0,1,0,0,0,N/A
2507284,"January 21, 2023",Minnesota,Minneapolis,"1000 block of Olson Memorial Hwy",0,1,0,0,0,N/A
2506942,"January 20, 2023",Minnesota,"Saint Paul","1495 Rice St",0,1,0,0,1,N/A
2512145,"January 19, 2023",Minnesota,Sartell,"301 11th Ave E",1,0,0,0,0,N/A
2506191,"January 19, 2023",Minnesota,Minneapolis,"8200 block of Queen Ave S",0,1,0,0,0,N/A
2505305,"January 18, 2023",Minnesota,"Saint Paul","270 Lexington Pkwy N",0,1,0,0,1,N/A
2505302,"January 17, 2023",Minnesota,"Saint Paul","1540 6th St E",0,0,0,0,1,N/A
2505136,"January 17, 2023",Minnesota,"Saint Cloud","300 block of 14th Ave SE",1,0,0,0,1,N/A
2504305,"January 16, 2023",Minnesota,Monticello,"1700 block of River St",0,1,0,0,1,N/A
2502802,"January 15, 2023",Minnesota,"Saint Paul (Apple Valley)","14998 Glazier Ave",0,1,0,0,0,N/A
2503434,"January 15, 2023",Minnesota,Minneapolis,"E 28th St",0,1,0,0,0,N/A
2502603,"January 14, 2023",Minnesota,"Saint Paul","200 block of Arch St E",0,1,0,0,0,N/A
2502605,"January 14, 2023",Minnesota,Minneapolis,"300 block of Second Ave S",0,2,0,0,0,N/A
2501922,"January 13, 2023",Minnesota,"Minneapolis (Brooklyn Center)","6900 Brooklyn Blvd",1,0,0,0,0,N/A
2502140,"January 13, 2023",Minnesota,Minneapolis,"2019 21st Ave S",0,1,0,0,0,N/A
2502018,"January 13, 2023",Minnesota,Minneapolis,"4000 block of Dupont Ave N",1,0,0,0,1,N/A
2502151,"January 13, 2023",Minnesota,Minneapolis,"600 block of W Broadway Ave",0,1,0,0,0,N/A
2502138,"January 13, 2023",Minnesota,Minneapolis,"4300 block of Girard Ave N",0,1,0,0,0,N/A
2501096,"January 12, 2023",Minnesota,"Saint Paul (West Saint Paul)","100 block of Carmel Ave W",0,1,0,0,1,N/A
2501084,"January 12, 2023",Minnesota,Minneapolis,"4000 block of 25th Ave S",0,1,0,0,0,N/A
2500982,"January 12, 2023",Minnesota,Minneapolis,"S 6th St and 15th Ave S",1,0,0,0,0,N/A
2500600,"January 11, 2023",Minnesota,Minneapolis,"818 Lowry Ave N",1,2,0,0,0,N/A
2499901,"January 10, 2023",Minnesota,Minneapolis,"E 24th St and 3rd Ave S",0,1,0,0,0,N/A
2499728,"January 10, 2023",Minnesota,Rochester,"4238 Manor Park Dr NW",1,0,0,0,0,N/A
2499929,"January 10, 2023",Minnesota,"Minneapolis (Brooklyn Park)","8080 Brooklyn Blvd",0,1,0,0,0,N/A
2499032,"January 9, 2023",Minnesota,Minneapolis,"2929 Hennepin Ave S",0,1,0,0,0,N/A
2498889,"January 9, 2023",Minnesota,"Minneapolis (Edina)","10 Southdale Center",0,1,0,0,0,N/A
2499119,"January 9, 2023",Minnesota,Minneapolis,"2218 E Lake St",0,4,0,0,0,N/A
2498472,"January 8, 2023",Minnesota,Lakeville,"9800 217th St W",1,0,0,0,1,N/A
2498013,"January 8, 2023",Minnesota,Minneapolis,"930 Hennepin Ave",0,4,0,0,0,N/A
2498224,"January 8, 2023",Minnesota,Minneapolis,"I-394 and I-94",0,1,0,0,0,N/A
2497891,"January 7, 2023",Minnesota,"Saint Paul","1619 Maryland Ave E",0,1,0,0,1,N/A
2496364,"January 5, 2023",Minnesota,Minneapolis,"Washington St NE",0,1,0,0,0,N/A
2495721,"January 4, 2023",Minnesota,Minneapolis,"1127 W Broadway Ave",0,1,0,0,0,N/A
2495119,"January 4, 2023",Minnesota,Minneapolis,N/A,0,1,0,0,0,N/A
2493319,"January 2, 2023",Minnesota,Minneapolis,"Nicollet Ave and Groveland Ave",0,1,0,0,0,N/A
2494028,"January 2, 2023",Minnesota,Minneapolis,"1100 block of N 22nd Ave",0,1,0,0,0,N/A
2492516,"January 1, 2023",Minnesota,Minneapolis,"4430 N Lyndale Ave",1,1,0,0,0,N/A
2492684,"January 1, 2023",Minnesota,Minneapolis,"4000 block of 22nd Ave S",0,1,0,0,0,N/A
2492576,"January 1, 2023",Minnesota,"Saint Paul","281 5th St E",0,1,0,0,0,N/A
2492553,"January 1, 2023",Minnesota,Minneapolis,"W 26th St and Pleasant Ave",0,1,0,0,0,N/A
2493312,"January 1, 2023",Minnesota,"Minneapolis (Richfield)","7434 Humboldt Ave S",0,1,0,0,0,N/A