"Incident ID","Incident Date",State,"City Or County",Address,"Victims Killed","Victims Injured","Suspects Killed","Suspects Injured","Suspects Arrested",Operations
1891135,"December 31, 2020",Minnesota,Minneapolis,"2700 block of Blaisdell Ave S",0,0,0,0,0,N/A
1891133,"December 31, 2020",Minnesota,Minneapolis,"2800 block of James Ave S",0,0,0,0,0,N/A
1891131,"December 31, 2020",Minnesota,Minneapolis,"2700 block of Plymouth Ave N",0,1,0,0,0,N/A
1891141,"December 30, 2020",Minnesota,Minneapolis,"2500 block of 11th Ave S",0,0,0,0,0,N/A
1890611,"December 30, 2020",Minnesota,Minneapolis,"3550 Cedar Ave S",0,0,1,0,0,N/A
1892685,"December 30, 2020",Minnesota,"Minneapolis (Brooklyn Park)","5900 block of 65th Ave N",0,0,0,0,0,N/A
1890096,"December 30, 2020",Minnesota,Minneapolis,"2500 block of Talmage Ave SE",0,0,0,0,0,N/A
1890163,"December 29, 2020",Minnesota,Minneapolis,"2400 block of Clinton Ave S",0,0,0,0,0,N/A
1890161,"December 29, 2020",Minnesota,"Minneapolis (Columbia Heights)","University Ave NE and 46th Ave NE",1,0,0,0,0,N/A
1889243,"December 29, 2020",Minnesota,Duluth,"Lake Ave and W 4th St",0,1,0,0,2,N/A
1888491,"December 28, 2020",Minnesota,Minneapolis,"2700 block of Bloomington Ave",0,1,0,0,0,N/A
1889239,"December 28, 2020",Minnesota,Cloquet,"3609 Giiniw Rd",1,0,0,0,1,N/A
1888496,"December 27, 2020",Minnesota,Minneapolis,"W 27th St and Hennepin Ave S",0,0,0,0,0,N/A
1888151,"December 27, 2020",Minnesota,Minneapolis,"3759 Chicago Ave",0,2,0,0,0,N/A
1887569,"December 27, 2020",Minnesota,"Saint Paul","1200 block of Alameda St N",0,0,0,0,0,N/A
1887564,"December 27, 2020",Minnesota,Minneapolis,"400 block of 3rd Ave N",0,1,0,0,0,N/A
1887581,"December 27, 2020",Minnesota,Minneapolis,"3500 block of Portland Ave S",0,1,0,0,0,N/A
1887573,"December 26, 2020",Minnesota,Minneapolis,"4200 block of Bryant Ave N",0,0,0,0,0,N/A
1887570,"December 26, 2020",Minnesota,Minneapolis,"1604 W Broadway Ave",0,1,0,0,0,N/A
1887563,"December 26, 2020",Minnesota,Minneapolis,"1000 block of 25th Ave SE",0,0,0,0,0,N/A
1890097,"December 26, 2020",Minnesota,Minneapolis,"2500 block of Talmage Ave SE",0,0,0,0,0,N/A
1888138,"December 25, 2020",Minnesota,Bemidji,"5000 block of Lavinia Rd NE",1,0,0,0,1,N/A
1886804,"December 24, 2020",Minnesota,"Minneapolis (Brooklyn Park)","63rd Ave N and Winnetka Ave N",0,0,0,0,0,N/A
1885657,"December 24, 2020",Minnesota,Minneapolis,"2310 Lake St E",1,0,0,0,0,N/A
1885378,"December 23, 2020",Minnesota,"Saint Paul","850 Rice St",1,0,0,0,1,N/A
1884891,"December 23, 2020",Minnesota,Minneapolis,"2000 block of 28th Ave S",1,0,0,0,0,N/A
1884894,"December 22, 2020",Minnesota,"Minneapolis (Crystal)","4200 Brunswick Ave N",0,2,0,0,0,N/A
1883727,"December 22, 2020",Minnesota,"Saint Paul","1200 block of Wilson Ave",0,0,0,0,0,N/A
1883717,"December 22, 2020",Minnesota,Alexandria,"500 block of Oak St",0,1,0,0,1,N/A
1883225,"December 21, 2020",Minnesota,Minneapolis,N/A,0,1,0,0,0,N/A
1882966,"December 21, 2020",Minnesota,"Saint Paul","1300 block of Prosperity Ave",0,1,0,0,1,N/A
1883218,"December 21, 2020",Minnesota,"Minneapolis (Brooklyn Park)","6300 block of Welcome Ave N",0,1,0,0,0,N/A
1883735,"December 21, 2020",Minnesota,"Saint Paul","300 block of Larpenteur Ave W",1,0,0,0,1,N/A
1883231,"December 20, 2020",Minnesota,"Saint Louis Park","Texas Ave S and W Franklin Ave",0,0,0,0,0,N/A
1882157,"December 20, 2020",Minnesota,Minneapolis,"36th St and 14th Ave S",0,0,0,0,0,N/A
1882146,"December 20, 2020",Minnesota,Minneapolis,"3200 block of Aldrich Ave N",1,0,0,0,0,N/A
1882543,"December 20, 2020",Minnesota,"Saint Paul","Rice St and Sherburne Ave",0,1,0,0,0,N/A
1882546,"December 20, 2020",Minnesota,Rosemount,"Hwy 55 and Doyle Path",0,0,0,0,0,N/A
1881542,"December 19, 2020",Minnesota,Minneapolis,"16th Ave N and Morgan Ave N",0,1,0,0,0,N/A
1882155,"December 19, 2020",Minnesota,Minneapolis,"5100 block of Bryant Ave N",0,1,0,0,0,N/A
1882153,"December 19, 2020",Minnesota,Minneapolis,"5200 block of Camden Ave N",0,0,0,0,0,N/A
1881538,"December 18, 2020",Minnesota,"Minneapolis (Brooklyn Park)","6200 block of 67th Ave N",0,0,0,0,0,N/A
1881541,"December 18, 2020",Minnesota,"Saint Paul","990 block of Reaney Ave E",0,0,0,0,0,N/A
1881530,"December 18, 2020",Minnesota,Duluth,"40th Ave W and Patterson St",0,0,0,0,0,N/A
1881526,"December 18, 2020",Minnesota,Duluth,"1st Ave W and 11th St",0,1,0,0,0,N/A
1881540,"December 16, 2020",Minnesota,"Minneapolis (Brooklyn Park)","7700 block of Daleview Dr N",0,0,0,0,0,N/A
1880306,"December 16, 2020",Minnesota,"Saint Cloud","4000 block of 24th St S",1,0,0,0,0,N/A
1880304,"December 16, 2020",Minnesota,"Saint Paul","University Ave and Snelling Ave",1,0,0,0,0,N/A
1879407,"December 15, 2020",Minnesota,Minneapolis,"7700 block of Penn Ave S",0,0,0,0,0,N/A
1883006,"December 15, 2020",Minnesota,"Saint Paul","E Colorado St and S Robert St",0,0,0,0,1,N/A
1879113,"December 15, 2020",Minnesota,"Minneapolis (Bloomington)","9801 Harrison Rd",0,2,0,0,1,N/A
1878278,"December 15, 2020",Minnesota,Minneapolis,"Hennepin Ave and Lyndale Ave S",0,1,0,0,0,N/A
1879097,"December 15, 2020",Minnesota,Minneapolis,"3000 block of S 13th St",0,1,0,0,0,N/A
1877726,"December 14, 2020",Minnesota,"Saint Paul","500 block of Jessamine Ave W",1,0,0,0,1,N/A
1877732,"December 14, 2020",Minnesota,Minneapolis,"1600 Oak Park Ave N",0,0,0,0,0,N/A
1877728,"December 14, 2020",Minnesota,Minneapolis,"E 43rd ST and Columbus Ave S",0,0,0,0,0,N/A
1877070,"December 13, 2020",Minnesota,Minneapolis,"2600 block of 15th Ave S",0,0,0,0,0,N/A
1879126,"December 13, 2020",Minnesota,Austin,"900 block of 3rd Ave NW",0,0,0,0,1,N/A
1876610,"December 13, 2020",Minnesota,Minneapolis,"700 block of W Broadway Ave",0,0,0,0,0,N/A
1877413,"December 13, 2020",Minnesota,"Saint Paul","1100 block of N Hancock St",0,1,0,0,0,N/A
1875807,"December 12, 2020",Minnesota,Superior,"628 Tower Ave",0,0,0,0,1,N/A
1876615,"December 12, 2020",Minnesota,"Saint Paul","Earl St and Sims Ave",0,0,0,0,1,N/A
1876611,"December 12, 2020",Minnesota,Minneapolis,"200 block of E 19th St",0,1,0,0,0,N/A
1875857,"December 11, 2020",Minnesota,"Saint Paul","260 block of Ravoux St",0,0,0,0,0,N/A
1875221,"December 11, 2020",Minnesota,Alexandria,"1600 block of Seventh Ave",0,1,0,0,0,N/A
1875223,"December 11, 2020",Minnesota,Minneapolis,"3800 block of Colfax Ave N",0,1,0,0,0,N/A
1875831,"December 11, 2020",Minnesota,"Minneapolis (Brooklyn Park)","6500 block of Georgia Ave N",0,1,0,1,1,N/A
1874369,"December 10, 2020",Minnesota,Minneapolis,"N Lyndale Ave and N 37th Ave",0,1,0,0,0,N/A
1874367,"December 10, 2020",Minnesota,Minneapolis,"N 36th Ave and N 6th St",0,1,0,0,0,N/A
1874361,"December 9, 2020",Minnesota,"Saint Paul","690 block of Lawson Ave E",0,0,0,0,0,N/A
1873183,"December 8, 2020",Minnesota,Minneapolis,"W Broadway Ave and Lyndale Ave N",0,1,0,0,0,N/A
1873181,"December 8, 2020",Minnesota,"Minneapolis (Brooklyn Park)","6600 block of Cherokee Ln N",0,1,0,0,0,N/A
1871771,"December 7, 2020",Minnesota,"Saint Paul","35 E Wheelock Pkwy",0,1,0,0,0,N/A
1870966,"December 6, 2020",Minnesota,"Saint Paul","Front Ave and Albemarle St",0,0,0,0,0,N/A
1870732,"December 6, 2020",Minnesota,"Saint Paul","1500 block of Magnolia Ave",0,1,0,0,0,N/A
1870737,"December 6, 2020",Minnesota,"Saint Paul","1000 block of Orange Ave E",0,0,0,0,0,N/A
1870731,"December 6, 2020",Minnesota,"Saint Paul","1300 block of Arlington Ave E",0,0,0,0,0,N/A
1870727,"December 6, 2020",Minnesota,"Saint Paul","1585 Randolph Ave",0,0,0,0,0,N/A
1869940,"December 5, 2020",Minnesota,Minneapolis,"2200 block of Blaisdell Ave",0,0,0,0,0,N/A
1870725,"December 5, 2020",Minnesota,"Mountain Iron","8400 block of Enterprise Dr N",0,0,1,0,0,N/A
1869428,"December 4, 2020",Minnesota,Duluth,"700 block of N 1st Ave W",0,0,0,0,0,N/A
1869937,"December 4, 2020",Minnesota,Minneapolis,"3200 block of Clinton Ave S",0,0,0,0,0,N/A
1869935,"December 4, 2020",Minnesota,Hastings,"17000 block of Knox Path",0,0,0,0,0,N/A
1869924,"December 4, 2020",Minnesota,Virginia,"800 block of 12th St N",0,0,0,0,2,N/A
1869445,"December 3, 2020",Minnesota,"Saint Paul","Cook Ave N and Western Ave N",0,0,0,0,0,N/A
1867301,"December 2, 2020",Minnesota,Minneapolis,"4700 block of Bryant Ave",0,1,0,0,0,N/A
1867298,"December 2, 2020",Minnesota,Duluth,"300 block of E 9th St",0,0,0,0,0,N/A
2235694,"November 30, 2020",Minnesota,"Minneapolis (Brooklyn Park)","County Rd 81 and 63rd Ave N",0,2,0,0,0,N/A
1865748,"November 30, 2020",Minnesota,Minneapolis,"4601 Snelling Ave S",0,0,0,0,0,N/A
1865740,"November 30, 2020",Minnesota,Minneapolis,"1700 block of 3rd Ave S",0,1,0,0,2,N/A
1866342,"November 30, 2020",Minnesota,Osseo,"6300 block of County Road 81",0,2,0,0,0,N/A
1865407,"November 30, 2020",Minnesota,"Minneapolis (Bloomington)","10660 Hampshire Ave S",1,0,0,1,1,N/A
1866533,"November 30, 2020",Minnesota,Saginaw,"6431 Ellison Rd",1,0,1,0,0,N/A
1864939,"November 29, 2020",Minnesota,"Saint Paul (Apple Valley)","158th St W and Galaxie Ave",0,0,0,0,0,N/A
1864935,"November 29, 2020",Minnesota,Minneapolis,"626 W Broadway Ave",0,1,0,0,0,N/A
1864927,"November 29, 2020",Minnesota,Minneapolis,"3300 block 32nd Ave S",0,0,0,0,0,N/A
1864743,"November 29, 2020",Minnesota,Minneapolis,"1600 block of Upton Ave N",0,0,0,0,0,N/A
1865755,"November 29, 2020",Minnesota,"Saint Paul","600 block of Charles Ave",0,0,0,0,0,N/A
1865750,"November 29, 2020",Minnesota,Minneapolis,"2800 block of Newton Ave N",0,0,0,0,0,N/A
1864614,"November 29, 2020",Minnesota,"Albert Lea","800 4th Ave S",0,3,0,0,1,N/A
1864740,"November 28, 2020",Minnesota,Minneapolis,"E 38th St and 4th Ave S",0,0,0,0,0,N/A
1863956,"November 28, 2020",Minnesota,Minneapolis,"2700 block of 2nd Ave S",0,0,0,0,1,N/A
1864605,"November 28, 2020",Minnesota,Duluth,"1200 block of 104th Ave W",0,0,0,0,0,N/A
1864720,"November 28, 2020",Minnesota,"Saint Paul","1000 block of Rice St",0,0,0,1,1,N/A
1887779,"November 27, 2020",Minnesota,Minneapolis,"1300 block of 7th St SE",0,0,0,0,1,N/A
1863434,"November 27, 2020",Minnesota,Minneapolis,"3114 E 58th St",1,0,0,0,1,N/A
1863960,"November 27, 2020",Minnesota,Minneapolis,"900 block of W Broadway Ave",0,0,0,0,0,N/A
1862399,"November 26, 2020",Minnesota,Minneapolis,"2700 block of Dupont Ave N",1,0,0,0,0,N/A
1862599,"November 26, 2020",Minnesota,"Saint Paul","Cottage Ave W and Western Ave N",0,1,0,0,0,N/A
1862595,"November 26, 2020",Minnesota,Minneapolis,"2600 block of Chicago Ave S",0,1,0,0,0,N/A
1862592,"November 26, 2020",Minnesota,Minneapolis,"5700 block of 34th Ave S",0,0,0,0,0,N/A
1866327,"November 25, 2020",Minnesota,Puposky,"29000 block of Irvine Ave",1,0,0,0,0,N/A
1861913,"November 25, 2020",Minnesota,"Saint Paul",N/A,0,1,0,0,0,N/A
1862575,"November 24, 2020",Minnesota,"Cass Lake","15000 block of Roosevelt Rd SE",1,0,0,0,1,N/A
1860732,"November 24, 2020",Minnesota,Minneapolis,"3800 block of N Girard Ave",1,0,0,0,0,N/A
1859994,"November 23, 2020",Minnesota,Minneapolis,"701 Park Ave S",0,1,0,0,0,N/A
1859997,"November 23, 2020",Minnesota,Minneapolis,"1100 block of 4th St SE",0,0,0,0,0,N/A
1859996,"November 23, 2020",Minnesota,Minneapolis,"1900 block of W Broadway",0,0,0,0,0,N/A
1860003,"November 23, 2020",Minnesota,"Minneapolis (Coon Rapids)","2050 Northdale Blvd NW",1,0,0,0,1,N/A
1860731,"November 23, 2020",Minnesota,Duluth,"6th Ave E and 6th St",0,0,0,0,0,N/A
1859779,"November 23, 2020",Minnesota,Minneapolis,"Fulton St SE and Ontario St SE",0,0,0,0,0,N/A
1859249,"November 22, 2020",Minnesota,Minneapolis,"38th Ave N and N Thomas Ave",0,0,0,0,0,N/A
1859030,"November 22, 2020",Minnesota,Minneapolis,"34th Ave N and 6th St N",0,0,0,0,0,N/A
1859245,"November 22, 2020",Minnesota,Minneapolis,"33rd Ave N and Morgan Ave N",0,1,0,0,0,N/A
1858128,"November 21, 2020",Minnesota,Minneapolis,"5708 Brookdale Dr N",0,1,0,0,0,N/A
1859002,"November 21, 2020",Minnesota,Farmington,"800 block of Spruce St",0,1,0,0,0,N/A
1858995,"November 21, 2020",Minnesota,"Minneapolis (Brooklyn Park)","5800 block of 73rd Ave N",0,0,0,0,1,N/A
1858060,"November 21, 2020",Minnesota,Minneapolis,"3700 block of 6th St N",1,1,0,0,0,N/A
1859019,"November 21, 2020",Minnesota,Minneapolis,N/A,0,1,0,0,0,N/A
1857866,"November 20, 2020",Minnesota,"Saint Paul","1000 block of Hudson Rd",0,0,0,0,1,N/A
1857019,"November 20, 2020",Minnesota,Minneapolis,"1300 block of Newton Ave N",0,0,0,0,0,N/A
1857855,"November 20, 2020",Minnesota,"Saint Paul","Rice St and Arlington Ave W",0,0,0,0,0,N/A
1857007,"November 20, 2020",Minnesota,Minneapolis,"2600 block of Thomas Ave N",0,1,0,0,0,N/A
1856191,"November 19, 2020",Minnesota,Minneapolis,"N 33rd Ave and N Knox Ave",0,0,0,0,0,N/A
1856971,"November 19, 2020",Minnesota,Minneapolis,"2700 block of 18th Ave S",1,0,0,0,1,N/A
1856188,"November 18, 2020",Minnesota,"Minneapolis (Brooklyn Park)","8500 Jefferson Ln N",0,1,0,0,0,N/A
1854537,"November 17, 2020",Minnesota,Burnsville,"13000 block of Harriet Ave S",0,0,0,0,0,N/A
1854542,"November 16, 2020",Minnesota,"Saint Paul","Margaret St and Forest St N",0,1,0,0,0,N/A
1853505,"November 16, 2020",Minnesota,"Minneapolis (Bloomington)","1900 block of E 86th St",0,0,0,0,0,N/A
1853500,"November 16, 2020",Minnesota,Minneapolis,"3686 E 46th St",0,1,0,0,0,N/A
1853493,"November 16, 2020",Minnesota,"Saint Paul","600 block of Park Ave",0,0,0,0,0,N/A
1853484,"November 16, 2020",Minnesota,Minneapolis,"210 block of W 29th St",0,1,0,0,0,N/A
1854324,"November 16, 2020",Minnesota,"Saint Paul","Rice St and University Ave",0,1,0,0,0,N/A
1853489,"November 15, 2020",Minnesota,Minneapolis,"1504 W Lake St",0,0,0,0,0,N/A
1853487,"November 15, 2020",Minnesota,Minneapolis,"500 block of N Oliver Ave",0,0,0,0,0,N/A
1852949,"November 14, 2020",Minnesota,Minneapolis,"2200 block of Dupont Ave S",0,0,0,0,0,N/A
1852003,"November 14, 2020",Minnesota,Zimmerman,"245th Ave NW and 100th St NW",0,0,0,0,1,N/A
1852936,"November 14, 2020",Minnesota,Duluth,"W 4th St and N 21st St W",0,1,0,0,0,N/A
1857838,"November 14, 2020",Minnesota,"Saint Cloud","1000 block of 55th Ave SE",1,0,0,0,1,N/A
1854355,"November 14, 2020",Minnesota,"Saint Francis","Ambassador Blvd NW and Quicksilver St NW",0,0,0,0,1,N/A
1852438,"November 14, 2020",Minnesota,"Saint Paul","Rice St and Sherburne Ave",1,0,0,0,1,N/A
1852440,"November 14, 2020",Minnesota,"Saint Paul","1100 block of 4th St",0,1,0,0,0,N/A
1854540,"November 13, 2020",Minnesota,Minneapolis,"300 Broadway St NE",0,0,0,0,0,N/A
1852963,"November 13, 2020",Minnesota,"Saint Cloud","800 block of 10th Ave N",1,0,0,0,1,N/A
1851999,"November 13, 2020",Minnesota,Minneapolis,"5th St SE and Central Ave SE",0,0,0,0,0,N/A
1851364,"November 12, 2020",Minnesota,Minneapolis,"2000 3rd Ave S",0,1,0,0,0,N/A
1851348,"November 12, 2020",Minnesota,Minneapolis,"1100 Block of Como Ave SE",0,0,0,0,0,N/A
1851340,"November 12, 2020",Minnesota,Minneapolis,"N 29th Ave and N Sheridan Ave",0,1,0,0,0,N/A
1854301,"November 12, 2020",Minnesota,"Minneapolis (Crystal)","3500 block of Welcome Ave",1,0,0,0,1,N/A
1850727,"November 12, 2020",Minnesota,Dilworth,"202 5th St NW",0,1,0,0,1,N/A
1850730,"November 12, 2020",Minnesota,Minneapolis,"2600 block of Cedar Ave",0,1,0,0,0,N/A
1848326,"November 10, 2020",Minnesota,"Anoka (Oak Grove)","Viking Blvd",0,1,0,0,0,N/A
1849601,"November 10, 2020",Minnesota,"Saint Paul","Ruth St and Minnehaha Ave",0,1,0,0,0,N/A
1848346,"November 10, 2020",Minnesota,Minneapolis,"Fremont Ave N and Dowling Ave N",0,0,0,0,1,N/A
1848183,"November 9, 2020",Minnesota,"Saint Paul (Eagan)","3040 Eagandale Pl",1,0,0,0,2,N/A
1848340,"November 9, 2020",Minnesota,Minneapolis,"220 NE Lowry Ave",0,1,0,0,1,N/A
1846855,"November 8, 2020",Minnesota,Minneapolis,"W 24th St and Bryant Ave S",0,1,0,0,0,N/A
1846845,"November 8, 2020",Minnesota,Minneapolis,"3300 block of James Ave N",0,0,0,0,0,N/A
1848288,"November 8, 2020",Minnesota,Brainerd,"305 S 7th St",0,0,0,0,1,N/A
1847399,"November 8, 2020",Minnesota,Minneapolis,"3000 block of 16th Ave S",0,0,0,0,0,N/A
1846477,"November 8, 2020",Minnesota,Minneapolis,"Oak Park Ave and Penn Ave N",0,0,0,0,0,N/A
1847394,"November 8, 2020",Minnesota,Minneapolis,N/A,0,1,0,0,0,N/A
1846865,"November 8, 2020",Minnesota,Minneapolis,N/A,0,1,0,0,0,N/A
1846863,"November 8, 2020",Minnesota,Minneapolis,N/A,0,1,0,0,0,N/A
1846843,"November 8, 2020",Minnesota,Minneapolis,"5100 block of Bryant Ave N",0,1,0,0,1,N/A
1846849,"November 8, 2020",Minnesota,Minneapolis,"Bryant Ave S and W Lake St",1,0,0,0,0,N/A
1846473,"November 8, 2020",Minnesota,"Saint Paul","Prosperity Ave and Maryland Ave E",0,0,0,0,1,N/A
1846025,"November 6, 2020",Minnesota,Minneapolis,"Chicago Ave and E 37th St",0,0,0,0,0,N/A
1846019,"November 6, 2020",Minnesota,Minneapolis,"E Lake St and Cedar Ave",0,1,0,0,0,N/A
1846011,"November 6, 2020",Minnesota,Minneapolis,"Broadway Ave N and Washington Ave N",0,0,0,0,0,N/A
1845768,"November 6, 2020",Minnesota,Minneapolis,"4100 block of 28th Ave S",0,0,0,0,0,N/A
1845763,"November 6, 2020",Minnesota,Minneapolis,"1200 block of Morgan Ave N",0,1,0,0,0,N/A
1845752,"November 6, 2020",Minnesota,Burnsville,"2901 W Hwy 13",0,2,0,0,0,N/A
1848329,"November 6, 2020",Minnesota,"Saint Cloud","1200 Block of E St Germain St",0,0,0,1,1,N/A
1844960,"November 6, 2020",Minnesota,"Minneapolis (Fridley)","47th Ave NE and University Ave NE",0,0,0,0,0,N/A
1844951,"November 6, 2020",Minnesota,Minneapolis,"1000 Nicollet Ave",0,0,0,0,0,N/A
1843507,"November 5, 2020",Minnesota,Minneapolis,"2200 Lyndale Ave S",1,0,0,0,0,N/A
1844760,"November 5, 2020",Minnesota,"Saint Paul","400 block of Thomas Ave",1,0,0,0,1,N/A
1843515,"November 5, 2020",Minnesota,Minneapolis,"Lyndale Ave S and W Franklin Ave",0,0,0,0,0,N/A
1844947,"November 5, 2020",Minnesota,Minneapolis,"700 W Broadway",0,0,0,0,0,N/A
1843511,"November 4, 2020",Minnesota,"Saint Paul (Apple Valley)","7600 157th St W",1,1,1,0,0,N/A
1843518,"November 4, 2020",Minnesota,"Saint Paul","300 N Kent St",0,0,0,0,0,N/A
1843442,"November 4, 2020",Minnesota,"Saint Paul (West Saint Paul)","1100 block of Bidwell Ave",0,1,0,0,0,N/A
1842449,"November 3, 2020",Minnesota,Minneapolis,"3200 block of Logan Ave N",0,1,0,0,0,N/A
1842441,"November 3, 2020",Minnesota,Minneapolis,"700 block of W Broadway Ave",0,0,0,0,0,N/A
1842400,"November 3, 2020",Minnesota,"Saint Paul","2000 block of Minnehaha Ave E",0,0,0,0,0,N/A
1842399,"November 3, 2020",Minnesota,"Saint Paul","700 block of Rose Ave E",0,0,0,0,0,N/A
1842395,"November 3, 2020",Minnesota,"Saint Paul","700 block of Jessamine Ave E",0,1,0,0,0,N/A
1842461,"November 3, 2020",Minnesota,"Saint Paul","2200 block of W 7th St",1,0,0,0,1,N/A
1841949,"November 3, 2020",Minnesota,Minneapolis,N/A,1,0,0,0,0,N/A
1844101,"November 3, 2020",Minnesota,"Albert Lea","201 N Broadway Ave",0,0,0,0,1,N/A
1842388,"November 3, 2020",Minnesota,Minneapolis,"S 8th St and 11th Ave S",0,3,0,0,0,N/A
1842190,"November 2, 2020",Minnesota,Duluth,"2300 block of Ensign St",0,0,0,0,0,N/A
1841554,"November 2, 2020",Minnesota,Minneapolis,"1500 block of Nicollet Ave",0,0,0,0,0,N/A
1841530,"November 2, 2020",Minnesota,Minneapolis,"6300 block of Boone Ave N",0,2,0,0,2,N/A
1841527,"November 2, 2020",Minnesota,Minneapolis,"7800 block of Brooklyn Blvd",0,1,0,0,0,N/A
1841549,"November 2, 2020",Minnesota,Winthrop,"300 block of W 3rd St",0,1,0,0,1,N/A
1841876,"November 2, 2020",Minnesota,Minneapolis,"1800 block of Bryant Ave N",1,0,0,0,0,N/A
1841885,"November 2, 2020",Minnesota,"Saint Paul","Snelling Ave and Charles Ave",0,1,0,0,0,N/A
1841882,"November 2, 2020",Minnesota,"Saint Paul","Maryland Ave and White Bear Ave",0,1,0,0,0,N/A
1841880,"November 2, 2020",Minnesota,"Saint Paul","600 block of W Minnehaha Ave",0,1,0,0,0,N/A
1841547,"November 2, 2020",Minnesota,"Saint Paul","800 block of Dayton Ave",0,1,0,0,0,N/A
1840677,"November 1, 2020",Minnesota,"Saint Paul","100 block of Sycamore St E",0,2,0,0,0,N/A
1841561,"November 1, 2020",Minnesota,"Saint Paul","899 Rice St",0,0,0,0,0,N/A
1841543,"November 1, 2020",Minnesota,"Saint Paul (Mounds View)","5200 block of Edgewood Dr",0,0,0,0,0,N/A
1841545,"November 1, 2020",Minnesota,"Saint Paul (Mounds View)","Mounds View Dr and Lake Ct Dr",0,0,0,0,0,N/A
1840238,"November 1, 2020",Minnesota,Minneapolis,"1900 block of Brookview Dr",0,0,0,0,0,N/A
1840167,"November 1, 2020",Minnesota,Minneapolis,"E 29th St and 10th Ave S",0,0,0,0,0,N/A
1840178,"November 1, 2020",Minnesota,Minneapolis,"601 N 5th St",0,0,0,0,0,N/A
1840169,"November 1, 2020",Minnesota,Minneapolis,"3700 block of Elliot Ave",0,0,0,0,0,N/A
1840181,"November 1, 2020",Minnesota,Minneapolis,N/A,0,1,0,0,0,N/A
1840680,"November 1, 2020",Minnesota,"Saint Paul","1100 block of Flandrau St",0,3,0,0,0,N/A
1851981,"October 31, 2020",Minnesota,"Saint Cloud","400 block of 17th Ave N",0,1,0,0,2,N/A
1839418,"October 31, 2020",Minnesota,Minneapolis,"3400 block of Fremont Ave N",0,1,0,0,0,N/A
1839428,"October 31, 2020",Minnesota,Minneapolis,"E Lake St and 17th Ave S",0,1,0,0,0,N/A
1839426,"October 31, 2020",Minnesota,"Saint Paul (Mounds View)","2000 block of Oakwood Dr",0,1,0,0,0,N/A
1840156,"October 31, 2020",Minnesota,"Minneapolis (Crystal)","5500 block of Yates Ave N",1,0,0,0,1,N/A
1839746,"October 31, 2020",Minnesota,Minneapolis,N/A,0,1,0,0,0,N/A
1839389,"October 30, 2020",Minnesota,Minneapolis,"2000 block of W Broadway Ave",1,0,0,0,0,N/A
1838476,"October 30, 2020",Minnesota,"Saint Paul","1100 block of York Ave",0,0,0,1,1,N/A
1838539,"October 30, 2020",Minnesota,Rochester,"941 41st St NW",1,1,0,0,1,N/A
1839433,"October 30, 2020",Minnesota,"Minneapolis (Brooklyn Park)","8200 block of W River Rd",0,0,0,0,0,N/A
1860781,"October 30, 2020",Minnesota,Rochester,"838 38th St NW",0,0,0,0,1,N/A
1838563,"October 30, 2020",Minnesota,Minneapolis,"N Lyndale Ave and N 26th Ave",0,1,0,0,0,N/A
1838553,"October 30, 2020",Minnesota,Minneapolis,"E 33rd St and Columbus Ave",0,0,0,0,0,N/A
1837939,"October 29, 2020",Minnesota,Minneapolis,"2000 block of 21st Ave S",0,2,0,0,0,N/A
1853127,"October 29, 2020",Minnesota,"Saint Paul","Rice St and Milford St",0,1,0,0,1,N/A
1836952,"October 28, 2020",Minnesota,"Saint Paul","Euclid St and North Maple St",0,1,0,0,0,N/A
1836891,"October 28, 2020",Minnesota,Minneapolis,"2300 block of Irving Ave N",0,1,0,0,0,N/A
1836887,"October 28, 2020",Minnesota,"Saint Paul","Milton St and University Ave W",0,1,0,0,0,N/A
1876623,"October 28, 2020",Minnesota,"Saint Paul (New Brighton)","1400 block of 10th St",0,0,0,0,0,N/A
1836954,"October 27, 2020",Minnesota,"Saint Cloud","1200 block of Washington Memorial Dr",0,0,0,0,0,N/A
1835916,"October 27, 2020",Minnesota,Minneapolis,"4300 block of Minnehaha Ave",0,1,0,0,0,N/A
1835259,"October 26, 2020",Minnesota,Minneapolis,"912 E 24th St",0,2,0,0,0,N/A
1835240,"October 26, 2020",Minnesota,Minneapolis,N/A,0,2,0,0,0,N/A
1834417,"October 25, 2020",Minnesota,"Saint Paul","900 block of Aurora Ave",0,0,0,0,0,N/A
1835246,"October 25, 2020",Minnesota,Minneapolis,"1700 block of Emerson Ave S",1,0,0,0,1,N/A
1834170,"October 25, 2020",Minnesota,"Saint Paul (Shoreview)","5900 block of Turtle Lake Rd",1,0,0,0,0,N/A
1834172,"October 25, 2020",Minnesota,"Saint Paul","2300 block of Hampden Ave W",0,0,0,0,0,N/A
1833587,"October 24, 2020",Minnesota,Minneapolis,"Cedar Ave and E 37th St",0,0,0,0,0,N/A
1834164,"October 24, 2020",Minnesota,"Saint Cloud","1634 16th St SE",0,1,0,0,0,N/A
1833166,"October 24, 2020",Minnesota,Minneapolis,"7800 2nd Ave S",0,0,0,0,0,N/A
1833154,"October 24, 2020",Minnesota,Minneapolis,"700 block of E 17th St",0,1,0,0,0,N/A
1833148,"October 23, 2020",Minnesota,"Saint Paul (Eagan)","3898 Valley View Dr S",0,1,0,0,2,N/A
1832844,"October 23, 2020",Minnesota,"Saint Paul","Curtice St E and Sidney St E",0,1,0,0,1,N/A
1831515,"October 22, 2020",Minnesota,Minneapolis,"4th Ave S and 31st St E",0,1,0,0,0,N/A
1831510,"October 22, 2020",Minnesota,Minneapolis,"N 15th Ave and Knox Ave N",0,2,0,0,0,N/A
1831519,"October 22, 2020",Minnesota,Minneapolis,N/A,0,1,0,0,0,N/A
1831521,"October 21, 2020",Minnesota,Minneapolis,"2900 block of N Girard Ave",0,0,0,0,0,N/A
1830707,"October 21, 2020",Minnesota,Minneapolis,"N 37th St and Oliver Ave N",0,2,0,0,0,N/A
1830471,"October 21, 2020",Minnesota,"Saint Paul","5th St and Cedar St",0,2,0,0,0,N/A
1829087,"October 20, 2020",Minnesota,Minneapolis,"424 Hennepin Ave",0,3,0,0,0,N/A
1829448,"October 19, 2020",Minnesota,"Saint Cloud","1500 block of 2nd St N",0,0,0,0,0,N/A
1828519,"October 19, 2020",Minnesota,Minneapolis,"4600 block of Park Ave",0,0,0,0,0,N/A
1828508,"October 19, 2020",Minnesota,Minneapolis,"5200 block of Fremont Ave N",0,1,0,0,0,N/A
1829437,"October 19, 2020",Minnesota,Eveleth,"551 Hat Trick Ave",0,1,0,0,1,N/A
1829091,"October 19, 2020",Minnesota,Minneapolis,"1700 block on Monastery Way",0,0,0,0,0,N/A
1827973,"October 18, 2020",Minnesota,"Saint Paul","750 block of Sherburn Ave",0,0,0,0,0,N/A
1827969,"October 18, 2020",Minnesota,Minneapolis,"E 37th St and Chicago Ave",0,1,0,0,0,N/A
1827569,"October 18, 2020",Minnesota,Burnsville,"2000 block of 121st St E",0,0,0,0,0,N/A
1827562,"October 18, 2020",Minnesota,"Saint Paul (Woodbury)","10020 Hudson Rd",0,0,0,0,1,N/A
1827566,"October 18, 2020",Minnesota,Minneapolis,"14 N 5th St",0,1,0,0,0,N/A
1827586,"October 17, 2020",Minnesota,"Saint Paul (Maplewood)","I-35 and Roselawn Ave E",0,0,0,0,0,N/A
1826734,"October 17, 2020",Minnesota,Minneapolis,"5th St N and 1st Ave",0,1,0,0,0,N/A
1827582,"October 17, 2020",Minnesota,Minneapolis,"E 25th St and Bloomington Ave",0,0,0,0,0,N/A
1827580,"October 17, 2020",Minnesota,"Minneapolis (Brooklyn Park)","6900 block of 76th Ave",0,0,0,0,1,N/A
1827576,"October 17, 2020",Minnesota,"Saint Paul","1300 block of Conway St",0,1,0,0,0,N/A
1826736,"October 16, 2020",Minnesota,Minneapolis,"3660 block of Minnehaha Ave",0,1,0,0,0,N/A
1825786,"October 16, 2020",Minnesota,Minneapolis,"W Broadway",0,0,0,0,0,N/A
1825781,"October 16, 2020",Minnesota,Minneapolis,"1500 Block of Hillside Ave N",0,0,0,0,0,N/A
1828211,"October 16, 2020",Minnesota,Duluth,"100 block of N 56th Ave W",0,0,0,0,0,N/A
1833184,"October 15, 2020",Minnesota,Minneapolis,"4000 block of Bloomington Ave S",0,0,0,0,0,N/A
1824024,"October 14, 2020",Minnesota,Minneapolis,"N 25th Ave and N James Ave",0,1,0,0,0,N/A
1824011,"October 14, 2020",Minnesota,Minneapolis,"3500 block of N Sheridan Ave",0,1,0,0,0,N/A
1824002,"October 14, 2020",Minnesota,Minneapolis,"Knox Ave N and West Broadway",0,0,0,0,0,N/A
1823998,"October 14, 2020",Minnesota,Minneapolis,"2700 block of Dupont Ave S",0,0,0,0,0,N/A
2022773,"October 14, 2020",Minnesota,"Cass (county)",N/A,0,0,0,0,1,N/A
1825743,"October 14, 2020",Minnesota,Minneapolis,"2100 block of Bryant Ave N",0,2,0,0,0,N/A
1825063,"October 14, 2020",Minnesota,Minneapolis,"3500 block of 19th Ave S",1,0,0,0,0,N/A
1824021,"October 13, 2020",Minnesota,Minneapolis,"5800 block of 73rd Ave N",0,0,0,0,0,N/A
1822852,"October 13, 2020",Minnesota,"Saint Paul","900 block of Forest St N",1,0,0,0,0,N/A
1824013,"October 13, 2020",Minnesota,Minneapolis,"700 W Broadway Ave",0,1,0,0,0,N/A
1824006,"October 13, 2020",Minnesota,Minneapolis,"2900 block of Aldrich Ave S",0,0,0,0,0,N/A
1822034,"October 12, 2020",Minnesota,Minneapolis,"730 S 8th St",0,1,0,0,0,N/A
1822021,"October 12, 2020",Minnesota,Minneapolis,"3400 block of Nicollet Ave",0,0,0,0,0,N/A
1822855,"October 12, 2020",Minnesota,Minneapolis,"700 block of Van White Memorial Blvd",0,1,0,0,0,N/A
1822850,"October 12, 2020",Minnesota,"Albert Lea","915 Clausen Ave",0,1,0,0,0,N/A
1822768,"October 12, 2020",Minnesota,Shakopee,"1490 Adams St S",0,0,0,0,0,N/A
1821169,"October 11, 2020",Minnesota,Minneapolis,"E 17th St and Stevens Ave",0,0,0,0,1,N/A
1821161,"October 11, 2020",Minnesota,Minneapolis,"1700 block of Plymouth Ave N",1,0,0,0,0,N/A
1820615,"October 10, 2020",Minnesota,"Saint Paul","70 block of Stevens St W",1,1,0,0,1,N/A
1820201,"October 10, 2020",Minnesota,"Saint Paul","Milford St and Albemarle St",0,1,0,0,0,N/A
1820199,"October 10, 2020",Minnesota,Minneapolis,"4th St N and 1st Ave",0,0,0,0,1,N/A
1820197,"October 10, 2020",Minnesota,Minneapolis,"800 block of Summit Ave S",1,0,0,0,0,N/A
1819769,"October 10, 2020",Minnesota,Minneapolis,"4th St and Hennepin Ave",0,2,0,1,1,N/A
1820662,"October 10, 2020",Minnesota,Duluth,"104 W Central Entrance",0,0,0,0,1,N/A
1820659,"October 10, 2020",Minnesota,"Minneapolis (Bloomington)","10100 block of 2nd Ave",0,0,0,0,0,N/A
1820651,"October 10, 2020",Minnesota,Minneapolis,"900 block of E 24th St",0,0,0,0,0,N/A
1820640,"October 10, 2020",Minnesota,Minneapolis,"412 14th Ave SE",0,0,0,0,0,N/A
1820626,"October 10, 2020",Minnesota,Minneapolis,"3600 block of Queen Ave N",0,0,0,0,0,N/A
1819778,"October 9, 2020",Minnesota,"Minneapolis (Brooklyn Park)","6900 block of W Broadway Ave",0,0,0,0,3,N/A
1820169,"October 9, 2020",Minnesota,Hinckley,"I-35 and MN-23",0,0,1,0,0,N/A
1820205,"October 8, 2020",Minnesota,"Minneapolis (Brooklyn Park)","6300 block of Georgia Ave N",0,0,0,0,0,N/A
1817639,"October 8, 2020",Minnesota,Minneapolis,"3100 block of 19th Ave S",0,1,0,0,0,N/A
1818616,"October 8, 2020",Minnesota,Minneapolis,"400 Block of W Broadway",0,0,0,0,0,N/A
1818612,"October 8, 2020",Minnesota,Minneapolis,"2300 Block of Golden Valley Rd",0,0,0,0,0,N/A
1818609,"October 8, 2020",Minnesota,Minneapolis,"6500 block of 67th Ave N",0,1,0,0,0,N/A
1818604,"October 8, 2020",Minnesota,Minneapolis,"Willow Ave N and Penn Ave N",0,2,0,0,0,N/A
1818599,"October 8, 2020",Minnesota,Minneapolis,"1800 block of Lowry Ave N",0,1,0,0,0,N/A
1818591,"October 8, 2020",Minnesota,"Albert Lea","700 block of Jefferson Ave",0,0,0,0,0,N/A
1817637,"October 7, 2020",Minnesota,Minneapolis,"1845 Nicollet Ave S",1,0,0,0,0,N/A
1816946,"October 7, 2020",Minnesota,Minneapolis,"North Logan Ave and Lowry Ave",1,1,0,0,0,N/A
1817635,"October 7, 2020",Minnesota,Minneapolis,"3800 block of Fremont Ave N",0,1,0,0,0,N/A
1817487,"October 7, 2020",Minnesota,"Saint Paul","900 block of Selby Ave",0,1,0,0,0,N/A
1823415,"October 7, 2020",Minnesota,"Saint Paul","University Ave and Asbury Ave",0,1,0,0,0,N/A
1852948,"October 6, 2020",Minnesota,"Osseo (Corcoran)","21400 block of Horseshoe Trl",0,0,0,0,0,N/A
1816960,"October 6, 2020",Minnesota,Minneapolis,"2400 block of Ogema Pl",0,1,0,0,0,N/A
1816957,"October 6, 2020",Minnesota,Minneapolis,"2700 block of 15th Ave S",0,2,0,0,0,N/A
1815944,"October 6, 2020",Minnesota,Minneapolis,"N 37th Ave and Emerson Ave N",0,1,0,0,0,N/A
1826740,"October 6, 2020",Minnesota,"Minneapolis (Spring Lake Park)","8100 block of 5th St",0,0,0,0,1,N/A
1816951,"October 6, 2020",Minnesota,"Saint Paul","1000 block of York Ave",0,0,0,1,0,N/A
1822861,"October 5, 2020",Minnesota,Minneapolis,N/A,0,0,0,0,1,N/A
1815949,"October 5, 2020",Minnesota,Minneapolis,"7600 block of Welcome Ave N",0,0,0,0,0,N/A
1815946,"October 5, 2020",Minnesota,Minneapolis,N/A,0,1,0,0,0,N/A
1814127,"October 4, 2020",Minnesota,Duluth,"500 Block of West 3rd St",0,3,0,0,0,N/A
1814179,"October 4, 2020",Minnesota,Minneapolis,"N 27th Ave and Irving Ave N",0,1,0,0,0,N/A
1813950,"October 4, 2020",Minnesota,Minneapolis,"2000 block of 4th St N",0,1,0,0,1,N/A
1815086,"October 4, 2020",Minnesota,Minneapolis,"2600 block of E Franklin Ave",0,0,0,0,0,N/A
1814765,"October 4, 2020",Minnesota,Litchfield,"23900 block of MN-22",0,1,0,0,2,N/A
1813931,"October 4, 2020",Minnesota,Minneapolis,"4327 46th Ave S",1,0,0,0,1,N/A
1813278,"October 3, 2020",Minnesota,"Saint Paul","Manitoba Ave W and Rice St",0,0,0,0,0,N/A
1813265,"October 3, 2020",Minnesota,"Saint Paul","390 block of Luella St N",0,0,0,0,0,N/A
1813937,"October 3, 2020",Minnesota,"Saint Paul","1200 block of 7th St E",0,0,0,0,0,N/A
1814746,"October 3, 2020",Minnesota,Austin,"1100 block of 4th Ave NW",0,0,0,0,0,N/A
1813298,"October 2, 2020",Minnesota,Minneapolis,"26th Ave S and E Lake St",0,1,0,0,0,N/A
1813275,"October 2, 2020",Minnesota,"Minneapolis (Bloomington)","10600 block of Brunswick Ave",0,0,0,0,1,N/A
1813263,"October 2, 2020",Minnesota,Minneapolis,"2100 block of James Ave N",0,1,0,0,0,N/A
1813261,"October 2, 2020",Minnesota,"Saint Paul","900 block of Fairmount Ave",0,0,0,0,0,N/A
1812208,"October 2, 2020",Minnesota,Minneapolis,"N Aldrich Ave and N 24th Ave",0,1,0,0,0,N/A
1812172,"October 2, 2020",Minnesota,Minneapolis,"900 Block of Logan Ave N",0,0,0,0,0,N/A
1852946,"October 1, 2020",Minnesota,"Minneapolis (Plymouth)","1000 block of W Medicine Lake Dr",0,0,0,0,1,N/A
1811512,"October 1, 2020",Minnesota,"Osseo (Maple Grove)","I-695 and MN-169",0,0,0,0,3,N/A
1812181,"October 1, 2020",Minnesota,Minneapolis,"1508 E 26th St",1,0,0,0,0,N/A
1812234,"October 1, 2020",Minnesota,Duluth,"2200 block of W Arrowhead Rd",0,1,0,0,0,N/A
1812155,"October 1, 2020",Minnesota,Minneapolis,"300 Block of Cedar Lake Rd N",0,0,0,0,0,N/A
1812146,"October 1, 2020",Minnesota,"Saint Paul","1100 Block of Magnolia Ave E",0,0,0,0,0,N/A
1812141,"October 1, 2020",Minnesota,Minneapolis,"1600 Block of Washburn Ave N",0,0,0,0,0,N/A
1813285,"October 1, 2020",Minnesota,Bemidji,"17000 block of MN-89",0,0,0,0,1,N/A
1810425,"September 30, 2020",Minnesota,"Saint Paul","Rice St and W Wheelock Pkwy",0,0,0,0,0,N/A
1809857,"September 30, 2020",Minnesota,Minneapolis,"3500 block of Bryant Ave N",1,0,0,0,1,N/A
1810092,"September 29, 2020",Minnesota,Minneapolis,"2800 block of N Fremont Ave",1,1,0,0,0,N/A
1809586,"September 29, 2020",Minnesota,Minneapolis,"2700 block of Bloomington Ave S",0,0,0,1,1,N/A
1809871,"September 29, 2020",Minnesota,Minneapolis,"2910 Pleasant Ave",0,1,0,0,0,N/A
1809870,"September 29, 2020",Minnesota,Minneapolis,"700 W Broadway Ave",0,0,0,0,0,N/A
1809862,"September 29, 2020",Minnesota,"Saint Paul","1400 block of Klainert St",0,2,0,0,0,N/A
1809343,"September 28, 2020",Minnesota,Minneapolis,"8300 block of Kentucky Ave",0,0,0,0,0,N/A
1808759,"September 28, 2020",Minnesota,"Saint Paul","900 block of Algonquin Ave",0,1,1,0,0,N/A
1807257,"September 27, 2020",Minnesota,Minneapolis,"200 block of N 29th St",0,1,0,0,0,N/A
1806702,"September 27, 2020",Minnesota,"Saint Paul","857 Grand Ave",1,1,0,0,0,N/A
1806696,"September 27, 2020",Minnesota,"Minneapolis (Bloomington)","2801 Southtown Dr",0,1,0,0,0,N/A
1807246,"September 27, 2020",Minnesota,"Minneapolis (Brooklyn Park)","7500 block of Jersey Ave N",0,1,0,0,0,N/A
1806716,"September 27, 2020",Minnesota,"Minneapolis (Brooklyn Park)","6300 Zane Ave N",0,1,0,0,0,N/A
1807253,"September 27, 2020",Minnesota,"Saint Paul","300 block of Cook Ave E",1,0,0,0,0,N/A
1805987,"September 26, 2020",Minnesota,"Waite Park","1400 block of 7th St S",0,1,0,0,0,N/A
1806321,"September 26, 2020",Minnesota,Minneapolis,"2900 block of 4th Ave S",0,0,0,0,0,N/A
1806312,"September 26, 2020",Minnesota,Minneapolis,"Broadway Ave and 26th Ave N",0,1,0,0,0,N/A
1837952,"September 26, 2020",Minnesota,"Minneapolis (Plymouth)","18500 block of County Rd 6",0,0,0,0,1,N/A
1805984,"September 26, 2020",Minnesota,Duluth,"500 block of 27th Ave W",0,0,0,0,0,N/A
1806726,"September 26, 2020",Minnesota,"Saint Paul","Mississippi River Blvd and  Summit Ave",0,0,0,0,0,N/A
1807808,"September 26, 2020",Minnesota,Austin,"500 block of 5th St NW",0,0,0,0,0,N/A
1806325,"September 25, 2020",Minnesota,Minneapolis,"Bryant Ave S and W Lake St",0,1,0,0,0,N/A
1806322,"September 25, 2020",Minnesota,Minneapolis,"1300 block of Dowling Ave N",0,0,0,0,0,N/A
1806317,"September 25, 2020",Minnesota,Minneapolis,"Nicollet Ave and S 12th St",0,0,0,0,0,N/A
1805050,"September 24, 2020",Minnesota,Minneapolis,"1100 block of Irving Ave N",1,0,0,0,1,N/A
1805076,"September 23, 2020",Minnesota,Aurora,N/A,0,0,0,0,0,N/A
1802862,"September 23, 2020",Minnesota,Minneapolis,"200 W Broadway Ave",0,5,0,0,0,N/A
1802323,"September 22, 2020",Minnesota,Moorhead,"3010 17th St S",0,0,0,0,0,N/A
1802440,"September 22, 2020",Minnesota,"Saint Paul","W Wheelock Pkwy",0,1,0,0,1,N/A
1802872,"September 22, 2020",Minnesota,Minneapolis,"3700 block of Morgan Ave N",0,2,0,0,0,N/A
1802868,"September 22, 2020",Minnesota,Minneapolis,"2200 block of W Broadway Ave",0,1,0,0,0,N/A
1801414,"September 21, 2020",Minnesota,"Minneapolis (Brooklyn Park)","9400 block of W Broadway Ave",0,0,0,0,1,N/A
1801411,"September 21, 2020",Minnesota,"Saint Paul","Wabasha St and 6thSt",0,0,0,0,0,N/A
1801390,"September 21, 2020",Minnesota,Minneapolis,"3600 block of Chicago Ave",0,0,0,0,0,N/A
1800588,"September 20, 2020",Minnesota,Duluth,"100 block of E 2nd St",0,0,0,0,0,N/A
1800557,"September 20, 2020",Minnesota,Minneapolis,"E 34th St and S 15th Ave",0,0,0,0,0,N/A
1800556,"September 20, 2020",Minnesota,Minneapolis,"Olson Memorial Hwy and Humboldt Ave N",0,0,0,0,0,N/A
2586789,"September 20, 2020",Minnesota,Nashwauk,N/A,1,0,0,0,0,N/A
1801129,"September 20, 2020",Minnesota,Duluth,"I-35 and S 27th Ave W",0,0,0,0,1,N/A
1801143,"September 20, 2020",Minnesota,Duluth,"100 block of E 4th St",0,0,0,0,2,N/A
1801119,"September 20, 2020",Minnesota,Duluth,"4700 block of Miller Trunk Hwy",0,0,0,0,1,N/A
1800712,"September 20, 2020",Minnesota,Minneapolis,"300 block of N 1st Ave",0,1,0,0,0,N/A
1802424,"September 19, 2020",Minnesota,Verndale,"17000 block of 220th St",0,0,0,0,1,N/A
1799844,"September 19, 2020",Minnesota,"Saint Paul","600 block of Park St",0,0,0,0,1,N/A
1799851,"September 19, 2020",Minnesota,"Saint Paul","500 block of Marion St",0,0,0,0,1,N/A
1799847,"September 19, 2020",Minnesota,Minneapolis,"Logan Ave N and N 27th Ave",0,0,0,0,0,N/A
1802335,"September 19, 2020",Minnesota,Moorhead,"1200 block of 5th St",0,1,0,0,0,N/A
1800560,"September 19, 2020",Minnesota,Minneapolis,"1700 block of Upton Ave N",0,0,0,0,0,N/A
1799858,"September 18, 2020",Minnesota,Minneapolis,"1500 block of Grand St NE",0,0,0,0,0,N/A
1799853,"September 18, 2020",Minnesota,Minneapolis,"33rd St E and 30th Ave S",0,0,0,0,0,N/A
1799813,"September 18, 2020",Minnesota,Menahga,N/A,1,0,0,0,1,N/A
1798834,"September 18, 2020",Minnesota,Minneapolis,"4000 Block of Lyndale Ave N",0,0,0,0,0,N/A
1798353,"September 17, 2020",Minnesota,"Saint Cloud","600 block of 54th Ave N",0,0,0,0,1,N/A
1798832,"September 17, 2020",Minnesota,"Saint Paul","200 Block of Curtice St E",0,0,0,0,1,N/A
1797607,"September 16, 2020",Minnesota,Minneapolis,"2900 block of N Logan Ave",0,1,0,0,0,N/A
1797605,"September 16, 2020",Minnesota,Minneapolis,"N 4th St and N 30th Ave",0,1,0,0,0,N/A
1797596,"September 16, 2020",Minnesota,"Minneapolis (Brooklyn Park)","6200 block of 65th Ave",0,0,0,0,0,N/A
1798861,"September 16, 2020",Minnesota,Duluth,"100 Block of E 4th St",0,0,0,0,0,N/A
1797597,"September 16, 2020",Minnesota,Minneapolis,"2500 block of Aldrich Ave",0,1,0,0,0,N/A
1796641,"September 16, 2020",Minnesota,Minneapolis,"7400 block of Dupont Ave S",0,0,0,0,1,N/A
1796643,"September 15, 2020",Minnesota,"Minneapolis (Bloomington)","10100 block of Stevens Ave S",0,0,0,0,0,N/A
1806293,"September 15, 2020",Minnesota,"Minneapolis (Coon Rapids)","10700 block of Hanson Blvd NW",0,0,0,0,1,N/A
1796924,"September 15, 2020",Minnesota,"International Falls","1400 block of US-71",0,0,0,1,0,N/A
1796647,"September 15, 2020",Minnesota,Minneapolis,"1100 block of Lowry Ave",0,0,0,0,2,N/A
1795101,"September 14, 2020",Minnesota,Minneapolis,"N Dupont Ave and N 36th St",0,0,0,0,0,N/A
1795050,"September 14, 2020",Minnesota,Minneapolis,"3600 block of N Colfax Ave",0,1,0,0,0,N/A
1795049,"September 14, 2020",Minnesota,Minneapolis,"3300 block of N Humboldt Ave",0,0,0,0,0,N/A
1795987,"September 14, 2020",Minnesota,"Minneapolis (Edina)","6401 France Ave S",0,1,0,0,1,N/A
1795084,"September 14, 2020",Minnesota,Minneapolis,"3807 N Fremont Ave",1,1,0,0,2,N/A
1796000,"September 14, 2020",Minnesota,Minneapolis,"2500 block of Cedar Ave S",0,2,0,0,0,N/A
1795052,"September 14, 2020",Minnesota,Minneapolis,"1800 block of Washington Ave",0,0,0,0,0,N/A
1794269,"September 13, 2020",Minnesota,Minneapolis,"12th Ave SE and 7th St SE",0,0,0,0,0,N/A
1794267,"September 13, 2020",Minnesota,Minneapolis,"11th Ave S and E 22nd St",0,0,0,0,0,N/A
1794266,"September 13, 2020",Minnesota,Minneapolis,"Lyndale Ave S and 33rd St",0,0,0,0,0,N/A
1793812,"September 13, 2020",Minnesota,Shakopee,"200 block of Pottok Ln",0,0,0,0,1,N/A
1793786,"September 13, 2020",Minnesota,Minneapolis,"N 4th St and N 2nd Ave",0,2,0,0,0,N/A
1794725,"September 13, 2020",Minnesota,Minneapolis,"3100 block of N Humboldt Ave",0,1,0,0,0,N/A
1793405,"September 12, 2020",Minnesota,Minneapolis,"E 26th St and Stevens Ave",0,0,0,0,0,N/A
1820179,"September 12, 2020",Minnesota,"Minneapolis (Coon Rapids)","MN-610 and East River Rd",0,1,0,0,1,N/A
1793792,"September 12, 2020",Minnesota,Duluth,"105 W 1st St",0,0,0,1,1,N/A
1792937,"September 12, 2020",Minnesota,Minneapolis,"31st Ave and Colfax Ave N",0,0,0,0,0,N/A
1792935,"September 12, 2020",Minnesota,"Minneapolis (Columbia Heights)","4600 block of Tyler St NE",0,0,0,0,0,N/A
1793810,"September 12, 2020",Minnesota,Minneapolis,"14th Ave SE and SE 8th St",0,0,0,0,0,N/A
1793400,"September 12, 2020",Minnesota,"Saint Paul","800 block of Lawson Ave E",1,0,0,0,2,N/A
1792232,"September 11, 2020",Minnesota,Minneapolis,"6000 block of Portland Ave S",0,0,0,0,0,N/A
1792938,"September 11, 2020",Minnesota,Minneapolis,"3300 block of 4th Ave S",0,0,0,0,0,N/A
1791365,"September 10, 2020",Minnesota,Minneapolis,"E 48th St and Chicago Ave",0,0,0,0,0,N/A
1791356,"September 10, 2020",Minnesota,Minneapolis,"700 block of W Broadway Ave",0,1,0,0,0,N/A
1792228,"September 10, 2020",Minnesota,Minneapolis,"1500 Block of Russell Ave N",0,0,0,0,0,N/A
1792226,"September 10, 2020",Minnesota,Minneapolis,"500 Block of E Franklin Ave",0,0,0,0,0,N/A
1792222,"September 10, 2020",Minnesota,Minneapolis,"42nd Ave and Adair Ave",0,0,0,0,0,N/A
1791351,"September 9, 2020",Minnesota,"Minneapolis (Brooklyn Park)","6200 block of 78th Ave N",0,1,0,0,0,N/A
1789921,"September 9, 2020",Minnesota,"Saint Paul","2134 Ford Pkwy",0,0,0,0,0,N/A
1787834,"September 7, 2020",Minnesota,"Saint Paul","1300 block of Hewitt Ave",0,0,0,0,0,N/A
1788755,"September 7, 2020",Minnesota,Minneapolis,"800 block E Franklin Ave",0,0,0,0,0,N/A
1788745,"September 7, 2020",Minnesota,Minneapolis,"1500 block of E 22nd St",0,0,0,0,3,N/A
1787114,"September 6, 2020",Minnesota,Minneapolis,"1300 Nicollet Mall",0,1,0,0,1,N/A
1787109,"September 6, 2020",Minnesota,"Saint Paul","Payne Ave and Ivy Ave",0,0,0,0,0,N/A
1787842,"September 6, 2020",Minnesota,Minneapolis,"7600 block of W Broadway Ave",0,1,0,0,0,N/A
1787823,"September 6, 2020",Minnesota,Minneapolis,"701 Park Ave St",0,1,0,0,0,N/A
2454876,"September 6, 2020",Minnesota,"Saint Cloud","429 9th Ave N",0,1,0,0,0,N/A
1786697,"September 6, 2020",Minnesota,Minneapolis,"2700 block of Cedar Ave S",0,0,0,0,0,N/A
1786685,"September 6, 2020",Minnesota,Minneapolis,"280 2nd Ave N",0,0,0,0,0,N/A
1788864,"September 6, 2020",Minnesota,Hayward,"20051 800th Ave",0,1,0,0,0,N/A
1786641,"September 6, 2020",Minnesota,Minneapolis,"8400 block of Xerxes Ave N",0,2,0,0,0,N/A
1786270,"September 5, 2020",Minnesota,Minneapolis,"3500 block of Columbus Ave",0,1,0,0,0,N/A
1786189,"September 5, 2020",Minnesota,"Saint Paul","300 block of Ravoux St",0,0,0,0,0,N/A
1786183,"September 5, 2020",Minnesota,"Minneapolis (Fridley)","5750 E River Rd",0,0,0,0,0,N/A
1786645,"September 5, 2020",Minnesota,"Saint Paul","721 Arcade St",0,0,0,0,0,N/A
1786186,"September 4, 2020",Minnesota,"Saint Paul","1500 block of E Jessamine Ln",0,1,0,0,0,N/A
1785666,"September 4, 2020",Minnesota,"Saint Paul (West Saint Paul)","2045 Christensen Ave",1,0,0,0,1,N/A
1786376,"September 4, 2020",Minnesota,"Cass Lake",N/A,0,0,0,0,1,N/A
1786423,"September 4, 2020",Minnesota,Duluth,"200 block of 70th Ave W",0,0,0,0,1,N/A
1785094,"September 4, 2020",Minnesota,Minneapolis,"5800 block of 73rd Ave N",0,0,0,0,1,N/A
1784248,"September 3, 2020",Minnesota,"Saint Paul","Charles Ave and N Victoria St",0,1,0,0,0,N/A
1784246,"September 3, 2020",Minnesota,"Saint Paul","Sherburne Ave and Rice St",0,1,0,0,0,N/A
1860764,"September 3, 2020",Minnesota,Minneapolis,"2400 block of Emerson Ave N",0,0,0,0,1,N/A
1785089,"September 3, 2020",Minnesota,Minneapolis,"3400 15th Ave S",0,0,0,0,0,N/A
1785086,"September 3, 2020",Minnesota,"Saint Paul (Apple Valley)","7600 Block of 142nd St W",0,0,0,0,0,N/A
1785083,"September 3, 2020",Minnesota,Minneapolis,"Russell Ave N and N 30th Ave",0,0,0,0,0,N/A
1784244,"September 3, 2020",Minnesota,"Saint Paul","800 block of Cook Ave",1,1,0,0,1,N/A
1783004,"September 2, 2020",Minnesota,"Saint Paul","700 block of 3rd St E",0,1,0,0,0,N/A
1786177,"September 2, 2020",Minnesota,Burnsville,"Sunny Acres Ln",0,0,0,0,1,N/A
1783292,"September 2, 2020",Minnesota,Minneapolis,"3rd Ave S and E 18th St",0,1,0,0,0,N/A
1783318,"September 1, 2020",Minnesota,Minneapolis,"Logan Ave N and Oak Park Ave N",0,0,0,0,0,N/A
1782041,"September 1, 2020",Minnesota,Minneapolis,"I-94 and W Broadway Ave",0,0,0,0,2,N/A
1783303,"September 1, 2020",Minnesota,Minneapolis,"13th Ave S and E 28th St",0,0,0,0,0,N/A
1782021,"September 1, 2020",Minnesota,"Saint Paul","Winter St and Jackson St",0,1,0,0,0,N/A
1782123,"September 1, 2020",Minnesota,"Saint Paul","1200 block of Hazelwood St",1,0,0,0,1,N/A
1782023,"September 1, 2020",Minnesota,"Saint Paul","1300 block of Stillwater Ave E",0,1,0,1,1,N/A
1782900,"September 1, 2020",Minnesota,Duluth,"20 block of Village View Dr",0,1,0,0,0,N/A
1782108,"August 31, 2020",Minnesota,Austin,"200 block of 12th Ave SW",0,0,0,0,0,N/A
1782107,"August 31, 2020",Minnesota,Austin,"700 block of Second St NW",0,0,0,0,0,N/A
1782057,"August 31, 2020",Minnesota,Minneapolis,"N Oliver Ave and N 30th Ave",0,0,0,0,0,N/A
1780848,"August 31, 2020",Minnesota,Minneapolis,"2900 block of N Oliver Ave",1,0,0,0,0,N/A
1780701,"August 30, 2020",Minnesota,Minneapolis,"8340 15th Ave S",1,2,0,0,1,N/A
1780208,"August 30, 2020",Minnesota,"Minneapolis (Brooklyn Park)","6917 76th Ave N",1,2,0,0,0,N/A
1779597,"August 30, 2020",Minnesota,Minneapolis,"2400 block of Emerson Ave N",1,0,0,0,0,N/A
1779647,"August 30, 2020",Minnesota,Minneapolis,"Broadway St NE and NE 2nd St",0,0,0,0,0,N/A
1779582,"August 30, 2020",Minnesota,Duluth,"20 block of W 11th St",0,0,0,0,0,N/A
1782989,"August 30, 2020",Minnesota,"Saint Paul","Cesar Chavez St and S Robert St",0,1,0,0,1,N/A
1780212,"August 30, 2020",Minnesota,Minneapolis,"Knox Ave N",1,0,0,0,0,N/A
1779254,"August 29, 2020",Minnesota,Minneapolis,"5100 block of Camden Ave N",0,0,0,0,0,N/A
1779592,"August 29, 2020",Minnesota,"Long Prairie","County 38 and County 11",1,1,0,0,1,N/A
1778754,"August 29, 2020",Minnesota,"Minneapolis (Brooklyn Park)","7700 block of Georgia Ave",0,1,0,0,1,N/A
1779624,"August 29, 2020",Minnesota,Bemidji,"2830 Ridgeway Ave",0,1,0,0,0,N/A
1778763,"August 29, 2020",Minnesota,Minneapolis,"W Broadway Ave and N Irving Ave",0,1,0,0,0,N/A
1779611,"August 29, 2020",Minnesota,Minneapolis,"6300 block of Boone Ave N",0,1,0,0,0,N/A
1779576,"August 29, 2020",Minnesota,Duluth,"W 1st St and N 24th Ave W",0,0,0,0,0,N/A
1778767,"August 28, 2020",Minnesota,Minneapolis,"1600 block of Golden Valley Rd",0,0,0,0,0,N/A
1778435,"August 28, 2020",Minnesota,Minneapolis,"2400 block of Irving Ave N",0,4,0,0,0,N/A
1777296,"August 27, 2020",Minnesota,"Saint Paul (Lino Lakes)","6900 block of W Shadow Lake Dr",1,0,0,0,1,N/A
1778077,"August 27, 2020",Minnesota,Duluth,"400 block of E 8th St",0,2,0,0,0,N/A
1778074,"August 27, 2020",Minnesota,Duluth,"2nd Ave E",0,0,0,0,2,N/A
1778056,"August 27, 2020",Minnesota,"Saint Paul","1700 block of Rose Ave",0,0,0,0,0,N/A
1778051,"August 27, 2020",Minnesota,Minneapolis,"2235 W Broadway",0,0,0,0,0,N/A
1778047,"August 27, 2020",Minnesota,Minneapolis,"Nicollet Ave and W 31st St",0,0,0,0,0,N/A
1778040,"August 27, 2020",Minnesota,Minneapolis,"N 21st Ave and N Thomas Ave",0,1,0,0,0,N/A
1777308,"August 27, 2020",Minnesota,Minneapolis,"3500 block of Chicago Ave S",1,0,0,0,0,N/A
1778061,"August 27, 2020",Minnesota,"Cannon Falls","33811 County 24 Blvd",1,0,0,0,1,N/A
1776162,"August 26, 2020",Minnesota,Minneapolis,"3800 block of Elliot Ave S",0,1,0,0,0,N/A
1776161,"August 26, 2020",Minnesota,Minneapolis,"900 block of 25th Ave S",0,0,0,0,0,N/A
1776159,"August 26, 2020",Minnesota,"Saint Paul","1500 block of Westminster St",0,1,0,0,0,N/A
1776050,"August 26, 2020",Minnesota,Minneapolis,"101 N 9th St",1,0,1,0,0,N/A
1778069,"August 26, 2020",Minnesota,Austin,"900 block of Sixth Ave SE",0,0,0,0,0,N/A
1776157,"August 25, 2020",Minnesota,"Saint Paul (New Brighton)","2100 block of County Rd E",0,1,0,0,0,N/A
1913083,"August 25, 2020",Minnesota,"Saint Paul","Maria Ave",0,0,0,0,4,N/A
1913080,"August 25, 2020",Minnesota,"Saint Paul","1200 block of Jackson St",0,0,0,0,2,N/A
1913064,"August 25, 2020",Minnesota,"Saint Paul","White Bear Ave",0,0,0,0,5,N/A
1776151,"August 24, 2020",Minnesota,Burnsville,"810 County Rd 42 W",0,0,0,0,1,N/A
1773721,"August 24, 2020",Minnesota,"Saint Paul","1201 Jackson St",0,1,0,0,0,N/A
1774481,"August 24, 2020",Minnesota,"Minneapolis (Columbia Heights)","4600 block of Central Ave NE",1,0,0,0,2,N/A
1774695,"August 24, 2020",Minnesota,Minneapolis,"Nicollet Ave S and 58th St E",0,0,0,0,0,N/A
1774688,"August 24, 2020",Minnesota,Minneapolis,"3700 block of Hiawatha Ave",0,1,0,0,0,N/A
1774681,"August 24, 2020",Minnesota,Minneapolis,"N 15th Ave and N Irving Ave",0,0,0,0,0,N/A
1774476,"August 24, 2020",Minnesota,Minneapolis,"2300 block of James Ave N",1,0,0,0,0,N/A
1771986,"August 22, 2020",Minnesota,"Saint Paul (Mendota Heights)","2600 block of 19th Ave NE",0,0,0,0,0,N/A
1771982,"August 22, 2020",Minnesota,"Saint Paul","Rice St and Maryland Ave",0,2,0,0,0,N/A
1771558,"August 22, 2020",Minnesota,"Saint Paul (White Bear Lake)","2300 block of Co Rd E",0,1,0,0,0,N/A
1772524,"August 22, 2020",Minnesota,Minneapolis,"Emerson Ave S and W Lake St",0,0,0,0,0,N/A
1773701,"August 22, 2020",Minnesota,"Saint Paul (Vadnais Heights)","4282 Thornhill Dr",1,0,0,0,1,N/A
1771950,"August 22, 2020",Minnesota,Burnsville,"600 block of E 145th St",1,0,0,0,0,N/A
1771553,"August 22, 2020",Minnesota,Minneapolis,"600 block of 145th St E",0,1,0,0,0,N/A
1771964,"August 21, 2020",Minnesota,Minneapolis,"3100 block of Hennepin Ave",0,1,0,0,0,N/A
1771980,"August 21, 2020",Minnesota,Minneapolis,"2600 19th Ave NE",0,0,0,0,1,N/A
1770906,"August 21, 2020",Minnesota,Minneapolis,"3000 Block of Upton Ave N",0,1,0,0,0,N/A
1770897,"August 21, 2020",Minnesota,Minneapolis,"425 W Broadway Ave",0,1,0,0,1,N/A
1770902,"August 21, 2020",Minnesota,"Saint Paul (West Saint Paul)","Cherokee Ave and Annapolis St W",0,0,0,0,0,N/A
1771966,"August 20, 2020",Minnesota,Minneapolis,"425 W Broadway Ave",0,1,0,0,0,N/A
1770107,"August 20, 2020",Minnesota,"Saint Paul","200 block of Charles Ave",0,2,0,0,2,N/A
1770892,"August 20, 2020",Minnesota,"Saint Paul","900 Block of Woodbridge St",0,0,0,0,0,N/A
1770888,"August 20, 2020",Minnesota,Minneapolis,"800 Block of 21st Ave N",0,0,0,0,0,N/A
1770093,"August 19, 2020",Minnesota,"Saint Paul","1700 block of Rose Ave",0,1,0,0,0,N/A
1769519,"August 19, 2020",Minnesota,"Saint Paul","1100 block of Bush Ave",1,0,0,0,2,N/A
1769036,"August 18, 2020",Minnesota,Minneapolis,"W Broadway Ave and N Washburn Ave",0,1,0,0,0,N/A
1768035,"August 18, 2020",Minnesota,Minneapolis,"2100 block of Bryant Ave N",0,1,0,0,0,N/A
1767905,"August 18, 2020",Minnesota,Minneapolis,"W 59th St and Nicolett Ave",1,0,0,0,0,N/A
1767509,"August 18, 2020",Minnesota,Minneapolis,"E 46th St and Hiawatha Ave",1,0,0,0,0,N/A
1767514,"August 17, 2020",Minnesota,"Minneapolis (Blaine)","600 block of 120th Ave NE",1,0,1,0,0,N/A
1767875,"August 17, 2020",Minnesota,Bemidji,"2830 Ridgeway Ave NW",0,0,0,0,0,N/A
1766439,"August 17, 2020",Minnesota,"South Saint Paul","17th Ave N and Congress St",1,1,0,0,1,N/A
1766239,"August 16, 2020",Minnesota,Minneapolis,"22nd St W and Lyndale Ave",0,1,0,0,0,N/A
1765603,"August 16, 2020",Minnesota,Minneapolis,"900 block of 22nd Ave N",0,1,0,0,0,N/A
1766998,"August 16, 2020",Minnesota,Minneapolis,"Columbus Ave S and E 34th St",0,0,0,0,0,N/A
1766992,"August 16, 2020",Minnesota,Minneapolis,"Bloomington Ave and E 28th St",0,0,0,0,0,N/A
1766987,"August 16, 2020",Minnesota,Minneapolis,"E 31st St and 23rd Ave S",0,0,0,0,0,N/A
1765426,"August 15, 2020",Minnesota,Minneapolis,"Lyndale Ave S and W 29th St",0,1,0,0,0,N/A
1767922,"August 15, 2020",Minnesota,"Saint Paul","1600 block of Euclid St",0,0,0,0,0,N/A
1765422,"August 15, 2020",Minnesota,Minneapolis,"1600 block of W 36th St",0,2,0,0,0,N/A
1765421,"August 15, 2020",Minnesota,Minneapolis,"W 27th St and Colfax Ave S",0,0,0,0,0,N/A
1765415,"August 15, 2020",Minnesota,Minneapolis,"3000 block of Dupont Ave N",0,1,0,0,0,N/A
1765222,"August 14, 2020",Minnesota,Minneapolis,"Spruce Pl and W Grant St",0,1,0,0,0,N/A
1765210,"August 14, 2020",Minnesota,Minneapolis,"425 7th St S",1,0,0,0,1,N/A
1764182,"August 14, 2020",Minnesota,Minneapolis,"1700 block of 3rd Ave  E",1,0,0,0,0,N/A
1764180,"August 13, 2020",Minnesota,Minneapolis,"52nd Ave and Fremont Ave",0,1,0,0,0,N/A
1764201,"August 13, 2020",Minnesota,Minneapolis,"N 17th Ave and Emerson Ave N",0,1,0,0,0,N/A
1764198,"August 13, 2020",Minnesota,Minneapolis,"1st St and 5th Ave",0,0,0,0,0,N/A
1764196,"August 13, 2020",Minnesota,Minneapolis,"37th St and Colfax Ave N",0,0,0,0,0,N/A
1764194,"August 13, 2020",Minnesota,Minneapolis,"40th Ave and Emerson Ave",0,1,0,0,0,N/A
1764177,"August 13, 2020",Minnesota,Minneapolis,"22nd Ave and Lyndale Ave",0,1,0,0,0,N/A
1763466,"August 13, 2020",Minnesota,"Minneapolis (Brooklyn Park)","5805 73rd Ave N",1,0,0,0,0,N/A
1762969,"August 12, 2020",Minnesota,Minneapolis,"W Broadway Ave and N Lyndale Ave",0,2,0,0,0,N/A
1762963,"August 12, 2020",Minnesota,Minneapolis,"2300 Plymouth Ave N",0,0,0,0,0,N/A
1763476,"August 12, 2020",Minnesota,Duluth,"N 2nd Ave W and W 3rd St",0,1,0,0,0,N/A
1762560,"August 12, 2020",Minnesota,Rochester,"Eastgate Dr SE",0,0,0,0,1,N/A
1762978,"August 11, 2020",Minnesota,Minneapolis,"3500 block of 1st Ave S",0,0,0,0,0,N/A
1762976,"August 11, 2020",Minnesota,Minneapolis,"2000 block of Chicago Ave S",0,0,0,0,0,N/A
1762069,"August 11, 2020",Minnesota,Minneapolis,"621 N 29th Ave",0,1,0,0,0,N/A
1762063,"August 11, 2020",Minnesota,Minneapolis,"2700 18th Ave S",0,0,0,0,0,N/A
1762090,"August 11, 2020",Minnesota,"Saint Paul","Winnipeg Ave W and N Park St",0,0,0,0,1,N/A
1762581,"August 11, 2020",Minnesota,"Saint Paul","445 Galtier St",0,1,0,0,0,N/A
1762053,"August 11, 2020",Minnesota,Minneapolis,"4100 block of N Bryant Ave",0,2,0,0,0,N/A
1762083,"August 10, 2020",Minnesota,Minneapolis,"2100 N Dupont Ave",0,1,0,0,0,N/A
1762081,"August 10, 2020",Minnesota,Minneapolis,"N Upton Ave",0,1,0,0,0,N/A
1759801,"August 9, 2020",Minnesota,Minneapolis,"E Lake St and S Chicago Ave",1,0,0,0,0,N/A
1759834,"August 9, 2020",Minnesota,Minneapolis,"E 31st St and Park Ave",0,1,0,0,0,N/A
1760123,"August 9, 2020",Minnesota,"Saint Paul","N Sibley St and 4th St E",0,2,0,0,0,N/A
1762073,"August 8, 2020",Minnesota,Minneapolis,"700 block of 6th Ave SE",0,0,0,0,0,N/A
1759826,"August 8, 2020",Minnesota,Minneapolis,"2200 block of Aldrich Ave N",0,1,0,0,0,N/A
1758580,"August 8, 2020",Minnesota,Minneapolis,"5800 block of Bossen Ter",0,0,0,0,0,N/A
1758941,"August 8, 2020",Minnesota,Minneapolis,"4739 Hiawatha Ave",0,0,0,1,1,N/A
1758473,"August 8, 2020",Minnesota,Minneapolis,"2900 block of NE Tyler St",0,1,0,0,0,N/A
1758471,"August 8, 2020",Minnesota,Minneapolis,"3500 block of Columbus Ave S",0,1,0,0,0,N/A
1758569,"August 7, 2020",Minnesota,Minneapolis,"1300 block of Olson Memorial Hwy",0,0,0,0,0,N/A
1758484,"August 7, 2020",Minnesota,Minneapolis,"100 block of 15th St",0,1,0,0,0,N/A
1757016,"August 6, 2020",Minnesota,"Saint Paul","US-10 and E Wheelock Pkwy",0,1,0,0,0,N/A
1757493,"August 6, 2020",Minnesota,"Albert Lea","900 block of W Front St",0,0,0,0,1,N/A
1756655,"August 5, 2020",Minnesota,"Saint Paul","300 block of Winona St W",0,0,0,0,0,N/A
1755325,"August 4, 2020",Minnesota,Minneapolis,"19th St E and Elliot Ave",1,0,0,0,0,N/A
1754355,"August 3, 2020",Minnesota,Minneapolis,"600 block of 22nd Ave NE",0,0,0,0,0,N/A
1753899,"August 3, 2020",Minnesota,Minneapolis,"4th St SE and 12th Ave SE",0,1,0,0,0,N/A
1753901,"August 2, 2020",Minnesota,Minneapolis,"200 block of W 15th St",0,1,0,0,0,N/A
1752676,"August 1, 2020",Minnesota,Minneapolis,"1600 block of Hillside Ave N",0,1,0,0,0,N/A
1752672,"August 1, 2020",Minnesota,Minneapolis,"N Thomas Ave and N 29th Ave",0,1,0,0,0,N/A
1752671,"August 1, 2020",Minnesota,Minneapolis,"1300 block of W 28th St",0,0,0,0,0,N/A
1752669,"August 1, 2020",Minnesota,"Minneapolis (Brooklyn Park)","8000 block of Brooklyn Blvd",0,1,0,0,0,N/A
1752475,"August 1, 2020",Minnesota,Minneapolis,"1st Ave N and 5th St",0,3,0,0,0,N/A
1752473,"August 1, 2020",Minnesota,Minneapolis,"Golden Valley Rd",0,1,0,0,0,N/A
1753120,"August 1, 2020",Minnesota,Minneapolis,"E 25th St and Chicago Ave S",0,1,0,0,0,N/A
1753102,"August 1, 2020",Minnesota,Minneapolis,"1500 block of E 19th St",1,0,0,0,0,N/A
1752469,"July 31, 2020",Minnesota,Minneapolis,"4000 block of N Humboldt Ave",1,0,0,0,1,N/A
1752666,"July 31, 2020",Minnesota,"Saint Paul","1300 block of Sherburn Ave",0,1,0,1,0,N/A
1751430,"July 31, 2020",Minnesota,"Saint Paul","John Ireland Blvd and Marshall Ave",0,1,0,1,1,N/A
1751704,"July 31, 2020",Minnesota,Minneapolis,"1800 block of Bryant Ave N",0,1,0,0,0,N/A
1751690,"July 31, 2020",Minnesota,Minneapolis,"4900 block of Upton Ave N",0,1,0,0,0,N/A
1751423,"July 31, 2020",Minnesota,Duluth,"29 W 11th St",0,1,0,0,0,N/A
1750882,"July 30, 2020",Minnesota,"Saint Paul","MN-36 and Rice St",0,0,0,0,1,N/A
1752640,"July 30, 2020",Minnesota,"Saint Paul (West Saint Paul)","1625 Humboldt Ave",0,0,0,1,1,N/A
1750588,"July 30, 2020",Minnesota,Minneapolis,"E 22nd St and Elliot Ave",0,0,0,0,0,N/A
1750586,"July 30, 2020",Minnesota,Minneapolis,"1604 E Lake St",0,1,0,0,0,N/A
1758505,"July 30, 2020",Minnesota,"Elk River","US-169 and Ranch Rd",0,0,0,0,1,N/A
1750870,"July 30, 2020",Minnesota,"Saint Paul","Winnipeg Ave and Park St",0,0,0,0,0,N/A
1750868,"July 30, 2020",Minnesota,"Minneapolis (Blaine)","3200 block of 91st Curve NE",0,0,0,0,1,N/A
1750863,"July 30, 2020",Minnesota,Minneapolis,"2400 block of 18th Ave S",0,1,0,0,0,N/A
1750591,"July 29, 2020",Minnesota,Minneapolis,"Lyndale Ave and W Broadway Ave",0,1,0,0,0,N/A
1750590,"July 29, 2020",Minnesota,Minneapolis,"1500 block of 22nd Ave N",0,0,0,0,0,N/A
1750419,"July 29, 2020",Minnesota,Minneapolis,"Glenwood Ave and Knox Ave N",0,1,0,0,0,N/A
1750161,"July 29, 2020",Minnesota,Minneapolis,"2400 block of 18th Ave S",1,1,0,0,1,N/A
1748542,"July 28, 2020",Minnesota,Minneapolis,"505 W Lake St",0,1,0,0,0,N/A
1749507,"July 28, 2020",Minnesota,Minneapolis,"3600 Block of Aldrich Ave N",0,0,0,0,0,N/A
1749496,"July 28, 2020",Minnesota,Minneapolis,"E Minnehaha Pkwy and 28th Ave S",0,0,0,0,0,N/A
1748546,"July 28, 2020",Minnesota,"Saint Paul","1700 block of Thomas Ave",0,1,0,0,0,N/A
1754903,"July 28, 2020",Minnesota,"Minneapolis (Brooklyn Park)","600 block of 81st Ave N",0,0,0,0,0,N/A
1747522,"July 27, 2020",Minnesota,Minneapolis,"2300 block of Irving Ave N",0,2,0,0,0,N/A
1748535,"July 27, 2020",Minnesota,"Minneapolis (Brooklyn Park)","6500 block of Zane Ave N",0,0,0,0,0,N/A
1747959,"July 27, 2020",Minnesota,"Saint Paul","1900 block of Upper Afton Rd",0,1,0,0,0,N/A
1747968,"July 27, 2020",Minnesota,Minneapolis,"26th Ave NE and Ulysses St NE",0,1,0,0,0,N/A
1746924,"July 26, 2020",Minnesota,Minneapolis,"2700 block of 14th Ave",0,0,0,0,0,N/A
1746918,"July 26, 2020",Minnesota,"Minneapolis (Brooklyn Park)","Zane Ave and 63rd Ave N",0,0,0,0,0,N/A
1747459,"July 26, 2020",Minnesota,"Saint Paul","Edmund St and St Albans St",1,0,0,0,1,N/A
1747617,"July 26, 2020",Minnesota,Rochester,"1216 2nd St SW",0,1,0,0,0,N/A
1745819,"July 25, 2020",Minnesota,Minneapolis,"3700 block of Elliot Ave S",0,1,0,0,0,N/A
1746078,"July 25, 2020",Minnesota,Minneapolis,"1600 block of Plymouth Ave N",0,2,0,0,0,N/A
1746071,"July 25, 2020",Minnesota,Minneapolis,"1000 block of Logan Ave N",0,2,0,0,0,N/A
1746354,"July 25, 2020",Minnesota,Minneapolis,"E Franklin Ave and Chicago Ave",0,1,0,0,0,N/A
1745827,"July 24, 2020",Minnesota,"Minneapolis (Brooklyn Park)","Unity Ave N and 73rd Ave N",0,0,0,0,0,N/A
1745813,"July 24, 2020",Minnesota,Minneapolis,"I-394 and Penn Ave S",0,1,0,0,0,N/A
1745745,"July 24, 2020",Minnesota,"Minneapolis (Bloomington)","7851 Normandale Blvd",0,1,0,0,1,N/A
1748514,"July 24, 2020",Minnesota,Fertile,"111 Albert Ave NW",1,0,0,0,0,N/A
1744241,"July 23, 2020",Minnesota,"Minneapolis (Brooklyn Park)","6321 Zane Ave N",0,1,0,0,0,N/A
1743823,"July 23, 2020",Minnesota,Minneapolis,"2500 block of 15th Ave S",0,1,0,0,0,N/A
1743831,"July 23, 2020",Minnesota,Minneapolis,"4th Ave SE and 4th St SE",0,1,0,0,0,N/A
1744247,"July 23, 2020",Minnesota,"Saint Paul","1400 block of Arkwright St",0,0,0,0,1,N/A
1743840,"July 23, 2020",Minnesota,Minneapolis,"E 35th St and Chicago Ave S",1,0,0,0,0,N/A
1744392,"July 23, 2020",Minnesota,"Saint Paul (New Brighton)","20th Ave NW and NW 14th St",0,1,0,0,0,N/A
1744255,"July 23, 2020",Minnesota,Minneapolis,"2900 block of Newton Ave",0,0,0,0,0,N/A
1744236,"July 23, 2020",Minnesota,Minneapolis,"2200 block of 4th Ave N",0,1,0,0,0,N/A
1743039,"July 23, 2020",Minnesota,Glyndon,N/A,0,0,0,0,0,N/A
1743924,"July 22, 2020",Minnesota,Minneapolis,"N 7th St and Aldrich Ave",0,0,0,0,0,N/A
1743918,"July 22, 2020",Minnesota,Minneapolis,"3800 block of 12th St",0,0,0,0,0,N/A
1743860,"July 22, 2020",Minnesota,"Saint Paul","390 Maryland Ave E",0,1,0,0,0,N/A
1743850,"July 22, 2020",Minnesota,Minneapolis,"35th St and 10th Ave S",0,0,0,0,0,N/A
1743842,"July 22, 2020",Minnesota,Minneapolis,"2200 block of Aldrich Ave S",0,1,0,0,0,N/A
1742036,"July 21, 2020",Minnesota,Minneapolis,"800 E 28th St",0,1,0,0,0,N/A
1741315,"July 21, 2020",Minnesota,Minneapolis,"3845 S Hiawatha Ave S",0,1,0,0,0,N/A
1741312,"July 21, 2020",Minnesota,"Saint Paul","University Ave and N Asbury St",0,1,0,0,0,N/A
1744231,"July 21, 2020",Minnesota,"Saint Paul","500 block of Summit Ave",0,0,0,0,0,N/A
1740713,"July 20, 2020",Minnesota,Minneapolis,"1000 block of E 22nd St",1,0,0,0,0,N/A
1739005,"July 18, 2020",Minnesota,Minneapolis,"3000 block of Columbus Ave S",0,1,0,0,0,N/A
1742371,"July 18, 2020",Minnesota,Aurora,"26 W 3rd Ave N",0,0,0,0,0,N/A
1744902,"July 17, 2020",Minnesota,Minneapolis,"3700 block of Elliot Ave",0,1,0,0,0,N/A
1744926,"July 17, 2020",Minnesota,Minneapolis,"32nd St E and Park Ave",0,0,0,0,0,N/A
1743570,"July 17, 2020",Minnesota,Austin,"1300 block of 1st Pl SE",0,0,0,0,0,N/A
1737984,"July 16, 2020",Minnesota,"Albert Lea","1201 Gene St",0,1,0,0,1,N/A
1744936,"July 16, 2020",Minnesota,Minneapolis,"38th St E and Chicago Ave",0,0,0,0,0,N/A
1743561,"July 16, 2020",Minnesota,"Minneapolis (Crystal)","57th Ave and W Broadway Ave",0,0,0,0,1,N/A
1744900,"July 16, 2020",Minnesota,Minneapolis,"3400 block 15th Ave S",0,1,0,0,0,N/A
1736952,"July 16, 2020",Minnesota,Minneapolis,"14th Ave S and E 33rd St",0,1,0,0,0,N/A
1737995,"July 16, 2020",Minnesota,"Albert Lea","1007 Dunham St",0,0,0,0,0,N/A
1740428,"July 16, 2020",Minnesota,"Saint Paul","100 block of Bigelow Ln",0,0,0,0,0,N/A
1740427,"July 16, 2020",Minnesota,"Saint Paul","1000 block of Hudson Rd",0,0,0,0,0,N/A
1737413,"July 16, 2020",Minnesota,Minneapolis,"730 E 22nd St",0,2,0,0,0,N/A
1737421,"July 16, 2020",Minnesota,Minneapolis,"Sheridan Ave N",0,1,0,0,0,N/A
1745845,"July 15, 2020",Minnesota,Minneapolis,"4000 block of 5th Ave S",0,0,0,0,0,N/A
1735909,"July 15, 2020",Minnesota,Minneapolis,"2000 block of Chicago Ave",0,0,0,0,0,N/A
1735905,"July 15, 2020",Minnesota,Minneapolis,"2500 block of Harriet Ave S",0,0,0,0,0,N/A
1736358,"July 15, 2020",Minnesota,"Minneapolis (Brooklyn Park)","6321 Zane Ave N",0,1,0,0,0,N/A
1740424,"July 15, 2020",Minnesota,"Saint Paul","Bush Ave and Van Dyke St",0,2,0,0,0,N/A
1740420,"July 15, 2020",Minnesota,"Saint Paul","2000 block of Suburban Ave",0,0,0,0,1,N/A
1736366,"July 15, 2020",Minnesota,"Saint Paul","Western Ave N and Concordia Ave W",1,0,0,2,2,N/A
1735169,"July 15, 2020",Minnesota,"Saint Paul","University Ave and Asbury St",0,1,0,0,0,N/A
1736380,"July 15, 2020",Minnesota,Minneapolis,"Cedar Ave and S 7th St",0,0,0,0,0,N/A
1736378,"July 15, 2020",Minnesota,Minneapolis,"N Colfax Ave and 36th Ave N",0,1,0,0,0,N/A
1736361,"July 15, 2020",Minnesota,"Saint Paul","Victoria St and Fuller Ave",0,0,0,0,0,N/A
1735462,"July 14, 2020",Minnesota,Minneapolis,"2500 block of 10th Ave S",1,0,0,0,0,N/A
1734676,"July 14, 2020",Minnesota,Minneapolis,"Hennepin Ave and S 10th St",0,0,0,0,0,N/A
1734674,"July 14, 2020",Minnesota,Minneapolis,"S James Ave and W 36th St",0,1,0,0,0,N/A
1734640,"July 14, 2020",Minnesota,Minneapolis,"Oliver Ave N and N 29th Ave",0,1,0,0,0,N/A
1735185,"July 14, 2020",Minnesota,Minneapolis,"2600 block of Cedar Ave",0,0,0,0,0,N/A
1735184,"July 14, 2020",Minnesota,Minneapolis,"3600 block of Elliot Ave S",0,0,0,0,0,N/A
1735183,"July 14, 2020",Minnesota,Minneapolis,"24th St and 11th Ave S",0,0,0,0,0,N/A
1735182,"July 14, 2020",Minnesota,Minneapolis,"1900 block of Oliver Ave N",0,0,0,0,0,N/A
1734663,"July 14, 2020",Minnesota,Minneapolis,"10th Ave S and E 32nd St",0,1,0,0,0,N/A
1745768,"July 13, 2020",Minnesota,"Minneapolis (Fridley)","Rice Creek Blvd NE",0,0,0,0,3,N/A
1734666,"July 13, 2020",Minnesota,Minneapolis,"3200 block of Logan Ave N",0,1,0,0,0,N/A
1733896,"July 13, 2020",Minnesota,Minneapolis,"2500 block of Golden Valley Rd",1,0,0,0,0,N/A
1735165,"July 13, 2020",Minnesota,"Saint Paul","Burns Ave and US-10",0,2,0,0,0,N/A
1735163,"July 13, 2020",Minnesota,"Saint Paul","Marshall Ave",0,1,0,0,0,N/A
1733514,"July 13, 2020",Minnesota,"Saint Paul (Mendota Heights)",MN-55,0,0,1,0,0,N/A
1733904,"July 13, 2020",Minnesota,Minneapolis,"Lyndale Ave S and 25th St W",0,1,0,0,0,N/A
1733900,"July 13, 2020",Minnesota,Minneapolis,"400 block of Fillmore St NE",0,1,0,0,0,N/A
1738434,"July 12, 2020",Minnesota,Minneapolis,"33rd St E and 14th Ave S",0,0,0,0,0,N/A
1735852,"July 12, 2020",Minnesota,Brainerd,"200 block of Hawkins Dr",0,0,0,0,1,N/A
1733519,"July 12, 2020",Minnesota,Minneapolis,"W Broadway Ave and N Bryant Ave",0,1,0,0,0,N/A
1733517,"July 12, 2020",Minnesota,"Saint Paul","Cypress St and 3rd St E",0,0,0,0,0,N/A
1733488,"July 12, 2020",Minnesota,"Saint Paul","700 block of N Milton St",0,1,0,0,0,N/A
1733480,"July 12, 2020",Minnesota,"Saint Paul","Maryland Ave E and White Bear Ave",0,0,0,0,0,N/A
1733475,"July 12, 2020",Minnesota,"Saint Paul","University Ave and Fairview Ave",0,1,0,0,0,N/A
1733468,"July 12, 2020",Minnesota,"Saint Paul","Rice St and Arlington Ave W",0,0,0,0,0,N/A
1733451,"July 12, 2020",Minnesota,Minneapolis,"600 block of 23rd Ave N",0,0,0,0,0,N/A
1732762,"July 12, 2020",Minnesota,Minneapolis,"3300 block of France Ave N",0,0,0,1,0,N/A
1731934,"July 11, 2020",Minnesota,Minneapolis,"3100 block of Emerson Ave N",0,1,0,0,0,N/A
1732813,"July 11, 2020",Minnesota,Minneapolis,"38th St E and Chicago Ave",0,1,0,0,0,N/A
1732829,"July 11, 2020",Minnesota,Duluth,"Raleigh St and 56th Ave W",0,0,0,0,0,N/A
1732825,"July 11, 2020",Minnesota,Duluth,"100 block of E 3rd St",0,1,0,0,0,N/A
1732738,"July 11, 2020",Minnesota,Minneapolis,"7900 block of Lad Parkway N",0,1,0,0,0,N/A
1732789,"July 11, 2020",Minnesota,Minneapolis,"900 block of E 22nd St",0,0,0,0,0,N/A
1737966,"July 11, 2020",Minnesota,"Minneapolis (Bloomington)","7815 Nicollet Ave",1,0,0,0,1,N/A
1731928,"July 11, 2020",Minnesota,Minneapolis,"26th Ave and Emerson Ave",1,0,0,0,1,N/A
1731614,"July 11, 2020",Minnesota,Minneapolis,"3300 block of 1st Ave S",0,0,0,0,0,N/A
1730568,"July 10, 2020",Minnesota,Minneapolis,"2900 block of N 6th St",1,1,0,0,0,N/A
1731298,"July 10, 2020",Minnesota,Minneapolis,"Chicago Ave and E 37th St",0,0,0,0,0,N/A
1731027,"July 10, 2020",Minnesota,Minneapolis,"1700 Bryant Ave N",0,1,0,0,0,N/A
1730909,"July 10, 2020",Minnesota,Rochester,"1600 block of 8th St S",0,1,0,0,0,N/A
1731301,"July 10, 2020",Minnesota,Minneapolis,"4700 block of Bryant Ave N",0,1,0,0,0,N/A
1730557,"July 10, 2020",Minnesota,Minneapolis,"E 29th St and Park Ave S",0,1,0,0,0,N/A
1730564,"July 10, 2020",Minnesota,Minneapolis,"E 38th St and Chicago Ave S",0,2,0,0,0,N/A
1731306,"July 10, 2020",Minnesota,"Saint Paul","Van Dyke St and Wilson Ave",0,0,0,0,0,N/A
1731304,"July 10, 2020",Minnesota,Minneapolis,"1400 block of 26th Ave N",0,1,0,0,0,N/A
1738425,"July 9, 2020",Minnesota,Minneapolis,"38th St E and Chicago Ave",0,1,0,0,0,N/A
1729981,"July 9, 2020",Minnesota,Minneapolis,"Lake St E and Chicago Ave",0,1,0,0,0,N/A
1729566,"July 9, 2020",Minnesota,Minneapolis,"E 32nd St and 2nd Ave S",0,2,0,0,0,N/A
1729975,"July 9, 2020",Minnesota,Minneapolis,"36th Ave N and Logan Ave N",0,1,0,0,0,N/A
2039474,"July 9, 2020",Minnesota,Wheaton,MN-27,1,0,0,0,0,N/A
1730205,"July 9, 2020",Minnesota,Minneapolis,"24th St E and Cedar Ave S",0,2,0,0,0,N/A
1730551,"July 9, 2020",Minnesota,Minneapolis,"N 6th St and 21st Ave N",0,1,0,0,0,N/A
1730234,"July 9, 2020",Minnesota,Minneapolis,"N Dowling Ave and Fremont Ave N",0,0,0,0,0,N/A
1730233,"July 9, 2020",Minnesota,Minneapolis,"5100 block of Vincent Ave N",0,0,0,0,0,N/A
1730226,"July 9, 2020",Minnesota,Minneapolis,"1700 block of E Lake St",0,0,0,0,1,N/A
1730216,"July 9, 2020",Minnesota,Minneapolis,"N Lyndale Ave and N 25th Ave",0,1,0,0,0,N/A
1729569,"July 8, 2020",Minnesota,Minneapolis,"W 27th St and Grand Ave S",0,0,0,0,0,N/A
1730914,"July 8, 2020",Minnesota,Rochester,"1600 block of 8th S",0,0,0,0,1,N/A
1729025,"July 8, 2020",Minnesota,Minneapolis,"N Queen Ave and 36th Ave N",0,0,0,0,0,N/A
1729571,"July 8, 2020",Minnesota,Minneapolis,"2600 block of Broadway",0,1,0,0,0,N/A
1729565,"July 8, 2020",Minnesota,Minneapolis,"2200 block of Fremont Ave",0,0,0,0,0,N/A
1728507,"July 7, 2020",Minnesota,Minneapolis,"3500 block of 35th St E",0,0,0,0,0,N/A
1728501,"July 7, 2020",Minnesota,"Saint Paul","Marion St and Geranium Ave W",0,1,0,0,0,N/A
1728491,"July 7, 2020",Minnesota,Minneapolis,"24th St and 18th Ave",0,1,0,0,0,N/A
1728541,"July 7, 2020",Minnesota,Minneapolis,"3200 block of 2nd Ave S",1,0,0,0,0,N/A
1728546,"July 7, 2020",Minnesota,Minneapolis,"10th St N and Hawthorne Ave",0,1,0,0,0,N/A
1728543,"July 7, 2020",Minnesota,"Saint Paul","300 block of Fuller Ave",0,0,0,0,0,N/A
1728544,"July 7, 2020",Minnesota,Minneapolis,"2100 block of Emerson Ave N",1,1,0,0,0,N/A
1728726,"July 7, 2020",Minnesota,Minneapolis,N/A,0,1,0,0,0,N/A
1728510,"July 6, 2020",Minnesota,"Saint Paul","300 block of Portland Ave",0,0,0,0,0,N/A
1728495,"July 6, 2020",Minnesota,Minneapolis,"1100 block of 25th Ave N",0,1,0,0,0,N/A
1727444,"July 6, 2020",Minnesota,"Minneapolis (Spring Lake Park)","7700 block of Jackson St NE",0,0,0,0,1,N/A
1727131,"July 6, 2020",Minnesota,Minneapolis,"N Aldrich Ave and N 41st Ave",0,0,0,0,0,N/A
1727438,"July 6, 2020",Minnesota,Minneapolis,"Humboldt Ave N and 49th Ave N",0,1,0,0,0,N/A
1727451,"July 6, 2020",Minnesota,"Saint Paul","1000 block of E 4th St",0,0,0,0,0,N/A
1727449,"July 6, 2020",Minnesota,"Saint Paul","200 block of N Kent St",0,1,0,0,0,N/A
1726874,"July 5, 2020",Minnesota,Minneapolis,"E 37th St and S Elliot Ave",1,1,0,0,1,N/A
1725555,"July 5, 2020",Minnesota,Minneapolis,"600 block of 37th Ave NE",0,0,0,0,0,N/A
1725553,"July 5, 2020",Minnesota,"Saint Paul","800 block of Jenks Ave E",0,0,0,0,0,N/A
1725546,"July 5, 2020",Minnesota,Minneapolis,"5100 block of Knox Ave N",0,1,0,0,0,N/A
1727156,"July 4, 2020",Minnesota,Minneapolis,"E 1st St",0,0,0,0,1,N/A
1727150,"July 4, 2020",Minnesota,Duluth,N/A,0,0,0,0,1,N/A
1727134,"July 4, 2020",Minnesota,Duluth,N/A,0,0,0,0,1,N/A
1725544,"July 4, 2020",Minnesota,"Zumbro Falls","404th Ave",1,0,0,0,0,N/A
1725554,"July 4, 2020",Minnesota,Minneapolis,"2800 block of Pillsbury Ave",0,0,0,0,0,N/A
1725491,"July 4, 2020",Minnesota,"Minneapolis (Brooklyn Park)","7900 block of Aldrich Ave N",0,4,0,0,0,N/A
1724593,"July 4, 2020",Minnesota,"Saint Paul","1060 Edgewater Blvd",0,1,0,0,0,N/A
1723732,"July 3, 2020",Minnesota,Minneapolis,"Chicago Ave and Franklin Ave",0,2,0,0,0,N/A
1724625,"July 3, 2020",Minnesota,Minneapolis,"2800 block of 27th Ave",0,0,0,0,0,N/A
1723755,"July 3, 2020",Minnesota,Minneapolis,"1840 Penn Ave N",0,1,0,0,1,N/A
1723146,"July 2, 2020",Minnesota,"Saint Paul","Winnipeg Ave W and Rice St",0,0,0,0,0,N/A
1723135,"July 2, 2020",Minnesota,Minneapolis,"1924 Chicago Ave S",0,0,0,0,0,N/A
1722873,"July 2, 2020",Minnesota,Minneapolis,"N 21st Ave and N 4th St",1,0,0,0,0,N/A
1722439,"July 1, 2020",Minnesota,Minneapolis,"E 21st Ave and Bloomington Ave",0,1,0,0,0,N/A
1722926,"July 1, 2020",Minnesota,Minneapolis,"10th Ave S and E 24th St",0,0,0,0,0,N/A
1722166,"July 1, 2020",Minnesota,Minneapolis,"E Franklin Ave and Chicago Ave",0,1,0,0,0,N/A
1721676,"July 1, 2020",Minnesota,"Saint Paul","1537 University Ave W",1,0,0,0,1,N/A
1721529,"June 30, 2020",Minnesota,Minneapolis,"2800 block of Delaware St SE",0,0,0,0,1,N/A
1721087,"June 30, 2020",Minnesota,"Saint Paul","2000 block of Como Ave",0,1,0,0,0,N/A
1721527,"June 30, 2020",Minnesota,Minneapolis,"1122 Lowry Ave N",0,1,0,0,0,N/A
1721096,"June 29, 2020",Minnesota,Shafer,"Quinlan Ln",0,0,0,0,1,N/A
1720035,"June 29, 2020",Minnesota,Minneapolis,"1900 block of Elliot Ave",0,0,0,0,0,N/A
1720034,"June 29, 2020",Minnesota,Minneapolis,"1600 block of Vincent Ave N",0,0,0,0,0,N/A
1720595,"June 29, 2020",Minnesota,Minneapolis,"3700 block of N 6th St",0,0,0,0,0,N/A
1720591,"June 29, 2020",Minnesota,Minneapolis,"700 block of 21st Ave N",0,1,0,0,0,N/A
1720580,"June 29, 2020",Minnesota,Minneapolis,"Nicollet Ave and S 10th St",0,1,0,0,0,N/A
1719546,"June 28, 2020",Minnesota,Minneapolis,"W Broadway Ave and Fremont Ave N",0,0,0,0,0,N/A
1719531,"June 28, 2020",Minnesota,"Saint Paul","600 block of Bedford St",0,1,0,0,0,N/A
1719418,"June 28, 2020",Minnesota,Minneapolis,"2400 block of 18th Ave South",0,1,0,0,0,N/A
1720194,"June 28, 2020",Minnesota,Rochester,"300 block of 16th St NE",0,0,0,0,0,N/A
1720189,"June 28, 2020",Minnesota,Rochester,"2800 block of Northern Valley Dr NE",0,1,0,0,0,N/A
1719543,"June 28, 2020",Minnesota,Minneapolis,"2400 block of Elliot Ave S",0,0,0,0,0,N/A
1719117,"June 28, 2020",Minnesota,Minneapolis,"W 45th St and Wentworth Ave",0,0,0,0,0,N/A
1719539,"June 28, 2020",Minnesota,"Minneapolis (Columbia Heights)","3900 block of University Ave NE",0,0,0,0,0,N/A
1720015,"June 28, 2020",Minnesota,"Minneapolis (Bloomington)","2231 Killebrew Dr",0,0,0,0,0,N/A
1719412,"June 28, 2020",Minnesota,Minneapolis,N/A,0,1,0,0,0,N/A
1718909,"June 27, 2020",Minnesota,Minneapolis,"2600 block of 10th Ave",0,0,0,0,0,N/A
1719080,"June 27, 2020",Minnesota,Minneapolis,"24th Ave N and 6th St N",0,2,0,0,0,N/A
1718703,"June 27, 2020",Minnesota,"Saint Paul","Maryland Ave E and Payne Ave",0,1,0,0,0,N/A
1718691,"June 27, 2020",Minnesota,"Saint Paul","Arlington Ave W and Rice St",0,1,0,0,0,N/A
1718697,"June 27, 2020",Minnesota,"Saint Paul","Pierce Butler Route",0,0,0,0,0,N/A
1718354,"June 27, 2020",Minnesota,Minneapolis,"430 N 1st Ave",0,2,0,0,1,N/A
1718342,"June 27, 2020",Minnesota,Minneapolis,"3200 block of 6th St N",0,1,0,0,0,N/A
1722898,"June 27, 2020",Minnesota,"Saint Paul","1100 block of Arundel St",0,0,0,0,0,N/A
1722885,"June 27, 2020",Minnesota,Chisholm,"McNiven Rd",0,0,0,0,2,N/A
1723707,"June 27, 2020",Minnesota,Austin,"700 block of 11th St NE",0,0,0,0,1,N/A
1718898,"June 27, 2020",Minnesota,Minneapolis,"730 E 22nd St",0,1,0,0,0,N/A
1719113,"June 27, 2020",Minnesota,Minneapolis,"3000 block of 4th St E",0,0,0,0,0,N/A
1719103,"June 27, 2020",Minnesota,"Saint Paul","3rd St E and Hazelwood St",0,1,0,0,0,N/A
1718905,"June 27, 2020",Minnesota,"Saint Paul","1000 block of 4th St E",0,1,0,0,0,N/A
1717822,"June 26, 2020",Minnesota,Minneapolis,"1700 block of Queen Ave N",0,2,0,0,0,N/A
1717821,"June 26, 2020",Minnesota,"Saint Paul","Central Ave and Dale St",0,0,0,0,0,N/A
1718363,"June 26, 2020",Minnesota,"Minneapolis (Spring Lake Park)","7700 block of Jackson St NE",0,0,0,0,1,N/A
1717420,"June 26, 2020",Minnesota,"Sauk Rapids","700 block of Broadway Ave S",0,1,0,0,0,N/A
1716605,"June 25, 2020",Minnesota,Minneapolis,"18th St E and 11th Ave S",0,1,0,0,0,N/A
1716686,"June 25, 2020",Minnesota,Minneapolis,"W 49th St and Emerson Ave S",0,1,0,0,0,N/A
1717606,"June 25, 2020",Minnesota,Minneapolis,"3700 block of 6th St N",0,0,0,0,0,N/A
1716926,"June 25, 2020",Minnesota,"Saint Paul","200 block of South St W",0,0,0,0,0,N/A
1716936,"June 25, 2020",Minnesota,Minneapolis,"E 27th St and West River Pkwy S",0,0,0,0,0,N/A
1716934,"June 25, 2020",Minnesota,Minneapolis,"3700 block of 6th St N",0,0,0,0,0,N/A
1717597,"June 25, 2020",Minnesota,Minneapolis,"1900 block of EM Stately St",0,1,0,0,2,N/A
1715929,"June 24, 2020",Minnesota,Minneapolis,"Plymouth Ave N and Logan Ave N",0,1,0,0,0,N/A
1715922,"June 24, 2020",Minnesota,Minneapolis,"500 block of 8th Ave NE",0,0,0,0,0,N/A
1716696,"June 24, 2020",Minnesota,"Waite Park","10 block of Cherry St",0,0,1,0,0,N/A
1716678,"June 24, 2020",Minnesota,Minneapolis,"N 21st Ave and Bryant Ave N",0,1,0,0,0,N/A
1716669,"June 24, 2020",Minnesota,Minneapolis,"36th Ave N and N 6th St",0,1,0,0,0,N/A
1716658,"June 24, 2020",Minnesota,Minneapolis,"3100 Russell Ave N",0,1,0,0,0,N/A
1715481,"June 24, 2020",Minnesota,Andover,"300 block of Andover Blvd NW",0,0,1,0,0,N/A
1716548,"June 24, 2020",Minnesota,"Minneapolis (Bloomington)","4500 block of W 88th St",0,0,0,0,0,N/A
1718009,"June 24, 2020",Minnesota,Winona,"7th St and and Druey Ct",0,0,0,0,1,N/A
1715568,"June 23, 2020",Minnesota,Minneapolis,"N 29th Ave and Logan Ave N",0,0,0,0,0,N/A
1714804,"June 23, 2020",Minnesota,Minneapolis,"4100 block of Aldrich Ave",1,0,0,0,0,N/A
1713381,"June 22, 2020",Minnesota,Minneapolis,"2100 block of Bryant Ave N",0,1,0,0,1,N/A
1712830,"June 22, 2020",Minnesota,Austin,"300 block of S Main St",0,0,0,0,1,N/A
1715506,"June 22, 2020",Minnesota,Minneapolis,"2927 N Irving Ave",0,0,0,0,0,N/A
1712876,"June 22, 2020",Minnesota,Minneapolis,"N Morgan Ave and N 16th Ave",0,4,0,0,0,N/A
1712898,"June 22, 2020",Minnesota,Minneapolis,"627 W Broadway",0,4,0,0,0,N/A
1714268,"June 22, 2020",Minnesota,Minneapolis,"N 25th Ave and N 4th St",0,1,0,0,0,N/A
1712834,"June 22, 2020",Minnesota,Austin,"800 block of 6th Ave SE",0,0,0,0,0,N/A
1713977,"June 22, 2020",Minnesota,"Minneapolis (Crystal)","5216 W Broadway Ave",0,3,0,0,0,N/A
1711670,"June 21, 2020",Minnesota,"Minneapolis (Crystal)","5216 W Broadway Ave",1,0,0,0,0,N/A
1712518,"June 21, 2020",Minnesota,Minneapolis,"3315 Bryant Ave N",1,0,0,0,0,N/A
1712089,"June 21, 2020",Minnesota,Minneapolis,"2000 block of Lyndale Ave N",0,1,0,0,0,N/A
1712082,"June 21, 2020",Minnesota,Minneapolis,"3100 block of Girard Ave N",0,1,0,0,0,N/A
1712070,"June 21, 2020",Minnesota,Minneapolis,"Plymouth Ave and Morgan Ave",0,1,0,0,0,N/A
1711410,"June 21, 2020",Minnesota,Minneapolis,"2939 Hennepin Ave S",0,11,0,0,0,N/A
1714321,"June 21, 2020",Minnesota,Austin,"1800 block of 4th Ave NW",0,0,0,0,1,N/A
1712846,"June 21, 2020",Minnesota,Minneapolis,"49th St N and Emerson Ave N",0,0,0,0,0,N/A
1712844,"June 21, 2020",Minnesota,Minneapolis,"Franklin Ave and Chicago Ave S",0,1,0,0,0,N/A
1717221,"June 21, 2020",Minnesota,Rochester,"1500 block of 4th Ave SE",0,0,0,0,1,N/A
1714262,"June 21, 2020",Minnesota,Minneapolis,"7th St N and 1st Ave N",1,0,0,0,1,N/A
1721102,"June 20, 2020",Minnesota,Minneapolis,"100 block of 4th St NE",0,0,0,0,1,N/A
1711336,"June 20, 2020",Minnesota,Minneapolis,"800 block of 21st Ave N",0,2,0,0,0,N/A
1711332,"June 20, 2020",Minnesota,Minneapolis,"2700 block of University Ave SE",0,1,0,0,0,N/A
1711329,"June 20, 2020",Minnesota,Minneapolis,"1100 block of Olson Memorial Hwy",0,1,0,0,0,N/A
1722882,"June 19, 2020",Minnesota,"Saint Paul","425 Rice St",0,1,0,0,1,N/A
1710186,"June 19, 2020",Minnesota,"Saint Paul","800 block of Central Ave W",0,1,0,0,0,N/A
1711065,"June 19, 2020",Minnesota,Minneapolis,"Lyndale Ave S and W 22nd St",0,0,0,0,0,N/A
1710904,"June 19, 2020",Minnesota,Minneapolis,"700 block of W Broadway Ave",0,2,0,0,0,N/A
1710304,"June 19, 2020",Minnesota,Minneapolis,"54th St and 28th Ave",0,2,0,0,1,N/A
1710285,"June 19, 2020",Minnesota,Minneapolis,"E 38th St and Chicago Ave",1,0,0,0,0,N/A
1710176,"June 19, 2020",Minnesota,Minneapolis,"3400 block of Elliot Ave S",1,0,0,0,0,N/A
1709464,"June 19, 2020",Minnesota,"Saint Paul","970 block of Wakefield Ave",0,0,0,0,0,N/A
1711341,"June 19, 2020",Minnesota,"Saint Paul (Maplewood)","2300 block of E Stillwater Rd",0,0,0,0,0,N/A
1709191,"June 18, 2020",Minnesota,"Saint Paul","100 block of Bigelow Ln",0,0,0,0,0,N/A
1709187,"June 18, 2020",Minnesota,"Saint Paul","1000 block of Hudson Rd",0,0,0,0,0,N/A
1710183,"June 18, 2020",Minnesota,"Cannon Falls","115 Village Ave E",0,1,0,0,1,N/A
1709164,"June 17, 2020",Minnesota,Minneapolis,"Plymouth Ave N and James Ave N",0,0,0,0,0,N/A
1709184,"June 17, 2020",Minnesota,"Saint Paul","Bush Ave and Van Dyke St",0,2,0,0,0,N/A
1709178,"June 17, 2020",Minnesota,"Saint Paul","1000 block of Western Ave N",0,0,0,0,0,N/A
1709176,"June 17, 2020",Minnesota,"Saint Paul","2000 block of Suburban Ave",0,0,0,0,1,N/A
1708073,"June 17, 2020",Minnesota,Minneapolis,"Elliot Ave and E 19th St",0,1,0,0,0,N/A
1707673,"June 16, 2020",Minnesota,Minneapolis,"1100 block of 21st Ave",0,3,0,0,0,N/A
1708082,"June 16, 2020",Minnesota,Minneapolis,"E Lake St and Oakland Ave",0,1,0,0,0,N/A
1706813,"June 16, 2020",Minnesota,Minneapolis,"N 21st Ave and Irving Ave N",0,1,0,0,1,N/A
1708392,"June 16, 2020",Minnesota,Minneapolis,"38th St and Chicago Ave",0,2,0,0,0,N/A
1708389,"June 16, 2020",Minnesota,Minneapolis,"600 block of W Broadway Ave",0,2,0,0,0,N/A
1709551,"June 16, 2020",Minnesota,"Thief River Falls",N/A,1,0,0,0,0,N/A
1707650,"June 16, 2020",Minnesota,Minneapolis,"2400 block of N 35th St",1,0,0,0,0,N/A
1707585,"June 16, 2020",Minnesota,"Minneapolis (Bloomington)","8911 Penn Ave S",0,1,0,0,1,N/A
1707242,"June 15, 2020",Minnesota,Minneapolis,"Plymouth Ave N and Fremont Ave N",0,1,0,0,0,N/A
1707240,"June 15, 2020",Minnesota,Minneapolis,"Glenwood Ave and Penn Ave N",0,1,0,0,0,N/A
1920296,"June 15, 2020",Minnesota,Faribault,N/A,0,0,0,0,1,N/A
1705698,"June 15, 2020",Minnesota,"Saint Cloud","1000 block of 10th Ave S",0,1,0,1,0,N/A
1707655,"June 15, 2020",Minnesota,Minneapolis,"5200 block of N Teutonia Ave",0,1,0,0,0,N/A
1707653,"June 15, 2020",Minnesota,Minneapolis,"2600 block of N 50th St",1,0,0,0,0,N/A
1704879,"June 14, 2020",Minnesota,Minneapolis,"328 W Broadway Ave",1,6,0,0,2,N/A
1705361,"June 14, 2020",Minnesota,Minneapolis,"29th Ave and Girard Ave",0,1,0,0,0,N/A
1727105,"June 14, 2020",Minnesota,"Saint Paul","Jessamine Ave and Arcade St",0,1,0,0,0,N/A
1716581,"June 13, 2020",Minnesota,"Minneapolis (Brooklyn Park)","6300 block of Zane Ave N",0,1,0,0,0,N/A
1704194,"June 13, 2020",Minnesota,"Saint Paul","160 Larpenter Ave W",1,0,0,0,1,N/A
1716583,"June 12, 2020",Minnesota,"Minneapolis (Brooklyn Park)","7900 block of Kyle Ave",0,0,0,0,1,N/A
1704929,"June 11, 2020",Minnesota,Minneapolis,"2706 Lowry Ave N",0,0,0,0,0,N/A
1709132,"June 10, 2020",Minnesota,"Minneapolis (Spring Lake Park)","Hwy 65 NE and 83rd Ave",0,0,0,0,1,N/A
1702346,"June 10, 2020",Minnesota,"Saint Paul","Hazelwood St and Maryland Ave E",0,0,0,0,1,N/A
1705010,"June 10, 2020",Minnesota,Minneapolis,"Franklin Ave E and Bloomington Ave S",0,1,0,0,0,N/A
1705156,"June 9, 2020",Minnesota,Minneapolis,"1900 block of 4th Ave S",0,1,0,0,0,N/A
1705152,"June 9, 2020",Minnesota,Minneapolis,"400 block of Morgan Ave N",0,1,0,0,0,N/A
1701770,"June 9, 2020",Minnesota,"Saint Cloud","800 block of 8th Ave SE",0,0,0,0,1,N/A
1700302,"June 8, 2020",Minnesota,"Saint Paul (White Bear Lake)","5050 Lake Ave",0,2,0,0,0,N/A
1700917,"June 8, 2020",Minnesota,Rochester,"400 block of 5th Ave SE",0,1,0,0,1,N/A
1700911,"June 8, 2020",Minnesota,Shakopee,"2400 block of Paha Cir",1,0,0,0,1,N/A
1705146,"June 8, 2020",Minnesota,Minneapolis,N/A,0,1,0,0,0,N/A
1704999,"June 7, 2020",Minnesota,Minneapolis,"2400 block of Cedar Ave S",0,1,0,0,0,N/A
1704956,"June 7, 2020",Minnesota,Minneapolis,"Knox Ave",0,1,0,0,0,N/A
1697992,"June 5, 2020",Minnesota,Virginia,"36 Cuyuna Ave",0,0,0,0,1,N/A
1705097,"June 5, 2020",Minnesota,Minneapolis,"900 block of W Broadway",0,1,0,0,0,N/A
1705021,"June 5, 2020",Minnesota,Minneapolis,N/A,0,1,0,0,0,N/A
1697629,"June 4, 2020",Minnesota,Minneapolis,"700 block of E 14th St",1,0,0,0,1,N/A
1697636,"June 4, 2020",Minnesota,Minneapolis,"34th Ave and Dupont Ave N",1,0,0,0,3,N/A
1696285,"June 3, 2020",Minnesota,"Saint Paul","Hall Ave and W Stevens Ave",1,0,0,0,1,N/A
1705001,"June 3, 2020",Minnesota,Minneapolis,"2501 Cedar Ave S",0,1,0,0,0,N/A
1696758,"June 3, 2020",Minnesota,Minneapolis,"14th Ave S and 24th St E",1,1,0,0,0,N/A
1701038,"June 2, 2020",Minnesota,"Minneapolis (Plymouth)","3300 block of US-169",0,1,0,0,0,N/A
1705112,"June 2, 2020",Minnesota,Minneapolis,"700 block of W Broadway Ave",0,1,0,0,0,N/A
1705108,"June 2, 2020",Minnesota,Minneapolis,"N 29th Ave and Emerson Ave N",0,1,0,0,0,N/A
1705104,"June 2, 2020",Minnesota,Minneapolis,N/A,0,1,0,0,0,N/A
1705028,"June 1, 2020",Minnesota,Minneapolis,"3800 block of Dupont Ave",0,2,0,0,0,N/A
1694482,"June 1, 2020",Minnesota,Minneapolis,"Washington Ave SE and  I-35 W",0,0,0,0,0,N/A
1705004,"June 1, 2020",Minnesota,Minneapolis,"10th Ave S and E 36th St",0,0,0,0,0,N/A
1704974,"June 1, 2020",Minnesota,Minneapolis,"Fremont Ave N and 18th Ave N",0,1,0,0,0,N/A
1693370,"May 31, 2020",Minnesota,Minneapolis,"2399 17th Ave S",0,0,0,0,0,N/A
1693758,"May 31, 2020",Minnesota,Minneapolis,N/A,0,1,0,0,0,N/A
1693779,"May 31, 2020",Minnesota,Minneapolis,N/A,0,1,0,0,0,N/A
1693361,"May 30, 2020",Minnesota,Minneapolis,"1400 block of Lake St",0,0,0,0,0,N/A
1705777,"May 30, 2020",Minnesota,Minneapolis,"705 W Lake St",0,1,0,0,0,N/A
1693912,"May 30, 2020",Minnesota,Minneapolis,N/A,0,1,0,0,0,N/A
1693914,"May 30, 2020",Minnesota,Minneapolis,N/A,0,1,0,0,0,N/A
1692725,"May 30, 2020",Minnesota,Minneapolis,"3101 Nicollet Ave",0,0,0,0,0,N/A
1693785,"May 30, 2020",Minnesota,Minneapolis,N/A,0,1,0,0,0,N/A
1693777,"May 30, 2020",Minnesota,Minneapolis,N/A,0,1,0,0,0,N/A
1693752,"May 30, 2020",Minnesota,Minneapolis,N/A,0,1,0,0,0,N/A
1692174,"May 29, 2020",Minnesota,"Saint Paul","700 block of S Lexington Pkwy",1,0,0,0,1,N/A
1705794,"May 29, 2020",Minnesota,Minneapolis,"3615 Queen Ave N",0,1,0,0,0,N/A
1705806,"May 29, 2020",Minnesota,Minneapolis,"500 SE Harvard St",0,1,0,0,0,N/A
1691934,"May 28, 2020",Minnesota,Lewisville,"47531 127th St",0,0,0,0,0,N/A
1833176,"May 28, 2020",Minnesota,Minneapolis,"3000 Minnehaha Ave",0,0,0,0,1,N/A
1690733,"May 28, 2020",Minnesota,Minneapolis,"2600 block of Longfellow Ave",0,1,0,0,0,N/A
1692720,"May 28, 2020",Minnesota,Minneapolis,"3121 E Lake St",0,0,0,0,0,N/A
1690282,"May 27, 2020",Minnesota,Minneapolis,"1538 E Lake St",0,0,1,0,0,N/A
1689050,"May 22, 2020",Minnesota,"Saint Paul","200 block of E Belvidere St",1,0,0,0,0,N/A
1685770,"May 22, 2020",Minnesota,"Inver Grove Heights","5500 block of Bishop Ave",0,2,0,0,1,N/A
1685769,"May 21, 2020",Minnesota,Austin,"900 block of 6th Ave SE",0,0,0,0,0,N/A
1686519,"May 21, 2020",Minnesota,Emmons,"231 Concord St",0,0,0,1,0,N/A
1683790,"May 20, 2020",Minnesota,Minneapolis,"2900 block of Girard Ave N",1,0,0,0,0,N/A
1696292,"May 20, 2020",Minnesota,Rochester,"37th NE and E River Rd",0,0,0,0,0,N/A
1685778,"May 20, 2020",Minnesota,Moorhead,"400 block of 16th St S",0,0,0,0,1,N/A
1685776,"May 19, 2020",Minnesota,Zimmerman,"18000 block of 246th Ave NW",0,0,0,0,1,N/A
1681091,"May 16, 2020",Minnesota,"Minneapolis (Richfield)","67th St and 5th Ave",0,0,0,0,0,N/A
1681721,"May 16, 2020",Minnesota,Minneapolis,"3000 block of Dupont Ave N",1,0,0,0,0,N/A
1680852,"May 15, 2020",Minnesota,Minneapolis,"N 33rd Ave and Emerson Ave",0,3,0,0,0,N/A
1680764,"May 15, 2020",Minnesota,Minneapolis,"1624 Washington Ave N",0,2,0,0,0,N/A
1680848,"May 15, 2020",Minnesota,"Saint Paul","1600 block of Jackson St",1,0,0,0,0,N/A
1680378,"May 14, 2020",Minnesota,Hibbing,"2500 Block of 4th Ave E",0,0,0,0,1,N/A
1681120,"May 11, 2020",Minnesota,"Saint Paul (Oakdale)",N/A,0,0,0,0,2,N/A
1677992,"May 11, 2020",Minnesota,"Minneapolis (Brooklyn Center)","1901 57th Ave N",0,1,0,0,1,N/A
1677052,"May 10, 2020",Minnesota,Brainerd,"11000 block of Bonnie Rd",0,1,0,0,0,N/A
1676374,"May 9, 2020",Minnesota,"Albert Lea","1200 block of Gene Ave",0,1,0,0,0,N/A
1680380,"May 8, 2020",Minnesota,"Grand Rapids","400 block of Itasca St",0,1,0,0,1,N/A
1683310,"May 8, 2020",Minnesota,Butterfield,"225 Hubbard Ave",0,0,0,0,0,N/A
1674165,"May 6, 2020",Minnesota,"Minneapolis (Brooklyn Center)","5711 Xerxes Ave N",0,1,0,0,1,N/A
1672962,"May 4, 2020",Minnesota,Minneapolis,"3800 block of S Cedar Ave",1,0,0,0,0,N/A
1671821,"May 3, 2020",Minnesota,Bemidji,"11000 Trengove Rd NW",1,1,0,0,3,N/A
1672958,"May 3, 2020",Minnesota,"Park Rapids","22000 block of Co Hwy 4",0,0,0,0,0,N/A
1670732,"May 2, 2020",Minnesota,Minneapolis,"11th Ave S and E Franklin Ave",0,1,0,0,0,N/A
1670533,"May 1, 2020",Minnesota,"Saint Paul","US-61 and Burns Ave",1,0,0,0,1,N/A
1672950,"May 1, 2020",Minnesota,Willmar,"800 block of Mary Ave SE",0,0,0,1,0,N/A
1670528,"May 1, 2020",Minnesota,"Saint Paul","1184 Maryland Ave E",1,0,0,0,1,N/A
1670096,"April 30, 2020",Minnesota,"Little Falls","700 block of 3rd St NE",0,1,0,0,2,N/A
1670742,"April 30, 2020",Minnesota,"Albert Lea","340 W William St",0,0,0,0,0,N/A
1668880,"April 29, 2020",Minnesota,"Andover (Ham Lake)","15900 block of Guadalcanal St NE",1,0,1,0,0,N/A
1667011,"April 27, 2020",Minnesota,Austin,"805 21st NE",0,0,0,0,0,N/A
1667905,"April 27, 2020",Minnesota,Minneapolis,"Chicago Ave and E 38th St",0,1,0,0,0,N/A
1669172,"April 27, 2020",Minnesota,"Albert Lea","18 1/2 St",0,0,0,0,0,N/A
1666392,"April 25, 2020",Minnesota,"Saint Paul","E Minnehaha Ave  and N Cypress St",1,0,0,0,2,N/A
1668600,"April 25, 2020",Minnesota,"Saint Paul (Mounds View)","2640 County Rd I",0,0,0,0,1,N/A
1667016,"April 24, 2020",Minnesota,"Albert Lea","411 Court St",0,0,0,0,0,N/A
1665314,"April 22, 2020",Minnesota,"Saint Paul (Roseville)","2700 block of Rice St",0,1,0,0,1,N/A
1675298,"April 22, 2020",Minnesota,Moorhead,"1300 block of 19 1/2 St S",0,0,0,0,1,N/A
1665333,"April 19, 2020",Minnesota,Baxter,"4800 block of Cedar Scenic Rd",0,1,0,0,0,N/A
1662117,"April 19, 2020",Minnesota,"Osseo (Maple Grove)","11800 block of 80th Ave North",1,0,0,0,1,N/A
1661098,"April 18, 2020",Minnesota,Minneapolis,"1100 block of Irving Ave N",1,0,0,0,1,N/A
1661684,"April 18, 2020",Minnesota,Mankato,"51675 US-169",0,0,1,0,0,N/A
1661524,"April 18, 2020",Minnesota,"Saint Paul","1444 Minnehaha Ave",1,1,0,0,0,N/A
1661919,"April 18, 2020",Minnesota,"Forest Lake","18215 Henna Ave N",1,0,1,0,0,N/A
1661100,"April 18, 2020",Minnesota,Minneapolis,"2000 block of Elliott Ave N",0,1,0,0,0,N/A
1660706,"April 16, 2020",Minnesota,Minneapolis,"3500 block of Irving Ave N",0,2,0,0,0,N/A
1659847,"April 15, 2020",Minnesota,"Saint Paul (New Brighton)","Long Lake Rd and 16th St NW",0,0,0,0,1,N/A
1657521,"April 11, 2020",Minnesota,Shakopee,"N Avenue and Eagle Creek Blvd",0,0,0,0,1,N/A
1657516,"April 11, 2020",Minnesota,Faribault,"1920 Cardinal Ln",0,1,0,0,1,N/A
1656279,"April 9, 2020",Minnesota,Minneapolis,"22nd St E and 13th Ave S",1,0,0,0,0,N/A
1652612,"April 4, 2020",Minnesota,"Saint Paul","700 block of E 5th St",0,0,0,0,0,N/A
1653157,"April 4, 2020",Minnesota,Duluth,"W 1st St and 26th Ave W",0,0,0,0,0,N/A
1651214,"April 2, 2020",Minnesota,"Saint Paul","1600 block of N Concord St",1,1,0,0,1,N/A
1664726,"March 31, 2020",Minnesota,"Elko New Market","10491 E 260th St",0,0,0,0,1,N/A
1649849,"March 30, 2020",Minnesota,"Saint Paul","444 Maryland Ave W",0,1,0,0,0,N/A
1649847,"March 30, 2020",Minnesota,"Saint Paul","1541 Maryland Ave E",0,1,0,0,0,N/A
1649827,"March 30, 2020",Minnesota,Perham,"600 block of 1st Ave S",1,0,0,0,1,N/A
1650468,"March 29, 2020",Minnesota,"Anoka (Ramsey)","6001 167th Ave NW",0,0,0,0,2,N/A
1647733,"March 28, 2020",Minnesota,Minneapolis,"3300 block of Bloomington Ave S",0,1,0,0,0,N/A
1649239,"March 25, 2020",Minnesota,Winnebago,"240th St",0,0,0,0,1,N/A
1644944,"March 23, 2020",Minnesota,Minneapolis,"1400 block of 17th Ave N",1,0,0,0,0,N/A
1644043,"March 22, 2020",Minnesota,Minneapolis,"5100 block of James Ave",1,2,0,0,1,N/A
1642875,"March 19, 2020",Minnesota,Rochester,"600 block of Circle Court SW",0,1,0,0,2,N/A
1643236,"March 18, 2020",Minnesota,"Saint Paul","Cedar St",0,1,0,0,0,N/A
1640568,"March 16, 2020",Minnesota,"Minneapolis (Brooklyn Park)","8000 Lakeland Ave N",0,0,0,1,0,N/A
1640491,"March 15, 2020",Minnesota,Minneapolis,"1600 block of Irving Ave",0,1,0,0,0,N/A
1639580,"March 14, 2020",Minnesota,"Saint Paul (Oakdale)","420 Inwood Ave N",0,2,0,0,2,N/A
1639587,"March 10, 2020",Minnesota,"Osseo (Maple Grove)","8600 block of Quarles Rd",1,0,0,0,1,N/A
1638298,"March 10, 2020",Minnesota,"Albert Lea","2330 Clayton Ave",0,0,0,0,1,N/A
1637686,"March 9, 2020",Minnesota,Carlton,"1785 Hwy 210",1,0,0,0,0,N/A
1883766,"March 9, 2020",Minnesota,Anoka,"7836 149th Ave NW",1,0,0,0,0,N/A
1636828,"March 8, 2020",Minnesota,Backus,"300 block of Point Rd",1,0,1,0,0,N/A
1645119,"March 6, 2020",Minnesota,"Minneapolis (Bloomington)","8300 block of  S Chicago Ave",0,1,0,0,2,N/A
1635462,"March 6, 2020",Minnesota,Lakeville,"17716 Glasgow Way",1,0,0,0,0,N/A
1637682,"March 5, 2020",Minnesota,"Minneapolis (Golden Valley)","Hwy 100",0,0,0,0,0,N/A
1635283,"March 5, 2020",Minnesota,"Minneapolis (New Hope)","42nd Ave N and Gettysburg Ave",0,1,0,0,0,N/A
1635262,"March 5, 2020",Minnesota,Brainerd,"15000 block of Ironwood Ln",0,1,0,0,1,N/A
1637708,"March 5, 2020",Minnesota,"Osseo (Maple Grove)","6200 block of Magda Dr",1,0,0,0,1,N/A
1636559,"March 2, 2020",Minnesota,Appleton,"2130 60th St NW",0,1,0,0,0,N/A
1632780,"March 1, 2020",Minnesota,"Saint Cloud","11 5th Ave S",0,0,0,0,1,N/A
1632581,"March 1, 2020",Minnesota,"Silver Lake","6193 207th St",0,1,0,0,0,N/A
1632592,"March 1, 2020",Minnesota,Minneapolis,"319 1st Ave N",0,1,0,0,0,N/A
1631605,"February 29, 2020",Minnesota,Minneapolis,"4949 Lyndale Ave South",0,2,0,0,0,N/A
1630636,"February 28, 2020",Minnesota,Lakeville,"20800 block of Italy Ave",0,0,1,0,0,N/A
1631308,"February 28, 2020",Minnesota,Savage,"14333 State Hwy 13",1,0,0,0,1,N/A
1630634,"February 25, 2020",Minnesota,Duluth,"2800 block of W First St",0,0,0,0,1,N/A
1628704,"February 24, 2020",Minnesota,Waseca,"500 block of 7th Ave SE",0,0,0,0,1,N/A
1626649,"February 23, 2020",Minnesota,Minneapolis,"411 N 2nd Ave",1,1,0,0,0,N/A
1628398,"February 22, 2020",Minnesota,Minneapolis,"100 block of N 4th St",0,2,0,0,0,N/A
1627310,"February 22, 2020",Minnesota,"Saint Paul (Apple Valley)","13640 Upper Elkwood Ct",2,0,1,0,0,N/A
1624064,"February 17, 2020",Minnesota,Bemidji,"1100 block of Minnesota Ave NW",0,0,1,1,0,N/A
1625033,"February 16, 2020",Minnesota,Austin,"100 block of 13th Street NE",0,0,0,0,1,N/A
1621983,"February 15, 2020",Minnesota,Minneapolis,"730 S 8th St",0,0,0,0,0,N/A
1622552,"February 15, 2020",Minnesota,Winona,"High Forest St and E 4th St",0,0,0,0,0,N/A
1622548,"February 15, 2020",Minnesota,"Saint Paul","N Kennard St and Ross Ave",1,0,0,0,2,N/A
1621648,"February 14, 2020",Minnesota,Minneapolis,"2000 block of Glenwood Ave",0,1,0,0,0,N/A
1736958,"February 14, 2020",Minnesota,"Minneapolis (Brooklyn Center)","6445 James Cir N",0,0,0,0,2,N/A
1620824,"February 11, 2020",Minnesota,"Saint Paul","Luella St N and Wilson Ave",0,1,0,0,0,N/A
1620818,"February 11, 2020",Minnesota,"Saint Paul","Hamline Ave N and University Ave W",0,1,0,0,0,N/A
1620365,"February 11, 2020",Minnesota,Mahnomen,N/A,1,0,0,0,0,N/A
1621646,"February 10, 2020",Minnesota,Eveleth,"Wilson Rd",0,0,0,0,1,N/A
1618493,"February 10, 2020",Minnesota,Makinen,"Townline Rd",0,0,0,0,1,N/A
1617560,"February 9, 2020",Minnesota,Moorhead,"400 block of 8th St S",0,1,0,0,0,N/A
1616183,"February 6, 2020",Minnesota,Minneapolis,"N 1st  Ave and N 9th St",1,1,0,0,1,N/A
1614101,"February 4, 2020",Minnesota,Mahnomen,N/A,0,0,0,0,2,N/A
1613256,"February 2, 2020",Minnesota,"Minneapolis (Spring Lake Park)","8000 block of Buchanan",0,0,0,0,1,N/A
1612040,"February 2, 2020",Minnesota,Minneapolis,"5100 block of Fremont Ave N",0,1,0,0,0,N/A
1616830,"February 2, 2020",Minnesota,"Saint Paul (Apple Valley)",N/A,0,0,0,0,0,N/A
1616399,"January 31, 2020",Minnesota,"Elk River","1232 School St",0,0,0,0,2,N/A
1607935,"January 28, 2020",Minnesota,Rochester,"12th Street and Marion Road SE",0,0,0,0,1,N/A
1607934,"January 28, 2020",Minnesota,"Mankato (North Mankato)","200 Belgrade Ave",0,0,0,0,0,N/A
1614092,"January 27, 2020",Minnesota,Austin,"900 block of 14th Ave NE",0,0,0,0,1,N/A
1606216,"January 26, 2020",Minnesota,"Saint Paul","Robert St S and Cesar Chavez St",0,1,0,0,1,N/A
1606203,"January 26, 2020",Minnesota,Minneapolis,"3300 block of Penn Ave N",0,1,0,0,0,N/A
1605681,"January 25, 2020",Minnesota,Minneapolis,"400 block of 3rd Ave N",0,1,0,0,0,N/A
1604891,"January 24, 2020",Minnesota,"Minneapolis (Brooklyn Park)","7100 Zane Ave N",0,0,0,0,1,N/A
1607441,"January 24, 2020",Minnesota,"Saint Paul","1300 block of Payne Ave",0,1,0,0,0,N/A
1604897,"January 23, 2020",Minnesota,Minneapolis,"3000 block of 16th Ave S",0,1,0,0,0,N/A
1604869,"January 23, 2020",Minnesota,"Saint Paul","300 block of Van Buren Ave",0,1,0,0,0,N/A
1607946,"January 23, 2020",Minnesota,Minneapolis,"1800 block of Russell Ave N",1,0,0,0,2,N/A
1602519,"January 21, 2020",Minnesota,"Saint Paul","Arundel St and University Ave",1,0,0,0,1,N/A
1602908,"January 20, 2020",Minnesota,Minneapolis,"3500 block of 4th St  N",1,0,0,0,0,N/A
1616415,"January 19, 2020",Minnesota,"Minneapolis (Fridley)","5400 block of 7th St NE",0,0,0,0,3,N/A
1609155,"January 18, 2020",Minnesota,"Big Lake","18000 block of Helen Way",0,0,0,0,1,N/A
1616408,"January 14, 2020",Minnesota,"Minneapolis (Coon Rapids)","900 block of 121st Ln NW",0,1,0,0,1,N/A
1595178,"January 13, 2020",Minnesota,"Sauk Centre","600 block of Pine St S",0,0,0,0,1,N/A
1602042,"January 13, 2020",Minnesota,"Minneapolis (Plymouth)","13400 block of 34th Ave",0,0,0,0,0,N/A
1595174,"January 12, 2020",Minnesota,Minneapolis,"5400 block of 34th Ave S",0,0,0,0,0,N/A
1617060,"January 11, 2020",Minnesota,"Minneapolis (Richfield)","6600 block of S. Vincent Avenue",0,0,0,0,0,N/A
1593349,"January 10, 2020",Minnesota,Rochester,"832 21st Ave SE",1,0,0,0,1,N/A
1602041,"January 10, 2020",Minnesota,"Minneapolis (Plymouth)","600 block of Xenium Ln",0,0,0,0,0,N/A
1593362,"January 10, 2020",Minnesota,Minneapolis,"400 block of SE 8th St",0,1,0,0,0,N/A
1592465,"January 7, 2020",Minnesota,Dayton,"12000 block of Pineridge Way",0,0,0,0,0,N/A
2036663,"January 7, 2020",Minnesota,Austin,"900 block of 14th Ave NE",0,0,0,0,1,N/A
1590678,"January 6, 2020",Minnesota,Waseca,"900 block of 3rd Ave SE",0,1,0,1,1,N/A
1589599,"January 5, 2020",Minnesota,Minneapolis,"2700 block of N Thomas Ave",0,1,0,0,0,N/A
1588982,"January 4, 2020",Minnesota,Minneapolis,"700 block of E Lake St",0,2,0,0,0,N/A
1589597,"January 4, 2020",Minnesota,"Sauk Centre","49000 block of 400th St",0,0,0,1,0,N/A
1585809,"January 1, 2020",Minnesota,"Saint Paul","981 University Ave W",1,0,0,0,1,N/A
1587650,"January 1, 2020",Minnesota,Badger,"27899 Co Rd 4",1,0,0,0,1,N/A