Incident ID,Incident Date,State,City Or County,Address,Victims Killed,Victims Injured,Suspects Killed,Suspects Injured,Suspects Arrested,Operations
272432,30-Dec-14,Minnesota,Fridley,East River Road and Island Park Drive,0,0,0,1,1,N/A
275265,29-Dec-14,Minnesota,Bemidji,200 block of Dewey Avenue SW,0,0,0,0,2,N/A
270923,29-Dec-14,Minnesota,Moorhead,924 Main Avenue,0,0,0,0,1,N/A
272968,29-Dec-14,Minnesota,Minneapolis,12500 block of 50th Ave N,2,0,0,0,0,N/A
272428,29-Dec-14,Minnesota,Saint Paul,200 block of McKnight Road,0,0,0,0,1,N/A
269493,22-Dec-14,Minnesota,Saint Paul,296 E. Seventh Street,0,3,0,0,0,N/A
276297,21-Dec-14,Minnesota,Saint Paul,University Avenue and Milton Street,0,0,0,0,1,N/A
265958,18-Dec-14,Minnesota,Austin,1400 block of Eighth Avenue Northwest,0,0,0,0,2,N/A
265857,18-Dec-14,Minnesota,Austin,1400 block of 8th Ave NW,0,0,0,0,2,N/A
280198,17-Dec-14,Minnesota,Saint Paul (Apple Valley),1051 Ramsdell Dr,2,0,1,0,0,N/A
265066,17-Dec-14,Minnesota,Osseo (Maple Grove),I-694,1,0,1,0,0,N/A
263886,15-Dec-14,Minnesota,Red Lake Falls,N/A,0,0,0,0,1,N/A
262890,12-Dec-14,Minnesota,Waite Park,815 1st Street South,0,1,0,0,2,N/A
262876,12-Dec-14,Minnesota,Mountain Iron,8497 Enterprise Drive North,0,0,0,0,1,N/A
262867,11-Dec-14,Minnesota,Cloquet,600 block of Prospect Avenue,0,0,0,0,4,N/A
262897,10-Dec-14,Minnesota,Saint Paul Park,N/A,0,2,0,0,0,N/A
261224,8-Dec-14,Minnesota,Saint Paul,800 block of Blair Avenue,0,1,0,0,0,N/A
261215,8-Dec-14,Minnesota,Winona,550 block of 7th Street East,0,1,0,0,0,N/A
261227,7-Dec-14,Minnesota,Saint Cloud,100 block of 12th Avenue South,0,0,0,0,0,N/A
261211,7-Dec-14,Minnesota,Saint Cloud,200 block of 24th Avenue North,0,1,0,0,0,N/A
260170,6-Dec-14,Minnesota,Mankato,S. Riverfront Drive,0,0,0,1,0,N/A
260031,6-Dec-14,Minnesota,Minneapolis,3rd St and Nicolett Ave,0,4,0,0,0,N/A
260036,5-Dec-14,Minnesota,Minneapolis,2600 block of Penn Avenue North,1,0,0,0,0,N/A
282816,5-Dec-14,Minnesota,Minneapolis (Blaine),N/A,0,1,0,0,0,N/A
260042,4-Dec-14,Minnesota,Rock (county),N/A,0,0,0,1,1,N/A
227580,4-Dec-14,Minnesota,Hamel (Medina),2382 MN-55,0,0,0,1,1,N/A
226747,1-Dec-14,Minnesota,Eagan,3800 block of Ballantrae Road,0,2,0,0,0,N/A
227582,29-Nov-14,Minnesota,Duluth,South George Street,0,0,0,0,0,N/A
224544,23-Nov-14,Minnesota,Saint Paul (Maplewood),2029 Woodlynn Ave,0,0,0,0,0,N/A
224070,23-Nov-14,Minnesota,Rochester,4500 block of Fifth Street Northwest,1,0,1,0,0,N/A
226119,22-Nov-14,Minnesota,Woodbury,4000 block of Salem Drive,0,1,0,0,0,N/A
223114,19-Nov-14,Minnesota,Saint Cloud,500 block of 15th Avenue SE,0,1,0,0,0,N/A
222341,18-Nov-14,Minnesota,Brooklyn Center,66th Avenue North and Highway 252 ,0,1,0,1,0,N/A
224113,17-Nov-14,Minnesota,Rochester,N/A,0,0,0,0,0,N/A
222152,16-Nov-14,Minnesota,Minneapolis,3600 block of Humboldt Avenue North,1,1,0,0,0,N/A
221750,16-Nov-14,Minnesota,Bloomington,7850 Bloomington Avenue,0,1,0,0,0,N/A
221752,15-Nov-14,Minnesota,Shelly,N/A,1,0,0,0,0,N/A
220372,13-Nov-14,Minnesota,Wadena,39573 615th Ave,1,0,0,0,0,N/A
221758,12-Nov-14,Minnesota,Grand Rapids,Linda Lane,0,0,0,0,0,N/A
219494,10-Nov-14,Minnesota,Austin,300 block of Main Street South,0,0,0,0,0,N/A
218846,9-Nov-14,Minnesota,Kettle River,Automba Rd,1,0,0,0,0,N/A
217910,8-Nov-14,Minnesota,Mahnomen,US 59,1,0,0,0,0,N/A
218043,8-Nov-14,Minnesota,Eden Prairie,9600 block of Anderson Lakes Parkway,0,1,0,0,0,N/A
221064,7-Nov-14,Minnesota,Onamia,280th Street,1,0,0,0,0,N/A
218038,5-Nov-14,Minnesota,Albert Lea,2328 Gene Avenue,0,0,0,0,0,N/A
215112,3-Nov-14,Minnesota,Saint Paul (Oakdale),1300 block of Geneva Ave N,0,0,0,0,0,N/A
214238,1-Nov-14,Minnesota,Minneapolis (Brooklyn Center),6405 James Cir N,0,2,0,0,0,N/A
214257,31-Oct-14,Minnesota,Minneapolis,400 block of 11th Avenue East,0,0,0,0,0,N/A
214357,30-Oct-14,Minnesota,Dassel,County Road 18,0,1,0,0,0,N/A
213486,27-Oct-14,Minnesota,Rochester,503 17th Street NE,0,0,0,0,0,N/A
214249,25-Oct-14,Minnesota,Minneapolis (Brooklyn Center),6405 James Cir N,0,0,0,0,0,N/A
211536,25-Oct-14,Minnesota,Maplewood,Rice Street and Larpenteur Avenue,1,1,0,0,0,N/A
211195,25-Oct-14,Minnesota,Saint Cloud,County Road 4,0,1,0,0,0,N/A
210848,25-Oct-14,Minnesota,Minneapolis,17th and Penn Avenue N,0,1,0,0,0,N/A
209563,19-Oct-14,Minnesota,Saint Paul,1500 block of Elrose Court,0,0,0,0,0,N/A
208085,18-Oct-14,Minnesota,Minneapolis,424 Hennepin Avenue S,1,0,0,0,0,N/A
218049,17-Oct-14,Minnesota,Minneapolis,400 block of 87th Lane NE,0,0,0,0,0,N/A
206178,15-Oct-14,Minnesota,Minneapolis,19 15th Street W,0,2,0,0,0,N/A
206171,15-Oct-14,Minnesota,Minneapolis,2606 Penn Avenue N,0,3,0,0,0,N/A
206183,13-Oct-14,Minnesota,Bemidji,N/A,0,1,0,0,0,N/A
205831,13-Oct-14,Minnesota,Saint Paul,1360 Lexington Parkway N,0,0,0,0,0,N/A
205068,11-Oct-14,Minnesota,Rochester,300 block of 31st Street Northeast,0,0,0,0,0,N/A
204007,11-Oct-14,Minnesota,Bluffton,N/A,0,0,0,0,0,N/A
204991,11-Oct-14,Minnesota,Hollandale,203 S. Central Avenue,0,0,0,0,0,N/A
203594,9-Oct-14,Minnesota,Minneapolis (Saint Anthony),2501 NE Lowry Ave,0,0,1,0,0,N/A
204297,8-Oct-14,Minnesota,Saint Paul,1300 block of Fremont Avenue,0,1,0,0,0,N/A
202493,5-Oct-14,Minnesota,Richmond,18506 260th St,0,1,0,0,0,N/A
200004,2-Oct-14,Minnesota,Edina,6754 Valley View Road,0,0,0,0,0,N/A
198338,28-Sep-14,Minnesota,Moorhead,N/A,0,0,0,0,0,N/A
197755,28-Sep-14,Minnesota,Carlos,North Douglas Avenue,0,0,0,0,0,N/A
196970,26-Sep-14,Minnesota,North Cass,4300 block of Luomas Lane,0,1,0,0,0,N/A
200946,25-Sep-14,Minnesota,Springfield,20 1/2 E Central St,1,0,0,0,1,N/A
196214,25-Sep-14,Minnesota,Bloomington,8109 4th Ave S,0,0,0,0,0,N/A
196192,23-Sep-14,Minnesota,Puposky,MN-89 NW,0,0,0,0,2,N/A
195326,23-Sep-14,Minnesota,Minneapolis,3301 Hiawatha Ave,0,3,0,0,0,N/A
195420,23-Sep-14,Minnesota,Saint Cloud,700 block of 13th Street South,0,0,0,0,0,N/A
195428,22-Sep-14,Minnesota,Saint Cloud,100 block of 20th Avenue North,0,0,0,0,0,N/A
195359,21-Sep-14,Minnesota,Bemidji,Jones Townhall Rd,0,0,0,0,0,N/A
194319,21-Sep-14,Minnesota,Minneapolis,22nd Avenue NE and Seventh Street NE,1,0,0,0,0,N/A
194316,20-Sep-14,Minnesota,Minneapolis,2600 block of Knox Avenue North,0,0,1,0,0,N/A
196189,19-Sep-14,Minnesota,Stewartville,526 5th Avenue SE,0,0,0,0,0,N/A
195389,19-Sep-14,Minnesota,Saint Paul,1100 block of Abell Street,0,0,0,0,0,N/A
193270,18-Sep-14,Minnesota,Crookston,28409 300th St SW,0,2,0,1,0,N/A
202423,18-Sep-14,Minnesota,Richfield,77th Street E.,0,0,0,0,0,N/A
192377,16-Sep-14,Minnesota,Austin,414 Fourth Street SE,0,1,0,0,0,N/A
192374,16-Sep-14,Minnesota,Minneapolis,30th and Girard,0,1,0,0,0,N/A
192372,16-Sep-14,Minnesota,Minneapolis,2300 block of Fremont Avenue North,1,1,0,0,0,N/A
190018,13-Sep-14,Minnesota,Holdingford,200 3rd Street,0,1,0,0,0,N/A
192571,11-Sep-14,Minnesota,Byron,10th Avenue NE,0,0,0,0,1,N/A
193787,9-Sep-14,Minnesota,Rosemount,13000 block of Robert Trail South,0,0,0,0,0,N/A
195997,8-Sep-14,Minnesota,Minneapolis,46th Street and Hiawatha Avenue,0,0,0,0,0,N/A
187232,7-Sep-14,Minnesota,Minneapolis,Emerson Avenue North,0,1,0,0,0,N/A
187213,6-Sep-14,Minnesota,Minneapolis,2900 block of North 6th Street,0,1,0,0,0,N/A
185724,4-Sep-14,Minnesota,Saint Cloud,Cooper Avenue,0,0,0,0,0,N/A
185722,4-Sep-14,Minnesota,Roseville,2100 block of Rice Street,0,0,0,1,0,N/A
187248,3-Sep-14,Minnesota,Rochester,500 block of 14th Street Southeast,0,0,0,0,0,N/A
185295,2-Sep-14,Minnesota,Austin,709 21st St. NE,0,0,0,0,0,N/A
185004,30-Aug-14,Minnesota,Rochester,2000 block of 41st Street Northwest,0,0,0,0,0,N/A
185726,29-Aug-14,Minnesota,Bemidji,Highway 2,0,0,0,0,0,N/A
182753,28-Aug-14,Minnesota,Ramsey,6139 157th Lane N.W.,0,0,1,0,0,N/A
182777,28-Aug-14,Minnesota,Saint Paul,Plato Boulevard and Wabasha Street,0,0,1,0,0,N/A
183711,27-Aug-14,Minnesota,Rochester,N/A,0,0,0,0,0,N/A
658428,26-Aug-14,Minnesota,Minneapolis,701 Park Ave S,0,0,0,0,0,N/A
181278,26-Aug-14,Minnesota,Minneapolis,Eighth Street South and Chicago Avenue South,0,0,0,0,0,N/A
183698,25-Aug-14,Minnesota,Rochester,N/A,0,0,0,0,0,N/A
180951,22-Aug-14,Minnesota,Saint Cloud,12th Avenue and St. Germain Street West,0,1,0,0,0,N/A
658419,21-Aug-14,Minnesota,Minneapolis,2nd Ave S and E Lake St,0,0,0,0,0,N/A
179851,21-Aug-14,Minnesota,Saint Cloud,300 block of 33rd Avenue North,0,0,0,0,0,N/A
178230,20-Aug-14,Minnesota,Shakopee,12000 block of Chestnut Blvd,0,1,0,0,0,N/A
179841,20-Aug-14,Minnesota,Cass Lake,N/A,0,0,0,0,0,N/A
178668,20-Aug-14,Minnesota,Minneapolis,3200 block of 15th Avenue South,0,0,0,0,0,N/A
178607,19-Aug-14,Minnesota,Sturgeon Lake,Farm To Market Rd,0,1,0,0,1,N/A
658411,19-Aug-14,Minnesota,Minneapolis,E 37th St and Chicago Ave,0,1,0,0,1,N/A
178715,19-Aug-14,Minnesota,Duluth,Seventh Avenue East and Fourth Street,0,1,0,0,0,N/A
178695,19-Aug-14,Minnesota,Saint Paul,Motor and Bircher Avenue,0,1,0,0,0,N/A
178640,19-Aug-14,Minnesota,Red Lake,Highway 1,0,0,0,0,0,N/A
178654,18-Aug-14,Minnesota,Saint Paul (West Saint Paul),N/A,0,1,0,0,1,N/A
183660,18-Aug-14,Minnesota,Saint Paul,160 Larpenteur Ave W,0,1,0,0,0,N/A
178096,15-Aug-14,Minnesota,Minneapolis,2700 block of Blaisdell Avenue,1,0,0,0,0,N/A
178622,15-Aug-14,Minnesota,Albert Lea,614 Freeborn Avenue,0,1,0,0,0,N/A
175129,13-Aug-14,Minnesota,Glenwood,28809 208th Ave,0,0,1,0,0,N/A
172675,11-Aug-14,Minnesota,Arden Hills,Highway 96 and Round Lake Road,1,0,0,0,0,N/A
172678,11-Aug-14,Minnesota,Duluth,3200 block of Piedmont Avenue,0,0,0,1,0,N/A
171802,9-Aug-14,Minnesota,Minneapolis,400 3rd Ave N,1,8,0,0,0,N/A
170460,5-Aug-14,Minnesota,Saint Paul,Hamline and Marshall Avenue,1,0,0,0,0,N/A
172534,5-Aug-14,Minnesota,Apple Valley,15650 Cedar Ave,1,0,0,0,0,N/A
169854,3-Aug-14,Minnesota,Minneapolis,N/A,0,3,0,0,0,N/A
168800,3-Aug-14,Minnesota,Saint Paul,W Minnehaha Ave and N Arundel St,0,1,0,1,0,N/A
167743,1-Aug-14,Minnesota,Saint Cloud,3400 block of 2nd St SE,0,0,0,0,0,N/A
169908,1-Aug-14,Minnesota,Minneapolis,Fremont Avenue N,0,1,0,0,0,N/A
168291,1-Aug-14,Minnesota,Minneapolis,2900 block of Bryant Avenue North,0,2,0,0,0,N/A
167754,31-Jul-14,Minnesota,Saint Paul,York and Payne,0,2,0,0,0,N/A
168299,30-Jul-14,Minnesota,Rochester,N/A,0,1,0,0,0,N/A
166702,30-Jul-14,Minnesota,Saint Paul,W Sycamore St and Rice St,0,0,0,2,2,N/A
166864,30-Jul-14,Minnesota,Saint Paul,Dodd Rd and Smith Ave S,1,0,0,0,1,N/A
275308,30-Jul-14,Minnesota,Rochester,400 block of 13th Avenue Northwest,0,1,0,0,1,N/A
172855,30-Jul-14,Minnesota,New Germany,300 block of Park Street E,0,0,0,0,0,N/A
176276,30-Jul-14,Minnesota,Minneapolis,Mondale Hall and Willey Hall,0,0,0,0,0,N/A
168309,30-Jul-14,Minnesota,Austin,1918 Oakland Ave E,0,0,0,0,0,N/A
167748,30-Jul-14,Minnesota,Saint Paul,Payne Avenue and East Jessamine Avenue,0,1,0,0,0,N/A
167245,29-Jul-14,Minnesota,Northfield,Highway 3 and Third Street West,0,1,0,0,0,N/A
185006,28-Jul-14,Minnesota,Rochester,1600 block of Fourth Avenue ,0,0,0,0,0,N/A
166032,26-Jul-14,Minnesota,Kabetogama,4202 US-53,0,0,0,0,0,N/A
166028,26-Jul-14,Minnesota,Kabetogama,5741 US-53,0,0,1,0,0,N/A
164339,26-Jul-14,Minnesota,Minneapolis,2600 block of West Broadway Avenue,0,0,0,0,0,N/A
163809,24-Jul-14,Minnesota,Minneapolis,Penn Avenue North and North 26th Avenue,1,0,0,0,0,N/A
163811,24-Jul-14,Minnesota,Minneapolis,North 24th Avenue and Lyndale Avenue North,0,1,0,0,0,N/A
171919,23-Jul-14,Minnesota,Minneapolis,6251 20th St. S.E.,0,1,0,0,0,N/A
162648,22-Jul-14,Minnesota,Moorhead,N/A,0,1,0,0,0,N/A
170004,21-Jul-14,Minnesota,Bemidji,N/A,0,1,0,0,1,N/A
162174,21-Jul-14,Minnesota,Bemidji,6300 block of Palomino Lane NW,0,1,0,0,0,N/A
161457,21-Jul-14,Minnesota,Roseville,1715 North Rice Street,0,1,0,0,0,N/A
161423,20-Jul-14,Minnesota,Minneapolis,1700 block of North Thomas Avenue,0,1,0,0,0,N/A
161462,20-Jul-14,Minnesota,Big Lake,17400 block of 165th Street ,0,0,0,0,0,N/A
160688,19-Jul-14,Minnesota,St Louis (county),N/A,0,1,0,1,1,N/A
161487,19-Jul-14,Minnesota,Rochester,Third Street and First Avenue Northwest,0,0,0,0,0,N/A
161465,19-Jul-14,Minnesota,Saint Paul,Robert and George Street,1,0,0,0,0,N/A
162844,18-Jul-14,Minnesota,Granite Falls,MN-23,0,1,0,0,2,N/A
168570,18-Jul-14,Minnesota,Minneapolis,18800 block of Pheasant Circle,0,0,0,0,0,N/A
162190,17-Jul-14,Minnesota,Rochester,Sixth Avenue and 14th Street Southeast,0,0,0,0,0,N/A
164325,17-Jul-14,Minnesota,Myrtle,First Avenue,0,0,0,0,0,N/A
160658,17-Jul-14,Minnesota,Brooklyn Park,7500 block of Noble Avenue,0,0,0,0,0,N/A
160640,17-Jul-14,Minnesota,Minneapolis,Lowry Avenue North and Knox Avenue North,0,1,0,0,0,N/A
159925,17-Jul-14,Minnesota,Bloomington,Killebrew Drive and Old Shakopee Road,0,1,0,0,0,N/A
161963,16-Jul-14,Minnesota,Albert Lea,1305 Frank Avenue,0,0,0,0,0,N/A
171902,16-Jul-14,Minnesota,Onamia,Gabeshi Lane,0,0,0,0,0,N/A
157268,10-Jul-14,Minnesota,Rochester,2800 Knollwood Drive Southeast,0,0,0,0,0,N/A
156391,9-Jul-14,Minnesota,Minneapolis,35th and Fremont,0,3,0,0,0,N/A
157224,8-Jul-14,Minnesota,Saint Cloud,22nd Avenue and Division Street,0,1,0,0,0,N/A
156306,6-Jul-14,Minnesota,Saint Cloud,1100 block of Seventh Street ,0,0,0,0,0,N/A
154757,5-Jul-14,Minnesota,Minneapolis,2600 North 3rd Street,1,1,0,0,0,N/A
154753,5-Jul-14,Minnesota,Minneapolis,4600 block of Lyndale Avenue North,0,1,0,0,0,N/A
154751,5-Jul-14,Minnesota,Minneapolis,3400 Dupont Avenue North. ,1,2,0,0,0,N/A
160886,3-Jul-14,Minnesota,Detroit Lakes,Co Rd 131,1,0,0,0,0,N/A
160772,3-Jul-14,Minnesota,Marshall,1309 E College Drive,0,0,0,0,0,N/A
153442,1-Jul-14,Minnesota,Minneapolis,North 42nd Avenue and Webber Parkway,0,2,0,0,0,N/A
156033,30-Jun-14,Minnesota,New Ulm,101 S Front St,1,0,0,0,0,N/A
151873,28-Jun-14,Minnesota,Roseville,2900 block of Centre Point Drive,0,0,0,0,0,N/A
151005,25-Jun-14,Minnesota,Saint Paul,Arcade Street and Case Avenue,1,0,0,0,0,N/A
150505,24-Jun-14,Minnesota,Saint Paul,1610 Albemarle Street,0,1,0,0,0,N/A
154469,23-Jun-14,Minnesota,Saint Paul,600 block of Cook Ave,0,1,0,1,0,N/A
151008,23-Jun-14,Minnesota,Minneapolis,3300 block of Penn Avenue N,1,0,0,0,0,N/A
153861,22-Jun-14,Minnesota,Saint Paul (Maplewood),English St and Larpenteur Ave E,0,0,0,0,0,N/A
149715,22-Jun-14,Minnesota,Hastings,1200 Eddy Street,1,0,0,0,0,N/A
150081,21-Jun-14,Minnesota,Minneapolis,4900 Camden Avenue North,1,0,0,0,0,N/A
149218,21-Jun-14,Minnesota,Woodbury,783 Radio Drive,1,0,1,0,0,N/A
148674,20-Jun-14,Minnesota,Redby,Indian Service Road 40,0,0,0,0,0,N/A
152528,20-Jun-14,Minnesota,Rochester,1201 12th Street,0,0,0,0,0,N/A
148330,17-Jun-14,Minnesota,Minneapolis,3800 Emerson Avenue North,0,2,0,0,0,N/A
208578,15-Jun-14,Minnesota,Red Lake Falls,N/A,0,0,0,0,0,N/A
147149,15-Jun-14,Minnesota,Minneapolis,2700 Girard Avenue North,1,1,0,0,0,N/A
155767,14-Jun-14,Minnesota,Brooklyn Park,7500 University Avenue Northeast,0,0,0,0,0,N/A
147193,14-Jun-14,Minnesota,Rochester,310 S. Broadway,0,0,0,0,0,N/A
145577,12-Jun-14,Minnesota,Saint Paul,1500 East Rose Avenue ,0,0,0,0,0,N/A
144588,10-Jun-14,Minnesota,Minneapolis,26th Street and 11th Avenue S,0,1,0,0,0,N/A
144586,10-Jun-14,Minnesota,Saint Paul,Western Avenue North and Lawson Avenue,0,2,0,0,0,N/A
144495,9-Jun-14,Minnesota,Minneapolis,1700 block of 37th Ave NE,0,1,0,0,1,N/A
143472,6-Jun-14,Minnesota,Albert Lea,525 Triangle Drive,0,0,0,0,0,N/A
145359,6-Jun-14,Minnesota,Rochester,1513 12th St. S.E,0,1,0,0,0,N/A
143873,5-Jun-14,Minnesota,Minneapolis (Columbia Heights),4100 block of Jefferson Street NE,0,0,0,0,2,N/A
142065,1-Jun-14,Minnesota,Minneapolis,N Bryant Ave and N Dowling Ave,0,1,0,0,0,N/A
145847,1-Jun-14,Minnesota,Minneapolis,38th Street and Bryant Avenue North,0,1,0,0,0,N/A
141522,1-Jun-14,Minnesota,Minneapolis,1600 Newton Avenue North,1,0,0,0,0,N/A
140756,30-May-14,Minnesota,Minneapolis, 23rd Ave. N and 3rd Street,0,1,0,0,0,N/A
142063,25-May-14,Minnesota,Rosemount,14000 Daytona Way,0,0,0,0,0,N/A
140776,23-May-14,Minnesota,Young America,Sunset Rd and 102nd St,0,0,0,0,1,N/A
137952,23-May-14,Minnesota,Saint Cloud,County Road 75,1,0,0,0,0,N/A
137817,22-May-14,Minnesota,Minneapolis,East Lake Street and 13th Avenue,0,0,0,0,0,N/A
142878,21-May-14,Minnesota,Saint Paul,892 Arcade St,0,1,0,0,0,N/A
140191,21-May-14,Minnesota,Rochester,1300 Ninth Avenue Southeast,0,0,0,0,0,N/A
141141,19-May-14,Minnesota,Saint Francis,St. Francis Boulevard,0,0,0,0,0,N/A
136607,17-May-14,Minnesota,Minneapolis,15th Street and LaSalle Avenue,0,1,0,0,0,N/A
135519,16-May-14,Minnesota,Minneapolis,1600 26th Ave. N,0,1,0,0,0,N/A
137949,12-May-14,Minnesota,Rochester,2200 Park Lane Southeast,0,0,0,0,0,N/A
180211,9-May-14,Minnesota,Wilkin (county),N/A,1,0,0,0,0,N/A
133649,8-May-14,Minnesota,Hibbing,2900 Seventh Avenue East,0,0,0,0,0,N/A
132997,8-May-14,Minnesota,Mankato,W. Lind and Range ,0,0,0,0,0,N/A
132476,6-May-14,Minnesota,Benson,1800 W. Nevada Ave,0,0,0,0,0,N/A
132474,5-May-14,Minnesota,New Brighton,2500 Knollwood Drive,1,1,0,0,0,N/A
132182,5-May-14,Minnesota,Saint Francis,3800 232nd Avenue ,0,0,0,0,0,N/A
131746,2-May-14,Minnesota,Worthington,965 McMillan St,1,0,1,0,0,N/A
131403,2-May-14,Minnesota,Maplewood,2025 County Road D,0,1,0,0,0,N/A
131401,2-May-14,Minnesota,Minneapolis,6th and Cedar,0,1,0,0,0,N/A
131007,1-May-14,Minnesota,Rochester,200 block of 11 1/2 Street Southeast,0,0,0,0,0,N/A
131393,1-May-14,Minnesota,Minneapolis,Riverside Avenue and 20th Avenue South,0,0,0,0,0,N/A
131005,1-May-14,Minnesota,Minneapolis,Chicago and 8th St,0,1,0,0,0,N/A
193516,30-Apr-14,Minnesota,Minneapolis,8th Street and Park Avenue,0,1,0,0,0,N/A
130162,28-Apr-14,Minnesota,New Hope,5700 Quebec Avenue,0,1,0,0,0,N/A
129637,27-Apr-14,Minnesota,Minneapolis,2300 Aldrich Avenue North,0,1,0,0,0,N/A
130062,27-Apr-14,Minnesota,Rochester,200 15th Avenue Southeast,0,0,0,0,0,N/A
129150,25-Apr-14,Minnesota,Saint Paul,7th Street and Robert Street North,0,2,0,0,0,N/A
129128,25-Apr-14,Minnesota,Duluth,2701 W. Superior St,0,0,0,0,0,N/A
128403,24-Apr-14,Minnesota,Minneapolis,1100 James Avenue North,1,0,0,0,0,N/A
131396,23-Apr-14,Minnesota,Eagan,Lexington Avenue,0,0,0,0,0,N/A
130835,20-Apr-14,Minnesota,Mankato,200 Chestnut St,1,3,0,0,0,N/A
127022,20-Apr-14,Minnesota,Mankato,200 E. Chestnut St,1,3,0,0,0,N/A
127502,19-Apr-14,Minnesota,Minneapolis,2800 James Avenue North,0,1,0,0,0,N/A
127512,18-Apr-14,Minnesota,Rochester,37 Woodlake Drive SE,0,0,0,0,0,N/A
127496,18-Apr-14,Minnesota,Fifty Lakes,N/A,0,1,0,0,0,N/A
158140,17-Apr-14,Minnesota,Bemidji,2000 block of Division St W,0,0,0,0,0,N/A
126181,16-Apr-14,Minnesota,Saint Paul,White Bear Avenue and East Ross Ave,1,0,0,0,0,N/A
127002,15-Apr-14,Minnesota,Perley,County Rd 39 and County Rd 12,0,1,0,0,1,N/A
126187,15-Apr-14,Minnesota,Saint Paul,300 Fuller Avenue,0,1,0,0,0,N/A
125204,14-Apr-14,Minnesota,Minneapolis,Penn Avenue North and Golden Valley Road,0,0,0,0,0,N/A
125562,13-Apr-14,Minnesota,Rochester,2000 41st Street Northwest,0,0,0,0,0,N/A
124392,12-Apr-14,Minnesota,Minneapolis,5th Street and 3rd Avenue North,0,2,0,0,0,N/A
124395,11-Apr-14,Minnesota,Minneapolis,3000 29th Avenue South,2,0,0,0,0,N/A
124030,10-Apr-14,Minnesota,Duluth,300 North 21st Avenue West,0,0,0,0,0,N/A
124427,8-Apr-14,Minnesota,Waconia,10585 Elm Creek Rd,1,0,1,0,0,N/A
169884,8-Apr-14,Minnesota,Minneapolis,W. Lake Street ,0,2,0,0,0,N/A
122667,7-Apr-14,Minnesota,Virginia,509 Chestnut Street,0,0,0,0,0,N/A
122829,6-Apr-14,Minnesota,Saint Paul,900 Central Avenue West,0,1,0,0,0,N/A
121829,4-Apr-14,Minnesota,Minneapolis,3500 5th Avenue South,0,0,0,0,0,N/A
121831,3-Apr-14,Minnesota,Winona,200 block of Center Street,0,0,0,0,0,N/A
121413,3-Apr-14,Minnesota,Fridley,5667 University Ave,0,0,0,0,0,N/A
169897,1-Apr-14,Minnesota,Minneapolis,Lake Street,0,1,0,0,0,N/A
120795,31-Mar-14,Minnesota,Austin,800 Ninth Avenue Southwest,0,1,0,0,0,N/A
120216,30-Mar-14,Minnesota,Minneapolis,35th and Girard Ave. North,0,2,0,0,0,N/A
119965,29-Mar-14,Minnesota,Rochester,900 North Broadway,0,0,0,0,0,N/A
169886,29-Mar-14,Minnesota,Minneapolis,Chicago Avenue S.,0,1,0,0,0,N/A
119975,29-Mar-14,Minnesota,Saint Cloud,502 W St Germain St,0,1,0,0,0,N/A
120203,28-Mar-14,Minnesota,Minneapolis,38th St and Elliot Ave S,0,1,0,0,0,N/A
119388,28-Mar-14,Minnesota,Minneapolis,400 Cedar Ave,0,1,0,0,0,N/A
121415,25-Mar-14,Minnesota,Saint Cloud,Co Rd 75,1,0,0,0,2,N/A
119386,25-Mar-14,Minnesota,Rochester,3450 East Circle Drive N.E.,0,0,0,0,0,N/A
119380,24-Mar-14,Minnesota,Bemidji,2000 block of Roosevelt Rd SE,0,0,0,0,0,N/A
118574,24-Mar-14,Minnesota,Grand Rapids,800 NW Conifer Dr,0,0,0,0,1,N/A
118092,24-Mar-14,Minnesota,Maplewood,1860 County Road B,1,0,0,0,0,N/A
117701,23-Mar-14,Minnesota,Detroit Lakes,County Road 37 at Shell Lake,0,0,0,0,0,N/A
117707,23-Mar-14,Minnesota,Minneapolis,2nd Avenue near 5th St,0,2,0,0,0,N/A
117003,21-Mar-14,Minnesota,Minneapolis,4800 39th Ave. N,0,0,0,0,0,N/A
117490,21-Mar-14,Minnesota,Saint Paul,600 block of Maryland Ave. E.,0,1,0,0,0,N/A
180367,20-Mar-14,Minnesota,Brainerd,200 block of South 10th Street,0,1,0,0,0,N/A
115371,16-Mar-14,Minnesota,Minneapolis,700 Sheridan Ave. N.,0,1,0,0,0,N/A
114769,14-Mar-14,Minnesota,Saint Paul,Bush Avenue and Atlantic St,0,1,0,0,0,N/A
114737,13-Mar-14,Minnesota,Sartell,1733 Pinecone Rd S,1,0,0,0,0,N/A
113592,8-Mar-14,Minnesota,Winona,N/A,1,0,0,0,1,N/A
114517,8-Mar-14,Minnesota,Red Lake,N/A,1,0,0,0,1,N/A
113233,8-Mar-14,Minnesota,Minneapolis,1800 block of Hillside Avenue,1,0,0,0,0,N/A
113226,8-Mar-14,Minnesota,Minneapolis,2700 Longfellow Avenue S,1,0,0,0,0,N/A
113025,8-Mar-14,Minnesota,Saint Paul,258 7th St W,0,1,0,0,0,N/A
209984,24-Feb-14,Minnesota,Hinckley,43000 block of Alma Razor Rd,0,0,0,0,1,N/A
109849,24-Feb-14,Minnesota,Alexandria,3140 50th Street SE,0,1,2,0,0,N/A
109439,23-Feb-14,Minnesota,Minneapolis,3400 block of Snelling Avenue S,1,0,0,0,1,N/A
109926,23-Feb-14,Minnesota,Saint Paul,N/A,0,0,0,0,0,N/A
109105,22-Feb-14,Minnesota,Appleton,200th Ave SW and 70th St SW,0,0,0,1,0,N/A
109856,22-Feb-14,Minnesota,Saint Paul,2416 11th Ave,0,0,0,0,0,N/A
109852,22-Feb-14,Minnesota,Maplewood,White Bear Avenue and County Road D,0,0,0,0,0,N/A
110462,21-Feb-14,Minnesota,Jordan,300 Valley Green Park,0,1,0,0,0,N/A
108394,20-Feb-14,Minnesota,Minneapolis,2000 block of North Hillside Av,1,0,0,0,0,N/A
108321,19-Feb-14,Minnesota,Minneapolis,Lowry Avenue North and Logan Avenue North,0,1,0,0,0,N/A
213286,10-Feb-14,Minnesota,Minneapolis,913 East Franklin Avenue,0,0,0,0,0,N/A
105208,9-Feb-14,Minnesota,Saint Paul (North Saint Paul),2345 11th Ave,0,1,0,0,1,N/A
104835,7-Feb-14,Minnesota,Chaska,US 212 and Audubon Rd,0,0,2,0,0,N/A
111484,2-Feb-14,Minnesota,Anoka,Harrison Street,0,1,0,0,0,N/A
102478,31-Jan-14,Minnesota,Minneapolis,3739 Aldrich Avenue N,1,0,0,0,1,N/A
100608,26-Jan-14,Minnesota,Minneapolis (Brooklyn Park),7324 Lakeland Ave N,0,0,0,1,0,N/A
100632,26-Jan-14,Minnesota,Saint Paul, 500 block of Van Buren Ave,1,0,0,0,0,N/A
100453,25-Jan-14,Minnesota,Minneapolis,2nd Avenue N/2nd Street N,0,2,0,0,0,N/A
101460,23-Jan-14,Minnesota,Minneapolis,4400 block of 1st Avenue S.,1,0,0,0,0,N/A
106299,19-Jan-14,Minnesota,Saint Cloud,4300 block of Clearwater Rd,0,1,0,0,0,N/A
98188,19-Jan-14,Minnesota,Minneapolis,Emerson Avenue N. and W. Broadway,0,3,0,0,0,N/A
97847,18-Jan-14,Minnesota,Minneapolis,1300 block of Dowling Avenue North,0,1,0,0,0,N/A
97851,18-Jan-14,Minnesota,Minneapolis,1300 block of Humboldt Ave. N,0,1,0,0,0,N/A
96845,15-Jan-14,Minnesota,Minneapolis,16th Avenue and Marshall Street,0,0,0,1,0,N/A
99362,14-Jan-14,Minnesota,Mankato,205 Briargate Road,0,0,0,0,0,N/A
95995,13-Jan-14,Minnesota,Minneapolis,700 block of 21st Avenue North ,0,1,0,0,0,N/A
95096,11-Jan-14,Minnesota,Minneapolis,700 block of 21st Avenue North,0,1,0,0,0,N/A
114232,9-Jan-14,Minnesota,Minneapolis,800 LaSalle Ave,1,0,0,0,0,N/A
93785,6-Jan-14,Minnesota,Montgomery,10600 block of Le Sueur Ave,1,0,0,0,0,N/A
93488,6-Jan-14,Minnesota,Pine Island,6900 block of 100th St NW,2,0,0,0,0,N/A
92929,3-Jan-14,Minnesota,Saint Paul,Maryland and White Bear Ave,1,0,0,1,0,N/A